;filename;components;SMILES;CAS;InChI;Temperature, K;Pressure, kPa;Speed of sound, m/s;Speed of sound, m/s_std
41468;j.jct.2005.06.011;1-butanol;CCCCO;107569-51-7;InChIKey=LRHPLDYGYMQRHN-UHFFFAOYSA-N;298.15;101.0;1268.0;2.0
41498;j.jct.2005.06.011;ethanol;CCO;121182-78-3;InChIKey=LFQSCWFLJHTTHZ-UHFFFAOYSA-N;298.15;101.0;1161.0;2.0
55403;j.jct.2005.10.009;heptane;CCCCCCC;142-82-5;InChIKey=IMNFDUFMRHMDMM-UHFFFAOYSA-N;293.13;101.325;1151.92;0.5
55404;j.jct.2005.10.009;heptane;CCCCCCC;142-82-5;InChIKey=IMNFDUFMRHMDMM-UHFFFAOYSA-N;298.12;101.325;1130.26;0.5
55405;j.jct.2005.10.009;heptane;CCCCCCC;142-82-5;InChIKey=IMNFDUFMRHMDMM-UHFFFAOYSA-N;303.1;101.325;1108.78;0.5
55406;j.jct.2005.10.009;heptane;CCCCCCC;142-82-5;InChIKey=IMNFDUFMRHMDMM-UHFFFAOYSA-N;308.07;101.325;1087.47;0.5
55407;j.jct.2005.10.009;heptane;CCCCCCC;142-82-5;InChIKey=IMNFDUFMRHMDMM-UHFFFAOYSA-N;313.03;101.325;1066.28;0.5
55408;j.jct.2005.10.009;heptane;CCCCCCC;142-82-5;InChIKey=IMNFDUFMRHMDMM-UHFFFAOYSA-N;318.33;101.325;1043.9;0.5
63772;j.jct.2006.03.010;ethanol;CCO;121182-78-3;InChIKey=LFQSCWFLJHTTHZ-UHFFFAOYSA-N;298.15;101.0;1144.0;1.144
63773;j.jct.2006.03.010;ethanol;CCO;121182-78-3;InChIKey=LFQSCWFLJHTTHZ-UHFFFAOYSA-N;308.15;101.0;1111.0;1.111
63784;j.jct.2006.03.010;1-butanol;CCCCO;107569-51-7;InChIKey=LRHPLDYGYMQRHN-UHFFFAOYSA-N;298.15;101.0;1235.0;1.235
63785;j.jct.2006.03.010;1-butanol;CCCCO;107569-51-7;InChIKey=LRHPLDYGYMQRHN-UHFFFAOYSA-N;308.15;101.0;1210.0;1.21
64879;j.jct.2006.03.018;ethanol;CCO;121182-78-3;InChIKey=LFQSCWFLJHTTHZ-UHFFFAOYSA-N;298.15;101.0;1161.0;2.0
64909;j.jct.2006.03.018;1-butanol;CCCCO;107569-51-7;InChIKey=LRHPLDYGYMQRHN-UHFFFAOYSA-N;298.15;101.0;1246.0;2.0
73803;j.jct.2006.06.008;1-butanol;CCCCO;107569-51-7;InChIKey=LRHPLDYGYMQRHN-UHFFFAOYSA-N;293.15;101.0;1257.0;0.1
73804;j.jct.2006.06.008;1-butanol;CCCCO;107569-51-7;InChIKey=LRHPLDYGYMQRHN-UHFFFAOYSA-N;298.15;101.0;1240.0;0.1
73805;j.jct.2006.06.008;1-butanol;CCCCO;107569-51-7;InChIKey=LRHPLDYGYMQRHN-UHFFFAOYSA-N;303.15;101.0;1224.0;0.1
73812;j.jct.2006.06.008;ethanol;CCO;121182-78-3;InChIKey=LFQSCWFLJHTTHZ-UHFFFAOYSA-N;293.15;101.0;1162.0;0.1
73813;j.jct.2006.06.008;ethanol;CCO;121182-78-3;InChIKey=LFQSCWFLJHTTHZ-UHFFFAOYSA-N;298.15;101.0;1145.0;0.1
73814;j.jct.2006.06.008;ethanol;CCO;121182-78-3;InChIKey=LFQSCWFLJHTTHZ-UHFFFAOYSA-N;303.15;101.0;1128.0;0.1
79689;j.jct.2006.08.003;water;O;14314-42-2;InChIKey=XLYOFNOQVPJJNP-UHFFFAOYSA-N;298.15;101.0;1496.74;0.5
79690;j.jct.2006.08.003;water;O;14314-42-2;InChIKey=XLYOFNOQVPJJNP-UHFFFAOYSA-N;298.15;101.0;1571.73;0.5
91610;j.jct.2006.10.017;ethanol;CCO;121182-78-3;InChIKey=LFQSCWFLJHTTHZ-UHFFFAOYSA-N;293.15;101.0;1160.0;1.0
91611;j.jct.2006.10.017;ethanol;CCO;121182-78-3;InChIKey=LFQSCWFLJHTTHZ-UHFFFAOYSA-N;298.15;101.0;1143.0;1.0
91612;j.jct.2006.10.017;ethanol;CCO;121182-78-3;InChIKey=LFQSCWFLJHTTHZ-UHFFFAOYSA-N;303.15;101.0;1127.0;1.0
99998;j.jct.2007.02.002;methyl tert-butyl ether;COC(C)(C)C;1634-04-4;InChIKey=BZLVMXJERCGZMT-UHFFFAOYSA-N;288.15;101.325;1082.4;0.0
99999;j.jct.2007.02.002;methyl tert-butyl ether;COC(C)(C)C;1634-04-4;InChIKey=BZLVMXJERCGZMT-UHFFFAOYSA-N;293.15;101.325;1059.4;0.0
100000;j.jct.2007.02.002;methyl tert-butyl ether;COC(C)(C)C;1634-04-4;InChIKey=BZLVMXJERCGZMT-UHFFFAOYSA-N;298.15;101.325;1036.1;0.0
100001;j.jct.2007.02.002;methyl tert-butyl ether;COC(C)(C)C;1634-04-4;InChIKey=BZLVMXJERCGZMT-UHFFFAOYSA-N;303.15;101.325;1013.0;0.0
100002;j.jct.2007.02.002;methyl tert-butyl ether;COC(C)(C)C;1634-04-4;InChIKey=BZLVMXJERCGZMT-UHFFFAOYSA-N;308.15;101.325;990.1;0.0
100008;j.jct.2007.02.002;1-butanol;CCCCO;107569-51-7;InChIKey=LRHPLDYGYMQRHN-UHFFFAOYSA-N;288.15;101.325;1273.7;0.0
100009;j.jct.2007.02.002;1-butanol;CCCCO;107569-51-7;InChIKey=LRHPLDYGYMQRHN-UHFFFAOYSA-N;293.15;101.325;1257.0;0.0
100010;j.jct.2007.02.002;1-butanol;CCCCO;107569-51-7;InChIKey=LRHPLDYGYMQRHN-UHFFFAOYSA-N;298.15;101.325;1239.8;0.0
100011;j.jct.2007.02.002;1-butanol;CCCCO;107569-51-7;InChIKey=LRHPLDYGYMQRHN-UHFFFAOYSA-N;303.15;101.325;1222.7;0.0
100012;j.jct.2007.02.002;1-butanol;CCCCO;107569-51-7;InChIKey=LRHPLDYGYMQRHN-UHFFFAOYSA-N;308.15;101.325;1205.9;0.0
101008;j.jct.2007.02.008;ethanol;CCO;121182-78-3;InChIKey=LFQSCWFLJHTTHZ-UHFFFAOYSA-N;293.15;101.0;1160.0;0.0
101009;j.jct.2007.02.008;ethanol;CCO;121182-78-3;InChIKey=LFQSCWFLJHTTHZ-UHFFFAOYSA-N;298.15;101.0;1143.0;0.0
101010;j.jct.2007.02.008;ethanol;CCO;121182-78-3;InChIKey=LFQSCWFLJHTTHZ-UHFFFAOYSA-N;303.15;101.0;1127.0;0.0
101062;j.jct.2007.02.008;heptane;CCCCCCC;142-82-5;InChIKey=IMNFDUFMRHMDMM-UHFFFAOYSA-N;293.15;101.0;1153.0;0.0
101063;j.jct.2007.02.008;heptane;CCCCCCC;142-82-5;InChIKey=IMNFDUFMRHMDMM-UHFFFAOYSA-N;298.15;101.0;1131.0;0.0
101064;j.jct.2007.02.008;heptane;CCCCCCC;142-82-5;InChIKey=IMNFDUFMRHMDMM-UHFFFAOYSA-N;303.15;101.0;1110.0;0.0
105512;j.jct.2007.04.006;ethanol;CCO;121182-78-3;InChIKey=LFQSCWFLJHTTHZ-UHFFFAOYSA-N;298.15;101.325;1143.39;0.5
107067;j.jct.2007.05.005;2,2,4-trimethylpentane;CC(C)CC(C)(C)C;31921-36-5;InChIKey=NHTMVDHEPJAVLT-UHFFFAOYSA-N;288.15;101.3;1124.31;1.0
107068;j.jct.2007.05.005;2,2,4-trimethylpentane;CC(C)CC(C)(C)C;31921-36-5;InChIKey=NHTMVDHEPJAVLT-UHFFFAOYSA-N;298.15;101.3;1082.2;1.0
107069;j.jct.2007.05.005;2,2,4-trimethylpentane;CC(C)CC(C)(C)C;31921-36-5;InChIKey=NHTMVDHEPJAVLT-UHFFFAOYSA-N;323.15;101.3;979.25;1.0
107091;j.jct.2007.05.005;2-methyl-2-propanol;CC(C)(C)O;75-65-0;InChIKey=DKGAVHZHDRPRBM-UHFFFAOYSA-N;303.15;101.3;1098.21;1.0
107092;j.jct.2007.05.005;2-methyl-2-propanol;CC(C)(C)O;75-65-0;InChIKey=DKGAVHZHDRPRBM-UHFFFAOYSA-N;313.15;101.3;1055.36;1.0
107093;j.jct.2007.05.005;2-methyl-2-propanol;CC(C)(C)O;75-65-0;InChIKey=DKGAVHZHDRPRBM-UHFFFAOYSA-N;323.15;101.3;1013.01;1.0
107097;j.jct.2007.05.005;ethanol;CCO;121182-78-3;InChIKey=LFQSCWFLJHTTHZ-UHFFFAOYSA-N;288.15;101.3;1177.3;1.0
107098;j.jct.2007.05.005;ethanol;CCO;121182-78-3;InChIKey=LFQSCWFLJHTTHZ-UHFFFAOYSA-N;298.15;101.3;1142.4;1.0
107099;j.jct.2007.05.005;ethanol;CCO;121182-78-3;InChIKey=LFQSCWFLJHTTHZ-UHFFFAOYSA-N;323.15;101.3;1059.32;1.0
111548;j.jct.2007.05.016;1-butanol;CCCCO;107569-51-7;InChIKey=LRHPLDYGYMQRHN-UHFFFAOYSA-N;298.15;101.0;1240.5;7.41216
111549;j.jct.2007.05.016;1-butanol;CCCCO;107569-51-7;InChIKey=LRHPLDYGYMQRHN-UHFFFAOYSA-N;303.15;101.0;1226.5;7.41216
111550;j.jct.2007.05.016;1-butanol;CCCCO;107569-51-7;InChIKey=LRHPLDYGYMQRHN-UHFFFAOYSA-N;308.15;101.0;1209.8;7.41216
111551;j.jct.2007.05.016;1-butanol;CCCCO;107569-51-7;InChIKey=LRHPLDYGYMQRHN-UHFFFAOYSA-N;298.15;101.0;1240.4;7.41216
139153;j.jct.2008.05.014;heptane;CCCCCCC;142-82-5;InChIKey=IMNFDUFMRHMDMM-UHFFFAOYSA-N;292.83;101.0;1153.15;0.5
139154;j.jct.2008.05.014;heptane;CCCCCCC;142-82-5;InChIKey=IMNFDUFMRHMDMM-UHFFFAOYSA-N;298.12;101.0;1130.11;0.5
139155;j.jct.2008.05.014;heptane;CCCCCCC;142-82-5;InChIKey=IMNFDUFMRHMDMM-UHFFFAOYSA-N;303.1;101.0;1108.55;0.5
139156;j.jct.2008.05.014;heptane;CCCCCCC;142-82-5;InChIKey=IMNFDUFMRHMDMM-UHFFFAOYSA-N;308.08;101.0;1086.97;0.5
139157;j.jct.2008.05.014;heptane;CCCCCCC;142-82-5;InChIKey=IMNFDUFMRHMDMM-UHFFFAOYSA-N;313.06;101.0;1065.59;0.5
139158;j.jct.2008.05.014;heptane;CCCCCCC;142-82-5;InChIKey=IMNFDUFMRHMDMM-UHFFFAOYSA-N;318.35;101.0;1043.05;0.5
139159;j.jct.2008.05.014;heptane;CCCCCCC;142-82-5;InChIKey=IMNFDUFMRHMDMM-UHFFFAOYSA-N;292.89;15200.0;1257.03;0.5
139160;j.jct.2008.05.014;heptane;CCCCCCC;142-82-5;InChIKey=IMNFDUFMRHMDMM-UHFFFAOYSA-N;292.89;30390.0;1342.44;0.5
139161;j.jct.2008.05.014;heptane;CCCCCCC;142-82-5;InChIKey=IMNFDUFMRHMDMM-UHFFFAOYSA-N;292.88;45590.0;1417.74;0.5
139162;j.jct.2008.05.014;heptane;CCCCCCC;142-82-5;InChIKey=IMNFDUFMRHMDMM-UHFFFAOYSA-N;292.88;60790.0;1485.51;0.5
139163;j.jct.2008.05.014;heptane;CCCCCCC;142-82-5;InChIKey=IMNFDUFMRHMDMM-UHFFFAOYSA-N;292.88;75990.0;1547.22;0.5
139164;j.jct.2008.05.014;heptane;CCCCCCC;142-82-5;InChIKey=IMNFDUFMRHMDMM-UHFFFAOYSA-N;292.88;91180.0;1605.01;0.5
139165;j.jct.2008.05.014;heptane;CCCCCCC;142-82-5;InChIKey=IMNFDUFMRHMDMM-UHFFFAOYSA-N;292.88;101320.0;1641.16;0.5
139166;j.jct.2008.05.014;heptane;CCCCCCC;142-82-5;InChIKey=IMNFDUFMRHMDMM-UHFFFAOYSA-N;298.15;15200.0;1236.71;0.5
139167;j.jct.2008.05.014;heptane;CCCCCCC;142-82-5;InChIKey=IMNFDUFMRHMDMM-UHFFFAOYSA-N;298.15;30390.0;1323.71;0.5
139168;j.jct.2008.05.014;heptane;CCCCCCC;142-82-5;InChIKey=IMNFDUFMRHMDMM-UHFFFAOYSA-N;298.15;45590.0;1400.07;0.5
139169;j.jct.2008.05.014;heptane;CCCCCCC;142-82-5;InChIKey=IMNFDUFMRHMDMM-UHFFFAOYSA-N;298.15;60790.0;1469.06;0.5
139170;j.jct.2008.05.014;heptane;CCCCCCC;142-82-5;InChIKey=IMNFDUFMRHMDMM-UHFFFAOYSA-N;298.16;75990.0;1531.64;0.5
139171;j.jct.2008.05.014;heptane;CCCCCCC;142-82-5;InChIKey=IMNFDUFMRHMDMM-UHFFFAOYSA-N;298.15;91180.0;1589.69;0.5
139172;j.jct.2008.05.014;heptane;CCCCCCC;142-82-5;InChIKey=IMNFDUFMRHMDMM-UHFFFAOYSA-N;298.15;101320.0;1626.37;0.5
139173;j.jct.2008.05.014;heptane;CCCCCCC;142-82-5;InChIKey=IMNFDUFMRHMDMM-UHFFFAOYSA-N;303.15;15200.0;1217.79;0.5
139174;j.jct.2008.05.014;heptane;CCCCCCC;142-82-5;InChIKey=IMNFDUFMRHMDMM-UHFFFAOYSA-N;303.14;30390.0;1306.4;0.5
139175;j.jct.2008.05.014;heptane;CCCCCCC;142-82-5;InChIKey=IMNFDUFMRHMDMM-UHFFFAOYSA-N;303.14;45590.0;1383.71;0.5
139176;j.jct.2008.05.014;heptane;CCCCCCC;142-82-5;InChIKey=IMNFDUFMRHMDMM-UHFFFAOYSA-N;303.13;60790.0;1453.51;0.5
139177;j.jct.2008.05.014;heptane;CCCCCCC;142-82-5;InChIKey=IMNFDUFMRHMDMM-UHFFFAOYSA-N;303.14;75990.0;1517.05;0.5
139178;j.jct.2008.05.014;heptane;CCCCCCC;142-82-5;InChIKey=IMNFDUFMRHMDMM-UHFFFAOYSA-N;303.13;91180.0;1575.64;0.5
139179;j.jct.2008.05.014;heptane;CCCCCCC;142-82-5;InChIKey=IMNFDUFMRHMDMM-UHFFFAOYSA-N;303.13;101320.0;1612.63;0.5
139180;j.jct.2008.05.014;heptane;CCCCCCC;142-82-5;InChIKey=IMNFDUFMRHMDMM-UHFFFAOYSA-N;308.13;15200.0;1199.18;0.5
139181;j.jct.2008.05.014;heptane;CCCCCCC;142-82-5;InChIKey=IMNFDUFMRHMDMM-UHFFFAOYSA-N;308.13;30390.0;1289.35;0.5
139182;j.jct.2008.05.014;heptane;CCCCCCC;142-82-5;InChIKey=IMNFDUFMRHMDMM-UHFFFAOYSA-N;308.12;45590.0;1367.92;0.5
139183;j.jct.2008.05.014;heptane;CCCCCCC;142-82-5;InChIKey=IMNFDUFMRHMDMM-UHFFFAOYSA-N;308.13;60790.0;1438.41;0.5
139184;j.jct.2008.05.014;heptane;CCCCCCC;142-82-5;InChIKey=IMNFDUFMRHMDMM-UHFFFAOYSA-N;308.12;75990.0;1502.72;0.5
139185;j.jct.2008.05.014;heptane;CCCCCCC;142-82-5;InChIKey=IMNFDUFMRHMDMM-UHFFFAOYSA-N;308.12;91180.0;1561.51;0.5
139186;j.jct.2008.05.014;heptane;CCCCCCC;142-82-5;InChIKey=IMNFDUFMRHMDMM-UHFFFAOYSA-N;308.12;101320.0;1599.11;0.5
139187;j.jct.2008.05.014;heptane;CCCCCCC;142-82-5;InChIKey=IMNFDUFMRHMDMM-UHFFFAOYSA-N;313.11;15200.0;1180.69;0.5
139188;j.jct.2008.05.014;heptane;CCCCCCC;142-82-5;InChIKey=IMNFDUFMRHMDMM-UHFFFAOYSA-N;313.1;30390.0;1272.52;0.5
139189;j.jct.2008.05.014;heptane;CCCCCCC;142-82-5;InChIKey=IMNFDUFMRHMDMM-UHFFFAOYSA-N;313.1;45590.0;1352.49;0.5
139190;j.jct.2008.05.014;heptane;CCCCCCC;142-82-5;InChIKey=IMNFDUFMRHMDMM-UHFFFAOYSA-N;313.1;60790.0;1423.83;0.5
139191;j.jct.2008.05.014;heptane;CCCCCCC;142-82-5;InChIKey=IMNFDUFMRHMDMM-UHFFFAOYSA-N;313.1;75990.0;1488.71;0.5
139192;j.jct.2008.05.014;heptane;CCCCCCC;142-82-5;InChIKey=IMNFDUFMRHMDMM-UHFFFAOYSA-N;313.1;91180.0;1548.07;0.5
139193;j.jct.2008.05.014;heptane;CCCCCCC;142-82-5;InChIKey=IMNFDUFMRHMDMM-UHFFFAOYSA-N;313.1;101320.0;1585.66;0.5
139194;j.jct.2008.05.014;heptane;CCCCCCC;142-82-5;InChIKey=IMNFDUFMRHMDMM-UHFFFAOYSA-N;318.28;15200.0;1161.79;0.5
139195;j.jct.2008.05.014;heptane;CCCCCCC;142-82-5;InChIKey=IMNFDUFMRHMDMM-UHFFFAOYSA-N;318.28;30390.0;1255.32;0.5
139196;j.jct.2008.05.014;heptane;CCCCCCC;142-82-5;InChIKey=IMNFDUFMRHMDMM-UHFFFAOYSA-N;318.28;45590.0;1336.49;0.5
139197;j.jct.2008.05.014;heptane;CCCCCCC;142-82-5;InChIKey=IMNFDUFMRHMDMM-UHFFFAOYSA-N;318.28;60790.0;1408.63;0.5
139198;j.jct.2008.05.014;heptane;CCCCCCC;142-82-5;InChIKey=IMNFDUFMRHMDMM-UHFFFAOYSA-N;318.28;75990.0;1474.4;0.5
139199;j.jct.2008.05.014;heptane;CCCCCCC;142-82-5;InChIKey=IMNFDUFMRHMDMM-UHFFFAOYSA-N;318.28;91180.0;1534.29;0.5
139200;j.jct.2008.05.014;heptane;CCCCCCC;142-82-5;InChIKey=IMNFDUFMRHMDMM-UHFFFAOYSA-N;318.28;101320.0;1572.33;0.5
156725;j.jct.2009.01.008;2,2,4-trimethylpentane;CC(C)CC(C)(C)C;31921-36-5;InChIKey=NHTMVDHEPJAVLT-UHFFFAOYSA-N;298.15;101.0;1082.8;0.5
156726;j.jct.2009.01.008;2,2,4-trimethylpentane;CC(C)CC(C)(C)C;31921-36-5;InChIKey=NHTMVDHEPJAVLT-UHFFFAOYSA-N;308.15;101.0;1041.1;0.5
156727;j.jct.2009.01.008;2,2,4-trimethylpentane;CC(C)CC(C)(C)C;31921-36-5;InChIKey=NHTMVDHEPJAVLT-UHFFFAOYSA-N;318.15;101.0;1000.0;0.5
156728;j.jct.2009.01.008;2,2,4-trimethylpentane;CC(C)CC(C)(C)C;31921-36-5;InChIKey=NHTMVDHEPJAVLT-UHFFFAOYSA-N;328.15;101.0;958.4;0.5
156733;j.jct.2009.01.008;methyl tert-butyl ether;COC(C)(C)C;1634-04-4;InChIKey=BZLVMXJERCGZMT-UHFFFAOYSA-N;298.15;101.0;1036.4;0.5
156734;j.jct.2009.01.008;methyl tert-butyl ether;COC(C)(C)C;1634-04-4;InChIKey=BZLVMXJERCGZMT-UHFFFAOYSA-N;308.15;101.0;990.8;0.5
156735;j.jct.2009.01.008;methyl tert-butyl ether;COC(C)(C)C;1634-04-4;InChIKey=BZLVMXJERCGZMT-UHFFFAOYSA-N;318.15;101.0;945.3;0.5
157085;j.jct.2009.01.010;water;O;14314-42-2;InChIKey=XLYOFNOQVPJJNP-UHFFFAOYSA-N;298.15;101.0;1496.6;0.5
162822;j.jct.2009.06.001;heptane;CCCCCCC;142-82-5;InChIKey=IMNFDUFMRHMDMM-UHFFFAOYSA-N;298.15;101.325;1131.42;0.8
172982;j.jct.2009.08.016;ethanol;CCO;121182-78-3;InChIKey=LFQSCWFLJHTTHZ-UHFFFAOYSA-N;298.15;101.325;1144.7;0.2
172983;j.jct.2009.08.016;ethanol;CCO;121182-78-3;InChIKey=LFQSCWFLJHTTHZ-UHFFFAOYSA-N;313.15;101.325;1094.1;0.2
172988;j.jct.2009.08.016;1-butanol;CCCCO;107569-51-7;InChIKey=LRHPLDYGYMQRHN-UHFFFAOYSA-N;298.15;101.325;1239.7;0.2
172989;j.jct.2009.08.016;1-butanol;CCCCO;107569-51-7;InChIKey=LRHPLDYGYMQRHN-UHFFFAOYSA-N;313.15;101.325;1189.8;0.2
190089;j.jct.2010.05.016;ethanol;CCO;121182-78-3;InChIKey=LFQSCWFLJHTTHZ-UHFFFAOYSA-N;298.15;101.0;1141.8;3.4254
190093;j.jct.2010.05.016;1-butanol;CCCCO;107569-51-7;InChIKey=LRHPLDYGYMQRHN-UHFFFAOYSA-N;298.15;101.0;1241.3;3.7239
194430;j.jct.2010.07.014;ethanol;CCO;121182-78-3;InChIKey=LFQSCWFLJHTTHZ-UHFFFAOYSA-N;303.15;101.325;1127.2;0.5
194431;j.jct.2010.07.014;ethanol;CCO;121182-78-3;InChIKey=LFQSCWFLJHTTHZ-UHFFFAOYSA-N;313.15;101.325;1093.64;0.5
194432;j.jct.2010.07.014;ethanol;CCO;121182-78-3;InChIKey=LFQSCWFLJHTTHZ-UHFFFAOYSA-N;323.15;101.325;1060.44;0.5
211864;j.jct.2011.01.005;1-butanol;CCCCO;107569-51-7;InChIKey=LRHPLDYGYMQRHN-UHFFFAOYSA-N;298.15;101.325;1239.0;0.1
213292;j.jct.2011.01.014;water;O;14314-42-2;InChIKey=XLYOFNOQVPJJNP-UHFFFAOYSA-N;323.15;101.0;1542.13;0.5
213293;j.jct.2011.01.014;water;O;14314-42-2;InChIKey=XLYOFNOQVPJJNP-UHFFFAOYSA-N;320.65;101.0;1539.6;0.5
213294;j.jct.2011.01.014;water;O;14314-42-2;InChIKey=XLYOFNOQVPJJNP-UHFFFAOYSA-N;318.15;101.0;1536.62;0.5
213295;j.jct.2011.01.014;water;O;14314-42-2;InChIKey=XLYOFNOQVPJJNP-UHFFFAOYSA-N;315.65;101.0;1533.2;0.5
213296;j.jct.2011.01.014;water;O;14314-42-2;InChIKey=XLYOFNOQVPJJNP-UHFFFAOYSA-N;313.15;101.0;1529.34;0.5
213297;j.jct.2011.01.014;water;O;14314-42-2;InChIKey=XLYOFNOQVPJJNP-UHFFFAOYSA-N;310.65;101.0;1525.04;0.5
213298;j.jct.2011.01.014;water;O;14314-42-2;InChIKey=XLYOFNOQVPJJNP-UHFFFAOYSA-N;308.15;101.0;1520.3;0.5
213299;j.jct.2011.01.014;water;O;14314-42-2;InChIKey=XLYOFNOQVPJJNP-UHFFFAOYSA-N;305.65;101.0;1515.11;0.5
213300;j.jct.2011.01.014;water;O;14314-42-2;InChIKey=XLYOFNOQVPJJNP-UHFFFAOYSA-N;303.15;101.0;1509.48;0.5
213301;j.jct.2011.01.014;water;O;14314-42-2;InChIKey=XLYOFNOQVPJJNP-UHFFFAOYSA-N;300.65;101.0;1503.41;0.5
213302;j.jct.2011.01.014;water;O;14314-42-2;InChIKey=XLYOFNOQVPJJNP-UHFFFAOYSA-N;298.15;101.0;1496.89;0.5
213303;j.jct.2011.01.014;water;O;14314-42-2;InChIKey=XLYOFNOQVPJJNP-UHFFFAOYSA-N;295.65;101.0;1489.93;0.5
213304;j.jct.2011.01.014;water;O;14314-42-2;InChIKey=XLYOFNOQVPJJNP-UHFFFAOYSA-N;293.15;101.0;1482.53;0.5
213305;j.jct.2011.01.014;water;O;14314-42-2;InChIKey=XLYOFNOQVPJJNP-UHFFFAOYSA-N;290.65;101.0;1474.69;0.5
213306;j.jct.2011.01.014;water;O;14314-42-2;InChIKey=XLYOFNOQVPJJNP-UHFFFAOYSA-N;288.15;101.0;1466.4;0.5
213352;j.jct.2011.01.014;ethanol;CCO;121182-78-3;InChIKey=LFQSCWFLJHTTHZ-UHFFFAOYSA-N;323.15;101.0;1059.58;0.5
213353;j.jct.2011.01.014;ethanol;CCO;121182-78-3;InChIKey=LFQSCWFLJHTTHZ-UHFFFAOYSA-N;320.65;101.0;1067.9;0.5
213354;j.jct.2011.01.014;ethanol;CCO;121182-78-3;InChIKey=LFQSCWFLJHTTHZ-UHFFFAOYSA-N;318.15;101.0;1076.22;0.5
213355;j.jct.2011.01.014;ethanol;CCO;121182-78-3;InChIKey=LFQSCWFLJHTTHZ-UHFFFAOYSA-N;315.65;101.0;1084.53;0.5
213356;j.jct.2011.01.014;ethanol;CCO;121182-78-3;InChIKey=LFQSCWFLJHTTHZ-UHFFFAOYSA-N;313.15;101.0;1092.85;0.5
213357;j.jct.2011.01.014;ethanol;CCO;121182-78-3;InChIKey=LFQSCWFLJHTTHZ-UHFFFAOYSA-N;310.65;101.0;1101.24;0.5
213358;j.jct.2011.01.014;ethanol;CCO;121182-78-3;InChIKey=LFQSCWFLJHTTHZ-UHFFFAOYSA-N;308.15;101.0;1109.66;0.5
213359;j.jct.2011.01.014;ethanol;CCO;121182-78-3;InChIKey=LFQSCWFLJHTTHZ-UHFFFAOYSA-N;305.65;101.0;1118.06;0.5
213360;j.jct.2011.01.014;ethanol;CCO;121182-78-3;InChIKey=LFQSCWFLJHTTHZ-UHFFFAOYSA-N;303.15;101.0;1126.5;0.5
213361;j.jct.2011.01.014;ethanol;CCO;121182-78-3;InChIKey=LFQSCWFLJHTTHZ-UHFFFAOYSA-N;300.65;101.0;1134.98;0.5
213362;j.jct.2011.01.014;ethanol;CCO;121182-78-3;InChIKey=LFQSCWFLJHTTHZ-UHFFFAOYSA-N;298.15;101.0;1143.5;0.5
213363;j.jct.2011.01.014;ethanol;CCO;121182-78-3;InChIKey=LFQSCWFLJHTTHZ-UHFFFAOYSA-N;295.65;101.0;1152.03;0.5
213364;j.jct.2011.01.014;ethanol;CCO;121182-78-3;InChIKey=LFQSCWFLJHTTHZ-UHFFFAOYSA-N;293.15;101.0;1160.63;0.5
213365;j.jct.2011.01.014;ethanol;CCO;121182-78-3;InChIKey=LFQSCWFLJHTTHZ-UHFFFAOYSA-N;290.65;101.0;1169.17;0.5
213366;j.jct.2011.01.014;ethanol;CCO;121182-78-3;InChIKey=LFQSCWFLJHTTHZ-UHFFFAOYSA-N;288.15;101.0;1177.84;0.5
239417;j.jct.2011.08.028;ethanol;CCO;121182-78-3;InChIKey=LFQSCWFLJHTTHZ-UHFFFAOYSA-N;298.15;101.0;1144.0;1.0
240693;j.jct.2011.09.008;water;O;14314-42-2;InChIKey=XLYOFNOQVPJJNP-UHFFFAOYSA-N;283.15;101.0;1447.31;0.5
240694;j.jct.2011.09.008;water;O;14314-42-2;InChIKey=XLYOFNOQVPJJNP-UHFFFAOYSA-N;288.15;101.0;1465.93;0.5
240695;j.jct.2011.09.008;water;O;14314-42-2;InChIKey=XLYOFNOQVPJJNP-UHFFFAOYSA-N;293.15;101.0;1482.34;0.5
240696;j.jct.2011.09.008;water;O;14314-42-2;InChIKey=XLYOFNOQVPJJNP-UHFFFAOYSA-N;298.15;101.0;1496.7;0.5
240697;j.jct.2011.09.008;water;O;14314-42-2;InChIKey=XLYOFNOQVPJJNP-UHFFFAOYSA-N;303.15;101.0;1509.13;0.5
260086;j.jct.2012.02.007;1-butanol;CCCCO;107569-51-7;InChIKey=LRHPLDYGYMQRHN-UHFFFAOYSA-N;293.15;101.325;1256.7;0.3
260087;j.jct.2012.02.007;1-butanol;CCCCO;107569-51-7;InChIKey=LRHPLDYGYMQRHN-UHFFFAOYSA-N;308.15;101.325;1206.5;0.3
260088;j.jct.2012.02.007;1-butanol;CCCCO;107569-51-7;InChIKey=LRHPLDYGYMQRHN-UHFFFAOYSA-N;323.15;101.325;1156.9;0.3
263125;j.jct.2012.02.023;ethanol;CCO;121182-78-3;InChIKey=LFQSCWFLJHTTHZ-UHFFFAOYSA-N;293.15;101.325;1160.07;0.5
263126;j.jct.2012.02.023;ethanol;CCO;121182-78-3;InChIKey=LFQSCWFLJHTTHZ-UHFFFAOYSA-N;303.15;101.325;1127.2;0.5
263127;j.jct.2012.02.023;ethanol;CCO;121182-78-3;InChIKey=LFQSCWFLJHTTHZ-UHFFFAOYSA-N;313.15;101.325;1093.64;0.5
263128;j.jct.2012.02.023;ethanol;CCO;121182-78-3;InChIKey=LFQSCWFLJHTTHZ-UHFFFAOYSA-N;323.15;101.325;1060.44;0.5
269911;j.jct.2012.03.025;water;O;14314-42-2;InChIKey=XLYOFNOQVPJJNP-UHFFFAOYSA-N;288.15;101.0;1466.52;0.05
269912;j.jct.2012.03.025;water;O;14314-42-2;InChIKey=XLYOFNOQVPJJNP-UHFFFAOYSA-N;293.15;101.0;1482.49;0.05
269913;j.jct.2012.03.025;water;O;14314-42-2;InChIKey=XLYOFNOQVPJJNP-UHFFFAOYSA-N;298.15;101.0;1496.69;0.05
269914;j.jct.2012.03.025;water;O;14314-42-2;InChIKey=XLYOFNOQVPJJNP-UHFFFAOYSA-N;303.15;101.0;1509.11;0.05
269915;j.jct.2012.03.025;water;O;14314-42-2;InChIKey=XLYOFNOQVPJJNP-UHFFFAOYSA-N;308.15;101.0;1519.78;0.05
274441;j.jct.2012.04.020;water;O;14314-42-2;InChIKey=XLYOFNOQVPJJNP-UHFFFAOYSA-N;288.15;101.0;1482.3;0.1
274442;j.jct.2012.04.020;water;O;14314-42-2;InChIKey=XLYOFNOQVPJJNP-UHFFFAOYSA-N;298.15;101.0;1496.51;0.1
274443;j.jct.2012.04.020;water;O;14314-42-2;InChIKey=XLYOFNOQVPJJNP-UHFFFAOYSA-N;308.15;101.0;1519.55;0.1
274444;j.jct.2012.04.020;water;O;14314-42-2;InChIKey=XLYOFNOQVPJJNP-UHFFFAOYSA-N;318.15;101.0;1536.42;0.1
281035;j.jct.2012.05.033;water;O;14314-42-2;InChIKey=XLYOFNOQVPJJNP-UHFFFAOYSA-N;298.15;101.0;1496.69;0.05
281036;j.jct.2012.05.033;water;O;14314-42-2;InChIKey=XLYOFNOQVPJJNP-UHFFFAOYSA-N;310.15;101.0;1523.2;0.05
288727;j.jct.2012.07.019;water;O;14314-42-2;InChIKey=XLYOFNOQVPJJNP-UHFFFAOYSA-N;298.15;101.325;1497.0;1e-05
293020;j.jct.2012.08.023;water;O;14314-42-2;InChIKey=XLYOFNOQVPJJNP-UHFFFAOYSA-N;288.15;101.3;1467.33;0.01
293021;j.jct.2012.08.023;water;O;14314-42-2;InChIKey=XLYOFNOQVPJJNP-UHFFFAOYSA-N;298.15;101.3;1497.73;0.01
293022;j.jct.2012.08.023;water;O;14314-42-2;InChIKey=XLYOFNOQVPJJNP-UHFFFAOYSA-N;308.15;101.3;1520.78;0.01
294223;j.jct.2012.08.030;1-butanol;CCCCO;107569-51-7;InChIKey=LRHPLDYGYMQRHN-UHFFFAOYSA-N;298.15;101.325;1239.28;0.01
296658;j.jct.2012.09.015;heptane;CCCCCCC;142-82-5;InChIKey=IMNFDUFMRHMDMM-UHFFFAOYSA-N;298.15;101.325;1131.0;0.5
296659;j.jct.2012.09.015;heptane;CCCCCCC;142-82-5;InChIKey=IMNFDUFMRHMDMM-UHFFFAOYSA-N;303.15;101.325;1109.0;0.5
296660;j.jct.2012.09.015;heptane;CCCCCCC;142-82-5;InChIKey=IMNFDUFMRHMDMM-UHFFFAOYSA-N;308.15;101.325;1088.0;0.5
296661;j.jct.2012.09.015;heptane;CCCCCCC;142-82-5;InChIKey=IMNFDUFMRHMDMM-UHFFFAOYSA-N;313.15;101.325;1066.0;0.5
296662;j.jct.2012.09.015;heptane;CCCCCCC;142-82-5;InChIKey=IMNFDUFMRHMDMM-UHFFFAOYSA-N;318.15;101.325;1045.0;0.5
296663;j.jct.2012.09.015;heptane;CCCCCCC;142-82-5;InChIKey=IMNFDUFMRHMDMM-UHFFFAOYSA-N;323.15;101.325;1024.0;0.5
307952;j.jct.2012.11.032;water;O;14314-42-2;InChIKey=XLYOFNOQVPJJNP-UHFFFAOYSA-N;283.0;101.0;1448.06;0.5
307953;j.jct.2012.11.032;water;O;14314-42-2;InChIKey=XLYOFNOQVPJJNP-UHFFFAOYSA-N;288.0;101.0;1466.42;0.5
307954;j.jct.2012.11.032;water;O;14314-42-2;InChIKey=XLYOFNOQVPJJNP-UHFFFAOYSA-N;293.0;101.0;1482.65;0.5
307955;j.jct.2012.11.032;water;O;14314-42-2;InChIKey=XLYOFNOQVPJJNP-UHFFFAOYSA-N;298.0;101.0;1496.88;0.5
307956;j.jct.2012.11.032;water;O;14314-42-2;InChIKey=XLYOFNOQVPJJNP-UHFFFAOYSA-N;303.0;101.0;1509.26;0.5
307957;j.jct.2012.11.032;water;O;14314-42-2;InChIKey=XLYOFNOQVPJJNP-UHFFFAOYSA-N;308.0;101.0;1519.94;0.5
307958;j.jct.2012.11.032;water;O;14314-42-2;InChIKey=XLYOFNOQVPJJNP-UHFFFAOYSA-N;313.0;101.0;1529.02;0.5
307959;j.jct.2012.11.032;water;O;14314-42-2;InChIKey=XLYOFNOQVPJJNP-UHFFFAOYSA-N;283.0;101.0;1448.35;0.5
307960;j.jct.2012.11.032;water;O;14314-42-2;InChIKey=XLYOFNOQVPJJNP-UHFFFAOYSA-N;288.0;101.0;1466.46;0.5
307961;j.jct.2012.11.032;water;O;14314-42-2;InChIKey=XLYOFNOQVPJJNP-UHFFFAOYSA-N;293.0;101.0;1482.66;0.5
307962;j.jct.2012.11.032;water;O;14314-42-2;InChIKey=XLYOFNOQVPJJNP-UHFFFAOYSA-N;303.0;101.0;1509.25;0.5
310612;j.jct.2012.12.007;1-butanol;CCCCO;107569-51-7;InChIKey=LRHPLDYGYMQRHN-UHFFFAOYSA-N;293.15;101.325;1256.2;0.1
310613;j.jct.2012.12.007;1-butanol;CCCCO;107569-51-7;InChIKey=LRHPLDYGYMQRHN-UHFFFAOYSA-N;298.15;101.325;1239.6;0.1
310614;j.jct.2012.12.007;1-butanol;CCCCO;107569-51-7;InChIKey=LRHPLDYGYMQRHN-UHFFFAOYSA-N;303.15;101.325;1223.8;0.1
311160;j.jct.2012.12.010;water;O;14314-42-2;InChIKey=XLYOFNOQVPJJNP-UHFFFAOYSA-N;275.15;101.0;1412.2;1.0
311161;j.jct.2012.12.010;water;O;14314-42-2;InChIKey=XLYOFNOQVPJJNP-UHFFFAOYSA-N;279.15;101.0;1430.6;1.0
311162;j.jct.2012.12.010;water;O;14314-42-2;InChIKey=XLYOFNOQVPJJNP-UHFFFAOYSA-N;283.15;101.0;1447.3;1.0
327520;j.jct.2013.04.017;water;O;14314-42-2;InChIKey=XLYOFNOQVPJJNP-UHFFFAOYSA-N;288.15;101.0;1465.96;0.42
327521;j.jct.2013.04.017;water;O;14314-42-2;InChIKey=XLYOFNOQVPJJNP-UHFFFAOYSA-N;293.15;101.0;1482.38;0.42
327522;j.jct.2013.04.017;water;O;14314-42-2;InChIKey=XLYOFNOQVPJJNP-UHFFFAOYSA-N;298.15;101.0;1496.73;0.42
327523;j.jct.2013.04.017;water;O;14314-42-2;InChIKey=XLYOFNOQVPJJNP-UHFFFAOYSA-N;303.15;101.0;1509.17;0.42
327524;j.jct.2013.04.017;water;O;14314-42-2;InChIKey=XLYOFNOQVPJJNP-UHFFFAOYSA-N;308.15;101.0;1519.85;0.42
327525;j.jct.2013.04.017;water;O;14314-42-2;InChIKey=XLYOFNOQVPJJNP-UHFFFAOYSA-N;313.15;101.0;1528.89;0.42
327526;j.jct.2013.04.017;water;O;14314-42-2;InChIKey=XLYOFNOQVPJJNP-UHFFFAOYSA-N;318.15;101.0;1536.43;0.42
327527;j.jct.2013.04.017;water;O;14314-42-2;InChIKey=XLYOFNOQVPJJNP-UHFFFAOYSA-N;323.15;101.0;1542.57;0.42
328581;j.jct.2013.05.003;water;O;14314-42-2;InChIKey=XLYOFNOQVPJJNP-UHFFFAOYSA-N;283.15;101.3;1447.28;0.5
328582;j.jct.2013.05.003;water;O;14314-42-2;InChIKey=XLYOFNOQVPJJNP-UHFFFAOYSA-N;288.15;101.3;1465.94;0.5
328583;j.jct.2013.05.003;water;O;14314-42-2;InChIKey=XLYOFNOQVPJJNP-UHFFFAOYSA-N;293.15;101.3;1482.36;0.5
328584;j.jct.2013.05.003;water;O;14314-42-2;InChIKey=XLYOFNOQVPJJNP-UHFFFAOYSA-N;298.15;101.3;1496.7;0.5
328585;j.jct.2013.05.003;water;O;14314-42-2;InChIKey=XLYOFNOQVPJJNP-UHFFFAOYSA-N;303.15;101.3;1509.14;0.5
330849;j.jct.2013.05.009;2,2,4-trimethylpentane;CC(C)CC(C)(C)C;31921-36-5;InChIKey=NHTMVDHEPJAVLT-UHFFFAOYSA-N;298.15;101.0;1082.7;0.5
330850;j.jct.2013.05.009;2,2,4-trimethylpentane;CC(C)CC(C)(C)C;31921-36-5;InChIKey=NHTMVDHEPJAVLT-UHFFFAOYSA-N;308.15;101.0;1041.1;0.5
330851;j.jct.2013.05.009;2,2,4-trimethylpentane;CC(C)CC(C)(C)C;31921-36-5;InChIKey=NHTMVDHEPJAVLT-UHFFFAOYSA-N;318.15;101.0;1000.1;0.5
330852;j.jct.2013.05.009;2,2,4-trimethylpentane;CC(C)CC(C)(C)C;31921-36-5;InChIKey=NHTMVDHEPJAVLT-UHFFFAOYSA-N;328.15;101.0;959.4;0.5
330867;j.jct.2013.05.009;1-butanol;CCCCO;107569-51-7;InChIKey=LRHPLDYGYMQRHN-UHFFFAOYSA-N;298.15;101.0;1239.9;0.5
330868;j.jct.2013.05.009;1-butanol;CCCCO;107569-51-7;InChIKey=LRHPLDYGYMQRHN-UHFFFAOYSA-N;308.15;101.0;1206.6;0.5
330869;j.jct.2013.05.009;1-butanol;CCCCO;107569-51-7;InChIKey=LRHPLDYGYMQRHN-UHFFFAOYSA-N;318.15;101.0;1173.4;0.5
330870;j.jct.2013.05.009;1-butanol;CCCCO;107569-51-7;InChIKey=LRHPLDYGYMQRHN-UHFFFAOYSA-N;328.15;101.0;1140.4;0.5
331756;j.jct.2013.05.012;water;O;14314-42-2;InChIKey=XLYOFNOQVPJJNP-UHFFFAOYSA-N;298.15;101.0;1496.9;0.3
331757;j.jct.2013.05.012;water;O;14314-42-2;InChIKey=XLYOFNOQVPJJNP-UHFFFAOYSA-N;303.15;101.0;1508.4;0.3
331758;j.jct.2013.05.012;water;O;14314-42-2;InChIKey=XLYOFNOQVPJJNP-UHFFFAOYSA-N;308.15;101.0;1519.8;0.3
331759;j.jct.2013.05.012;water;O;14314-42-2;InChIKey=XLYOFNOQVPJJNP-UHFFFAOYSA-N;313.15;101.0;1526.8;0.3
331760;j.jct.2013.05.012;water;O;14314-42-2;InChIKey=XLYOFNOQVPJJNP-UHFFFAOYSA-N;318.15;101.0;1533.0;0.3
337725;j.jct.2013.05.037;water;O;14314-42-2;InChIKey=XLYOFNOQVPJJNP-UHFFFAOYSA-N;293.15;101.325;1482.57;0.2
337726;j.jct.2013.05.037;water;O;14314-42-2;InChIKey=XLYOFNOQVPJJNP-UHFFFAOYSA-N;298.15;101.325;1496.58;0.2
337727;j.jct.2013.05.037;water;O;14314-42-2;InChIKey=XLYOFNOQVPJJNP-UHFFFAOYSA-N;303.15;101.325;1509.01;0.2
337728;j.jct.2013.05.037;water;O;14314-42-2;InChIKey=XLYOFNOQVPJJNP-UHFFFAOYSA-N;308.15;101.325;1519.54;0.2
346558;j.jct.2013.08.010;water;O;14314-42-2;InChIKey=XLYOFNOQVPJJNP-UHFFFAOYSA-N;288.15;101.0;1463.12;1.0
346559;j.jct.2013.08.010;water;O;14314-42-2;InChIKey=XLYOFNOQVPJJNP-UHFFFAOYSA-N;298.15;101.0;1495.85;1.0
346560;j.jct.2013.08.010;water;O;14314-42-2;InChIKey=XLYOFNOQVPJJNP-UHFFFAOYSA-N;308.15;101.0;1519.14;1.0
346561;j.jct.2013.08.010;water;O;14314-42-2;InChIKey=XLYOFNOQVPJJNP-UHFFFAOYSA-N;318.15;101.0;1536.14;1.0
348738;j.jct.2013.08.016;water;O;14314-42-2;InChIKey=XLYOFNOQVPJJNP-UHFFFAOYSA-N;278.15;101.3;1426.2;1.0
348739;j.jct.2013.08.016;water;O;14314-42-2;InChIKey=XLYOFNOQVPJJNP-UHFFFAOYSA-N;288.15;101.3;1465.9;1.0
348740;j.jct.2013.08.016;water;O;14314-42-2;InChIKey=XLYOFNOQVPJJNP-UHFFFAOYSA-N;298.15;101.3;1496.7;1.0
350200;j.jct.2013.08.021;ethanol;CCO;121182-78-3;InChIKey=LFQSCWFLJHTTHZ-UHFFFAOYSA-N;298.15;101.0;1143.9;0.5
350201;j.jct.2013.08.021;ethanol;CCO;121182-78-3;InChIKey=LFQSCWFLJHTTHZ-UHFFFAOYSA-N;303.15;101.0;1128.0;0.5
350202;j.jct.2013.08.021;ethanol;CCO;121182-78-3;InChIKey=LFQSCWFLJHTTHZ-UHFFFAOYSA-N;308.15;101.0;1111.8;0.5
351886;j.jct.2013.08.033;1-butanol;CCCCO;107569-51-7;InChIKey=LRHPLDYGYMQRHN-UHFFFAOYSA-N;298.15;101.0;1240.25;0.5
352540;j.jct.2013.09.005;1-butanol;CCCCO;107569-51-7;InChIKey=LRHPLDYGYMQRHN-UHFFFAOYSA-N;303.15;101.325;1228.4;0.5
353026;j.jct.2013.09.008;water;O;14314-42-2;InChIKey=XLYOFNOQVPJJNP-UHFFFAOYSA-N;293.15;101.325;1483.6;1.0
353027;j.jct.2013.09.008;water;O;14314-42-2;InChIKey=XLYOFNOQVPJJNP-UHFFFAOYSA-N;298.15;101.325;1496.9;1.0
353028;j.jct.2013.09.008;water;O;14314-42-2;InChIKey=XLYOFNOQVPJJNP-UHFFFAOYSA-N;303.15;101.325;1508.4;1.0
353029;j.jct.2013.09.008;water;O;14314-42-2;InChIKey=XLYOFNOQVPJJNP-UHFFFAOYSA-N;308.15;101.325;1519.8;1.0
353030;j.jct.2013.09.008;water;O;14314-42-2;InChIKey=XLYOFNOQVPJJNP-UHFFFAOYSA-N;313.15;101.325;1526.8;1.0
353031;j.jct.2013.09.008;water;O;14314-42-2;InChIKey=XLYOFNOQVPJJNP-UHFFFAOYSA-N;318.15;101.325;1533.0;1.0
354629;j.jct.2013.09.015;water;O;14314-42-2;InChIKey=XLYOFNOQVPJJNP-UHFFFAOYSA-N;298.15;101.325;1496.83;0.5
361477;j.jct.2013.10.025;tetrahydrofuran;C1CCOC1;77392-70-2;InChIKey=WYURNTSHIVDZCO-UHFFFAOYSA-N;298.15;101.325;1280.1;0.5
369802;j.jct.2013.11.015;water;O;14314-42-2;InChIKey=XLYOFNOQVPJJNP-UHFFFAOYSA-N;288.15;101.0;1463.12;0.5
369803;j.jct.2013.11.015;water;O;14314-42-2;InChIKey=XLYOFNOQVPJJNP-UHFFFAOYSA-N;293.15;101.0;1481.14;0.5
369804;j.jct.2013.11.015;water;O;14314-42-2;InChIKey=XLYOFNOQVPJJNP-UHFFFAOYSA-N;298.15;101.0;1495.85;0.5
369805;j.jct.2013.11.015;water;O;14314-42-2;InChIKey=XLYOFNOQVPJJNP-UHFFFAOYSA-N;303.15;101.0;1508.84;0.5
369806;j.jct.2013.11.015;water;O;14314-42-2;InChIKey=XLYOFNOQVPJJNP-UHFFFAOYSA-N;308.15;101.0;1519.14;0.5
371613;j.jct.2013.11.021;water;O;14314-42-2;InChIKey=XLYOFNOQVPJJNP-UHFFFAOYSA-N;298.15;101.0;1497.0;0.5
371614;j.jct.2013.11.021;water;O;14314-42-2;InChIKey=XLYOFNOQVPJJNP-UHFFFAOYSA-N;303.15;101.0;1509.16;0.5
371615;j.jct.2013.11.021;water;O;14314-42-2;InChIKey=XLYOFNOQVPJJNP-UHFFFAOYSA-N;308.15;101.0;1519.76;0.5
371616;j.jct.2013.11.021;water;O;14314-42-2;InChIKey=XLYOFNOQVPJJNP-UHFFFAOYSA-N;313.15;101.0;1528.86;0.5
371617;j.jct.2013.11.021;water;O;14314-42-2;InChIKey=XLYOFNOQVPJJNP-UHFFFAOYSA-N;318.15;101.0;1536.42;0.5
373340;j.jct.2013.11.027;tetrahydrofuran;C1CCOC1;77392-70-2;InChIKey=WYURNTSHIVDZCO-UHFFFAOYSA-N;293.15;101.325;1304.63;0.5
373341;j.jct.2013.11.027;tetrahydrofuran;C1CCOC1;77392-70-2;InChIKey=WYURNTSHIVDZCO-UHFFFAOYSA-N;298.15;101.325;1280.48;0.5
373342;j.jct.2013.11.027;tetrahydrofuran;C1CCOC1;77392-70-2;InChIKey=WYURNTSHIVDZCO-UHFFFAOYSA-N;303.15;101.325;1256.43;0.5
373343;j.jct.2013.11.027;tetrahydrofuran;C1CCOC1;77392-70-2;InChIKey=WYURNTSHIVDZCO-UHFFFAOYSA-N;308.15;101.325;1232.53;0.5
373344;j.jct.2013.11.027;tetrahydrofuran;C1CCOC1;77392-70-2;InChIKey=WYURNTSHIVDZCO-UHFFFAOYSA-N;313.15;101.325;1208.78;0.5
373345;j.jct.2013.11.027;tetrahydrofuran;C1CCOC1;77392-70-2;InChIKey=WYURNTSHIVDZCO-UHFFFAOYSA-N;318.15;101.325;1185.25;0.5
373346;j.jct.2013.11.027;tetrahydrofuran;C1CCOC1;77392-70-2;InChIKey=WYURNTSHIVDZCO-UHFFFAOYSA-N;323.15;101.325;1161.74;0.5
384545;j.jct.2014.01.030;ethanol;CCO;121182-78-3;InChIKey=LFQSCWFLJHTTHZ-UHFFFAOYSA-N;288.15;101.0;1179.0;1.0
384546;j.jct.2014.01.030;ethanol;CCO;121182-78-3;InChIKey=LFQSCWFLJHTTHZ-UHFFFAOYSA-N;298.15;101.0;1145.0;1.0
384547;j.jct.2014.01.030;ethanol;CCO;121182-78-3;InChIKey=LFQSCWFLJHTTHZ-UHFFFAOYSA-N;308.15;101.0;1111.0;1.0
392865;j.jct.2014.03.021;water;O;14314-42-2;InChIKey=XLYOFNOQVPJJNP-UHFFFAOYSA-N;293.15;101.325;1482.59;0.5
392866;j.jct.2014.03.021;water;O;14314-42-2;InChIKey=XLYOFNOQVPJJNP-UHFFFAOYSA-N;298.15;101.325;1496.8;0.5
392867;j.jct.2014.03.021;water;O;14314-42-2;InChIKey=XLYOFNOQVPJJNP-UHFFFAOYSA-N;303.15;101.325;1509.14;0.5
392868;j.jct.2014.03.021;water;O;14314-42-2;InChIKey=XLYOFNOQVPJJNP-UHFFFAOYSA-N;308.15;101.325;1519.76;0.5
392869;j.jct.2014.03.021;water;O;14314-42-2;InChIKey=XLYOFNOQVPJJNP-UHFFFAOYSA-N;313.15;101.325;1528.76;0.5
392870;j.jct.2014.03.021;water;O;14314-42-2;InChIKey=XLYOFNOQVPJJNP-UHFFFAOYSA-N;318.15;101.325;1536.25;0.5
392871;j.jct.2014.03.021;water;O;14314-42-2;InChIKey=XLYOFNOQVPJJNP-UHFFFAOYSA-N;323.15;101.325;1542.35;0.5
417509;j.jct.2014.09.011;water;O;14314-42-2;InChIKey=XLYOFNOQVPJJNP-UHFFFAOYSA-N;278.15;101.3;1426.2;1.0
417510;j.jct.2014.09.011;water;O;14314-42-2;InChIKey=XLYOFNOQVPJJNP-UHFFFAOYSA-N;288.15;101.3;1465.9;1.0
417511;j.jct.2014.09.011;water;O;14314-42-2;InChIKey=XLYOFNOQVPJJNP-UHFFFAOYSA-N;298.15;101.3;1496.7;1.0
436246;j.jct.2015.02.011;tetrahydrofuran;C1CCOC1;77392-70-2;InChIKey=WYURNTSHIVDZCO-UHFFFAOYSA-N;293.15;100.7;1305.0;1.0
436247;j.jct.2015.02.011;tetrahydrofuran;C1CCOC1;77392-70-2;InChIKey=WYURNTSHIVDZCO-UHFFFAOYSA-N;298.15;100.7;1280.82;1.0
436248;j.jct.2015.02.011;tetrahydrofuran;C1CCOC1;77392-70-2;InChIKey=WYURNTSHIVDZCO-UHFFFAOYSA-N;303.15;100.7;1256.8;1.0
436249;j.jct.2015.02.011;tetrahydrofuran;C1CCOC1;77392-70-2;InChIKey=WYURNTSHIVDZCO-UHFFFAOYSA-N;308.15;100.7;1232.88;1.0
436250;j.jct.2015.02.011;tetrahydrofuran;C1CCOC1;77392-70-2;InChIKey=WYURNTSHIVDZCO-UHFFFAOYSA-N;313.15;100.7;1209.17;1.0
436251;j.jct.2015.02.011;tetrahydrofuran;C1CCOC1;77392-70-2;InChIKey=WYURNTSHIVDZCO-UHFFFAOYSA-N;318.15;100.7;1185.68;1.0
436252;j.jct.2015.02.011;tetrahydrofuran;C1CCOC1;77392-70-2;InChIKey=WYURNTSHIVDZCO-UHFFFAOYSA-N;323.15;100.7;1162.31;1.0
443105;j.jct.2015.03.023;1-butanol;CCCCO;107569-51-7;InChIKey=LRHPLDYGYMQRHN-UHFFFAOYSA-N;293.15;101.325;1256.3;0.5
443106;j.jct.2015.03.023;1-butanol;CCCCO;107569-51-7;InChIKey=LRHPLDYGYMQRHN-UHFFFAOYSA-N;298.15;101.325;1239.5;0.5
443107;j.jct.2015.03.023;1-butanol;CCCCO;107569-51-7;InChIKey=LRHPLDYGYMQRHN-UHFFFAOYSA-N;308.15;101.325;1205.9;0.5
452597;j.jct.2015.06.009;methyl tert-butyl ether;COC(C)(C)C;1634-04-4;InChIKey=BZLVMXJERCGZMT-UHFFFAOYSA-N;298.15;101.0;1036.27;0.5
452598;j.jct.2015.06.009;methyl tert-butyl ether;COC(C)(C)C;1634-04-4;InChIKey=BZLVMXJERCGZMT-UHFFFAOYSA-N;308.15;101.0;990.46;0.5
452599;j.jct.2015.06.009;methyl tert-butyl ether;COC(C)(C)C;1634-04-4;InChIKey=BZLVMXJERCGZMT-UHFFFAOYSA-N;318.15;101.0;944.87;0.5
452614;j.jct.2015.06.009;1-butanol;CCCCO;107569-51-7;InChIKey=LRHPLDYGYMQRHN-UHFFFAOYSA-N;298.15;101.0;1240.02;0.5
452615;j.jct.2015.06.009;1-butanol;CCCCO;107569-51-7;InChIKey=LRHPLDYGYMQRHN-UHFFFAOYSA-N;308.15;101.0;1206.63;0.5
452616;j.jct.2015.06.009;1-butanol;CCCCO;107569-51-7;InChIKey=LRHPLDYGYMQRHN-UHFFFAOYSA-N;318.15;101.0;1173.37;0.5
452617;j.jct.2015.06.009;1-butanol;CCCCO;107569-51-7;InChIKey=LRHPLDYGYMQRHN-UHFFFAOYSA-N;328.15;101.0;1140.42;0.5
455231;j.jct.2015.06.029;water;O;14314-42-2;InChIKey=XLYOFNOQVPJJNP-UHFFFAOYSA-N;298.15;101.325;1498.0;0.5
504923;j.fluid.2006.02.023;water;O;14314-42-2;InChIKey=XLYOFNOQVPJJNP-UHFFFAOYSA-N;303.15;101.325;1505.2;0.2
504929;j.fluid.2006.02.023;ethanol;CCO;121182-78-3;InChIKey=LFQSCWFLJHTTHZ-UHFFFAOYSA-N;303.15;101.325;1144.3;0.2
504938;j.fluid.2006.02.023;1-butanol;CCCCO;107569-51-7;InChIKey=LRHPLDYGYMQRHN-UHFFFAOYSA-N;303.15;101.325;1196.6;0.2
504944;j.fluid.2006.02.023;2-methyl-2-propanol;CC(C)(C)O;75-65-0;InChIKey=DKGAVHZHDRPRBM-UHFFFAOYSA-N;303.15;101.325;1078.8;0.2
528883;j.fluid.2007.07.016;2-methyl-2-propanol;CC(C)(C)O;75-65-0;InChIKey=DKGAVHZHDRPRBM-UHFFFAOYSA-N;293.15;101.0;1141.5;0.0
528884;j.fluid.2007.07.016;2-methyl-2-propanol;CC(C)(C)O;75-65-0;InChIKey=DKGAVHZHDRPRBM-UHFFFAOYSA-N;298.15;101.0;1123.5;0.0
528885;j.fluid.2007.07.016;2-methyl-2-propanol;CC(C)(C)O;75-65-0;InChIKey=DKGAVHZHDRPRBM-UHFFFAOYSA-N;303.15;101.0;1104.3;0.0
528886;j.fluid.2007.07.016;2-methyl-2-propanol;CC(C)(C)O;75-65-0;InChIKey=DKGAVHZHDRPRBM-UHFFFAOYSA-N;308.15;101.0;1084.3;0.0
528887;j.fluid.2007.07.016;2-methyl-2-propanol;CC(C)(C)O;75-65-0;InChIKey=DKGAVHZHDRPRBM-UHFFFAOYSA-N;313.15;101.0;1065.3;0.0
528888;j.fluid.2007.07.016;2-methyl-2-propanol;CC(C)(C)O;75-65-0;InChIKey=DKGAVHZHDRPRBM-UHFFFAOYSA-N;318.15;101.0;1046.3;0.0
530129;j.fluid.2007.07.066;water;O;14314-42-2;InChIKey=XLYOFNOQVPJJNP-UHFFFAOYSA-N;283.15;101.0;1447.59;0.01
530130;j.fluid.2007.07.066;water;O;14314-42-2;InChIKey=XLYOFNOQVPJJNP-UHFFFAOYSA-N;288.15;101.0;1466.25;0.01
530131;j.fluid.2007.07.066;water;O;14314-42-2;InChIKey=XLYOFNOQVPJJNP-UHFFFAOYSA-N;293.15;101.0;1482.66;0.01
530132;j.fluid.2007.07.066;water;O;14314-42-2;InChIKey=XLYOFNOQVPJJNP-UHFFFAOYSA-N;298.15;101.0;1497.0;0.01
530133;j.fluid.2007.07.066;water;O;14314-42-2;InChIKey=XLYOFNOQVPJJNP-UHFFFAOYSA-N;303.15;101.0;1509.44;0.01
536277;j.fluid.2007.12.007;1-butanol;CCCCO;107569-51-7;InChIKey=LRHPLDYGYMQRHN-UHFFFAOYSA-N;293.15;101.325;1262.4;0.37872
536278;j.fluid.2007.12.007;1-butanol;CCCCO;107569-51-7;InChIKey=LRHPLDYGYMQRHN-UHFFFAOYSA-N;298.15;101.325;1242.6;0.37278
536279;j.fluid.2007.12.007;1-butanol;CCCCO;107569-51-7;InChIKey=LRHPLDYGYMQRHN-UHFFFAOYSA-N;303.15;101.325;1224.6;0.36738
536280;j.fluid.2007.12.007;1-butanol;CCCCO;107569-51-7;InChIKey=LRHPLDYGYMQRHN-UHFFFAOYSA-N;308.15;101.325;1207.6;0.36228
536281;j.fluid.2007.12.007;1-butanol;CCCCO;107569-51-7;InChIKey=LRHPLDYGYMQRHN-UHFFFAOYSA-N;313.15;101.325;1189.2;0.35676
536282;j.fluid.2007.12.007;1-butanol;CCCCO;107569-51-7;InChIKey=LRHPLDYGYMQRHN-UHFFFAOYSA-N;318.15;101.325;1170.0;0.351
541458;j.fluid.2008.03.004;methyl tert-butyl ether;COC(C)(C)C;1634-04-4;InChIKey=BZLVMXJERCGZMT-UHFFFAOYSA-N;288.15;101.0;1083.38;1.0
541459;j.fluid.2008.03.004;methyl tert-butyl ether;COC(C)(C)C;1634-04-4;InChIKey=BZLVMXJERCGZMT-UHFFFAOYSA-N;290.65;101.0;1071.61;1.0
541460;j.fluid.2008.03.004;methyl tert-butyl ether;COC(C)(C)C;1634-04-4;InChIKey=BZLVMXJERCGZMT-UHFFFAOYSA-N;293.15;101.0;1060.05;1.0
541461;j.fluid.2008.03.004;methyl tert-butyl ether;COC(C)(C)C;1634-04-4;InChIKey=BZLVMXJERCGZMT-UHFFFAOYSA-N;295.65;101.0;1048.48;1.0
541462;j.fluid.2008.03.004;methyl tert-butyl ether;COC(C)(C)C;1634-04-4;InChIKey=BZLVMXJERCGZMT-UHFFFAOYSA-N;298.15;101.0;1036.94;1.0
541463;j.fluid.2008.03.004;methyl tert-butyl ether;COC(C)(C)C;1634-04-4;InChIKey=BZLVMXJERCGZMT-UHFFFAOYSA-N;300.65;101.0;1025.42;1.0
541464;j.fluid.2008.03.004;methyl tert-butyl ether;COC(C)(C)C;1634-04-4;InChIKey=BZLVMXJERCGZMT-UHFFFAOYSA-N;303.15;101.0;1013.9;1.0
541465;j.fluid.2008.03.004;methyl tert-butyl ether;COC(C)(C)C;1634-04-4;InChIKey=BZLVMXJERCGZMT-UHFFFAOYSA-N;305.65;101.0;1002.41;1.0
541466;j.fluid.2008.03.004;methyl tert-butyl ether;COC(C)(C)C;1634-04-4;InChIKey=BZLVMXJERCGZMT-UHFFFAOYSA-N;308.15;101.0;990.99;1.0
541467;j.fluid.2008.03.004;methyl tert-butyl ether;COC(C)(C)C;1634-04-4;InChIKey=BZLVMXJERCGZMT-UHFFFAOYSA-N;310.65;101.0;979.62;1.0
541468;j.fluid.2008.03.004;methyl tert-butyl ether;COC(C)(C)C;1634-04-4;InChIKey=BZLVMXJERCGZMT-UHFFFAOYSA-N;313.15;101.0;968.16;1.0
541469;j.fluid.2008.03.004;methyl tert-butyl ether;COC(C)(C)C;1634-04-4;InChIKey=BZLVMXJERCGZMT-UHFFFAOYSA-N;315.65;101.0;956.8;1.0
541470;j.fluid.2008.03.004;methyl tert-butyl ether;COC(C)(C)C;1634-04-4;InChIKey=BZLVMXJERCGZMT-UHFFFAOYSA-N;318.15;101.0;945.54;1.0
541471;j.fluid.2008.03.004;methyl tert-butyl ether;COC(C)(C)C;1634-04-4;InChIKey=BZLVMXJERCGZMT-UHFFFAOYSA-N;320.65;101.0;934.24;1.0
541472;j.fluid.2008.03.004;methyl tert-butyl ether;COC(C)(C)C;1634-04-4;InChIKey=BZLVMXJERCGZMT-UHFFFAOYSA-N;323.15;101.0;922.97;1.0
601845;j.fluid.2011.06.011;ethanol;CCO;121182-78-3;InChIKey=LFQSCWFLJHTTHZ-UHFFFAOYSA-N;283.15;101.325;1196.2;0.2
601846;j.fluid.2011.06.011;ethanol;CCO;121182-78-3;InChIKey=LFQSCWFLJHTTHZ-UHFFFAOYSA-N;298.15;101.325;1146.2;0.2
601847;j.fluid.2011.06.011;ethanol;CCO;121182-78-3;InChIKey=LFQSCWFLJHTTHZ-UHFFFAOYSA-N;313.15;101.325;1096.7;0.2
601848;j.fluid.2011.06.011;ethanol;CCO;121182-78-3;InChIKey=LFQSCWFLJHTTHZ-UHFFFAOYSA-N;328.15;101.325;1047.0;0.2
642476;j.fluid.2013.06.021;1-butanol;CCCCO;107569-51-7;InChIKey=LRHPLDYGYMQRHN-UHFFFAOYSA-N;298.15;101.325;1240.56;0.1
676811;j.fluid.2014.06.005;2-methyl-2-propanol;CC(C)(C)O;75-65-0;InChIKey=DKGAVHZHDRPRBM-UHFFFAOYSA-N;298.15;101.325;1120.82;0.5
676812;j.fluid.2014.06.005;2-methyl-2-propanol;CC(C)(C)O;75-65-0;InChIKey=DKGAVHZHDRPRBM-UHFFFAOYSA-N;303.15;101.325;1099.05;0.5
676813;j.fluid.2014.06.005;2-methyl-2-propanol;CC(C)(C)O;75-65-0;InChIKey=DKGAVHZHDRPRBM-UHFFFAOYSA-N;308.15;101.325;1077.13;0.5
676814;j.fluid.2014.06.005;2-methyl-2-propanol;CC(C)(C)O;75-65-0;InChIKey=DKGAVHZHDRPRBM-UHFFFAOYSA-N;313.15;101.325;1055.57;0.5
676815;j.fluid.2014.06.005;2-methyl-2-propanol;CC(C)(C)O;75-65-0;InChIKey=DKGAVHZHDRPRBM-UHFFFAOYSA-N;318.15;101.325;1034.09;0.5
676816;j.fluid.2014.06.005;2-methyl-2-propanol;CC(C)(C)O;75-65-0;InChIKey=DKGAVHZHDRPRBM-UHFFFAOYSA-N;323.15;101.325;1013.38;0.5
692640;j.fluid.2014.11.005;water;O;14314-42-2;InChIKey=XLYOFNOQVPJJNP-UHFFFAOYSA-N;293.15;101.325;1482.78;0.5
692641;j.fluid.2014.11.005;water;O;14314-42-2;InChIKey=XLYOFNOQVPJJNP-UHFFFAOYSA-N;298.15;101.325;1496.8;0.5
692642;j.fluid.2014.11.005;water;O;14314-42-2;InChIKey=XLYOFNOQVPJJNP-UHFFFAOYSA-N;303.15;101.325;1509.14;0.5
692643;j.fluid.2014.11.005;water;O;14314-42-2;InChIKey=XLYOFNOQVPJJNP-UHFFFAOYSA-N;308.15;101.325;1519.79;0.5
692644;j.fluid.2014.11.005;water;O;14314-42-2;InChIKey=XLYOFNOQVPJJNP-UHFFFAOYSA-N;313.15;101.325;1528.85;0.5
692645;j.fluid.2014.11.005;water;O;14314-42-2;InChIKey=XLYOFNOQVPJJNP-UHFFFAOYSA-N;318.15;101.325;1536.41;0.5
692652;j.fluid.2014.11.005;ethanol;CCO;121182-78-3;InChIKey=LFQSCWFLJHTTHZ-UHFFFAOYSA-N;293.15;101.325;1161.97;0.5
692653;j.fluid.2014.11.005;ethanol;CCO;121182-78-3;InChIKey=LFQSCWFLJHTTHZ-UHFFFAOYSA-N;298.15;101.325;1145.44;0.5
692654;j.fluid.2014.11.005;ethanol;CCO;121182-78-3;InChIKey=LFQSCWFLJHTTHZ-UHFFFAOYSA-N;303.15;101.325;1128.77;0.5
692655;j.fluid.2014.11.005;ethanol;CCO;121182-78-3;InChIKey=LFQSCWFLJHTTHZ-UHFFFAOYSA-N;308.15;101.325;1112.14;0.5
692656;j.fluid.2014.11.005;ethanol;CCO;121182-78-3;InChIKey=LFQSCWFLJHTTHZ-UHFFFAOYSA-N;313.15;101.325;1095.49;0.5
692657;j.fluid.2014.11.005;ethanol;CCO;121182-78-3;InChIKey=LFQSCWFLJHTTHZ-UHFFFAOYSA-N;318.15;101.325;1078.79;0.5
740902;s10765-009-0665-4;1-butanol;CCCCO;107569-51-7;InChIKey=LRHPLDYGYMQRHN-UHFFFAOYSA-N;293.15;101.325;1256.3;0.5
745929;s10765-010-0862-1;water;O;14314-42-2;InChIKey=XLYOFNOQVPJJNP-UHFFFAOYSA-N;308.15;101.325;1520.4;0.45612
745930;s10765-010-0862-1;water;O;14314-42-2;InChIKey=XLYOFNOQVPJJNP-UHFFFAOYSA-N;313.15;101.325;1528.0;0.4584
745931;s10765-010-0862-1;water;O;14314-42-2;InChIKey=XLYOFNOQVPJJNP-UHFFFAOYSA-N;318.15;101.325;1535.2;0.46056
872940;je0500330;ethanol;CCO;121182-78-3;InChIKey=LFQSCWFLJHTTHZ-UHFFFAOYSA-N;298.15;101.325;1143.0;0.1
898303;je050294+;1-butanol;CCCCO;107569-51-7;InChIKey=LRHPLDYGYMQRHN-UHFFFAOYSA-N;283.15;101.325;1292.2;0.1
898304;je050294+;1-butanol;CCCCO;107569-51-7;InChIKey=LRHPLDYGYMQRHN-UHFFFAOYSA-N;298.15;101.325;1240.7;0.1
898305;je050294+;1-butanol;CCCCO;107569-51-7;InChIKey=LRHPLDYGYMQRHN-UHFFFAOYSA-N;313.15;101.325;1191.4;0.1
924281;je060017i;1-butanol;CCCCO;107569-51-7;InChIKey=LRHPLDYGYMQRHN-UHFFFAOYSA-N;283.15;101.325;1292.1;0.1
924282;je060017i;1-butanol;CCCCO;107569-51-7;InChIKey=LRHPLDYGYMQRHN-UHFFFAOYSA-N;298.15;101.325;1242.9;0.1
924283;je060017i;1-butanol;CCCCO;107569-51-7;InChIKey=LRHPLDYGYMQRHN-UHFFFAOYSA-N;313.15;101.325;1186.3;0.1
933132;je0601098;ethanol;CCO;121182-78-3;InChIKey=LFQSCWFLJHTTHZ-UHFFFAOYSA-N;298.15;101.0;1142.1;0.5
933136;je0601098;1-butanol;CCCCO;107569-51-7;InChIKey=LRHPLDYGYMQRHN-UHFFFAOYSA-N;298.15;101.0;1241.6;0.5
933140;je0601098;tetrahydrofuran;C1CCOC1;77392-70-2;InChIKey=WYURNTSHIVDZCO-UHFFFAOYSA-N;298.15;101.0;1280.2;0.5
936592;je060126;ethanol;CCO;121182-78-3;InChIKey=LFQSCWFLJHTTHZ-UHFFFAOYSA-N;298.15;101.0;1144.0;1.0
945145;je060200b;heptane;CCCCCCC;142-82-5;InChIKey=IMNFDUFMRHMDMM-UHFFFAOYSA-N;292.84;101.0;1153.67;0.1
945146;je060200b;heptane;CCCCCCC;142-82-5;InChIKey=IMNFDUFMRHMDMM-UHFFFAOYSA-N;298.84;101.0;1127.72;0.1
945147;je060200b;heptane;CCCCCCC;142-82-5;InChIKey=IMNFDUFMRHMDMM-UHFFFAOYSA-N;303.8;101.0;1106.38;0.1
945148;je060200b;heptane;CCCCCCC;142-82-5;InChIKey=IMNFDUFMRHMDMM-UHFFFAOYSA-N;308.78;101.0;1085.1;0.1
945149;je060200b;heptane;CCCCCCC;142-82-5;InChIKey=IMNFDUFMRHMDMM-UHFFFAOYSA-N;314.87;101.0;1059.14;0.1
947469;je060228n;ethanol;CCO;121182-78-3;InChIKey=LFQSCWFLJHTTHZ-UHFFFAOYSA-N;298.15;101.0;1146.3;0.1
947470;je060228n;ethanol;CCO;121182-78-3;InChIKey=LFQSCWFLJHTTHZ-UHFFFAOYSA-N;313.15;101.0;1092.8;0.1
947471;je060228n;ethanol;CCO;121182-78-3;InChIKey=LFQSCWFLJHTTHZ-UHFFFAOYSA-N;328.15;101.0;1043.2;0.1
986945;je060311a;tetrahydrofuran;C1CCOC1;77392-70-2;InChIKey=WYURNTSHIVDZCO-UHFFFAOYSA-N;298.15;101.0;1292.2;0.2
1043053;je100610v;heptane;CCCCCCC;142-82-5;InChIKey=IMNFDUFMRHMDMM-UHFFFAOYSA-N;292.7;101.0;1154.11;0.1
1043054;je100610v;heptane;CCCCCCC;142-82-5;InChIKey=IMNFDUFMRHMDMM-UHFFFAOYSA-N;298.0;101.0;1131.06;0.1
1043055;je100610v;heptane;CCCCCCC;142-82-5;InChIKey=IMNFDUFMRHMDMM-UHFFFAOYSA-N;302.98;101.0;1109.45;0.1
1043056;je100610v;heptane;CCCCCCC;142-82-5;InChIKey=IMNFDUFMRHMDMM-UHFFFAOYSA-N;308.06;101.0;1087.42;0.1
1043057;je100610v;heptane;CCCCCCC;142-82-5;InChIKey=IMNFDUFMRHMDMM-UHFFFAOYSA-N;313.45;101.0;1064.29;0.1
1044517;je100652b;1-butanol;CCCCO;107569-51-7;InChIKey=LRHPLDYGYMQRHN-UHFFFAOYSA-N;298.15;101.325;1244.0;0.8
1044518;je100652b;1-butanol;CCCCO;107569-51-7;InChIKey=LRHPLDYGYMQRHN-UHFFFAOYSA-N;308.15;101.325;1212.0;0.8
1055487;je100765j;isopropyl ether;CC(C)OC(C)C;108-20-3;InChIKey=ZAFNJMIOTHYJRJ-UHFFFAOYSA-N;283.15;101.325;1065.52;0.01
1055488;je100765j;isopropyl ether;CC(C)OC(C)C;108-20-3;InChIKey=ZAFNJMIOTHYJRJ-UHFFFAOYSA-N;288.15;101.325;1043.14;0.01
1055489;je100765j;isopropyl ether;CC(C)OC(C)C;108-20-3;InChIKey=ZAFNJMIOTHYJRJ-UHFFFAOYSA-N;293.15;101.325;1020.62;0.01
1055490;je100765j;isopropyl ether;CC(C)OC(C)C;108-20-3;InChIKey=ZAFNJMIOTHYJRJ-UHFFFAOYSA-N;298.15;101.325;998.27;0.01
1055491;je100765j;isopropyl ether;CC(C)OC(C)C;108-20-3;InChIKey=ZAFNJMIOTHYJRJ-UHFFFAOYSA-N;303.15;101.325;976.02;0.01
1055492;je100765j;isopropyl ether;CC(C)OC(C)C;108-20-3;InChIKey=ZAFNJMIOTHYJRJ-UHFFFAOYSA-N;308.15;101.325;953.94;0.01
1055493;je100765j;isopropyl ether;CC(C)OC(C)C;108-20-3;InChIKey=ZAFNJMIOTHYJRJ-UHFFFAOYSA-N;313.15;101.325;932.01;0.01
1058686;je1008262;isopropyl ether;CC(C)OC(C)C;108-20-3;InChIKey=ZAFNJMIOTHYJRJ-UHFFFAOYSA-N;303.15;101.0;975.0;1.0
1058687;je1008262;isopropyl ether;CC(C)OC(C)C;108-20-3;InChIKey=ZAFNJMIOTHYJRJ-UHFFFAOYSA-N;313.15;101.0;934.0;1.0
1058688;je1008262;isopropyl ether;CC(C)OC(C)C;108-20-3;InChIKey=ZAFNJMIOTHYJRJ-UHFFFAOYSA-N;323.15;101.0;891.0;1.0
1058689;je1008262;isopropyl ether;CC(C)OC(C)C;108-20-3;InChIKey=ZAFNJMIOTHYJRJ-UHFFFAOYSA-N;323.15;101.0;892.0;1.0
1068097;je100967k;ethanol;CCO;121182-78-3;InChIKey=LFQSCWFLJHTTHZ-UHFFFAOYSA-N;293.15;101.0;1162.3;0.22
1068098;je100967k;ethanol;CCO;121182-78-3;InChIKey=LFQSCWFLJHTTHZ-UHFFFAOYSA-N;303.15;101.0;1128.9;0.22
1068099;je100967k;ethanol;CCO;121182-78-3;InChIKey=LFQSCWFLJHTTHZ-UHFFFAOYSA-N;313.15;101.0;1095.4;0.22
1068100;je100967k;ethanol;CCO;121182-78-3;InChIKey=LFQSCWFLJHTTHZ-UHFFFAOYSA-N;323.15;101.0;1071.9;0.22
1068113;je100967k;water;O;14314-42-2;InChIKey=XLYOFNOQVPJJNP-UHFFFAOYSA-N;293.15;101.0;1482.7;0.22
1068114;je100967k;water;O;14314-42-2;InChIKey=XLYOFNOQVPJJNP-UHFFFAOYSA-N;303.15;101.0;1509.4;0.22
1068115;je100967k;water;O;14314-42-2;InChIKey=XLYOFNOQVPJJNP-UHFFFAOYSA-N;313.15;101.0;1529.1;0.22
1068116;je100967k;water;O;14314-42-2;InChIKey=XLYOFNOQVPJJNP-UHFFFAOYSA-N;323.15;101.0;1541.7;0.22
1084000;je1012857;1-butanol;CCCCO;107569-51-7;InChIKey=LRHPLDYGYMQRHN-UHFFFAOYSA-N;298.15;101.325;1241.1;0.1
1115146;je200609g;tetrahydrofuran;C1CCOC1;77392-70-2;InChIKey=WYURNTSHIVDZCO-UHFFFAOYSA-N;278.15;101.325;1374.98;0.05
1115147;je200609g;tetrahydrofuran;C1CCOC1;77392-70-2;InChIKey=WYURNTSHIVDZCO-UHFFFAOYSA-N;288.15;101.325;1325.78;0.05
1115148;je200609g;tetrahydrofuran;C1CCOC1;77392-70-2;InChIKey=WYURNTSHIVDZCO-UHFFFAOYSA-N;298.15;101.325;1277.37;0.05
1115149;je200609g;tetrahydrofuran;C1CCOC1;77392-70-2;InChIKey=WYURNTSHIVDZCO-UHFFFAOYSA-N;308.15;101.325;1229.61;0.05
1115150;je200609g;tetrahydrofuran;C1CCOC1;77392-70-2;InChIKey=WYURNTSHIVDZCO-UHFFFAOYSA-N;318.15;101.325;1182.37;0.05
1145789;je201152j;ethanol;CCO;121182-78-3;InChIKey=LFQSCWFLJHTTHZ-UHFFFAOYSA-N;298.15;101.325;1144.2;0.7
1151558;je201334p;water;O;14314-42-2;InChIKey=XLYOFNOQVPJJNP-UHFFFAOYSA-N;288.15;101.0;1466.6;0.6
1151559;je201334p;water;O;14314-42-2;InChIKey=XLYOFNOQVPJJNP-UHFFFAOYSA-N;298.15;101.0;1497.4;0.6
1151560;je201334p;water;O;14314-42-2;InChIKey=XLYOFNOQVPJJNP-UHFFFAOYSA-N;308.15;101.0;1522.3;0.6
1158781;je300134c;water;O;14314-42-2;InChIKey=XLYOFNOQVPJJNP-UHFFFAOYSA-N;278.15;101.0;1427.35;0.05
1158782;je300134c;water;O;14314-42-2;InChIKey=XLYOFNOQVPJJNP-UHFFFAOYSA-N;288.15;101.0;1466.98;0.05
1158783;je300134c;water;O;14314-42-2;InChIKey=XLYOFNOQVPJJNP-UHFFFAOYSA-N;298.15;101.0;1497.34;0.05
1158784;je300134c;water;O;14314-42-2;InChIKey=XLYOFNOQVPJJNP-UHFFFAOYSA-N;308.15;101.0;1520.26;0.05
1158785;je300134c;water;O;14314-42-2;InChIKey=XLYOFNOQVPJJNP-UHFFFAOYSA-N;318.15;101.0;1536.76;0.05
1158786;je300134c;water;O;14314-42-2;InChIKey=XLYOFNOQVPJJNP-UHFFFAOYSA-N;328.15;101.0;1547.68;0.05
1158787;je300134c;water;O;14314-42-2;InChIKey=XLYOFNOQVPJJNP-UHFFFAOYSA-N;338.15;101.0;1553.61;0.05
1168972;je300384g;1-butanol;CCCCO;107569-51-7;InChIKey=LRHPLDYGYMQRHN-UHFFFAOYSA-N;298.15;101.0;1240.0;1.0
1168973;je300384g;1-butanol;CCCCO;107569-51-7;InChIKey=LRHPLDYGYMQRHN-UHFFFAOYSA-N;313.15;101.0;1190.0;1.0
1168974;je300384g;1-butanol;CCCCO;107569-51-7;InChIKey=LRHPLDYGYMQRHN-UHFFFAOYSA-N;328.15;101.0;1140.0;1.0
1226875;je400134d;heptane;CCCCCCC;142-82-5;InChIKey=IMNFDUFMRHMDMM-UHFFFAOYSA-N;293.15;101.325;1150.9;0.1
1226876;je400134d;heptane;CCCCCCC;142-82-5;InChIKey=IMNFDUFMRHMDMM-UHFFFAOYSA-N;298.15;101.325;1129.6;0.1
1226877;je400134d;heptane;CCCCCCC;142-82-5;InChIKey=IMNFDUFMRHMDMM-UHFFFAOYSA-N;303.15;101.325;1111.2;0.1
1256103;je400539h;tetrahydrofuran;C1CCOC1;77392-70-2;InChIKey=WYURNTSHIVDZCO-UHFFFAOYSA-N;298.15;101.0;1268.0;1.0
1256104;je400539h;tetrahydrofuran;C1CCOC1;77392-70-2;InChIKey=WYURNTSHIVDZCO-UHFFFAOYSA-N;303.15;101.0;1248.0;1.0
1256105;je400539h;tetrahydrofuran;C1CCOC1;77392-70-2;InChIKey=WYURNTSHIVDZCO-UHFFFAOYSA-N;308.15;101.0;1228.0;1.0
1256106;je400539h;tetrahydrofuran;C1CCOC1;77392-70-2;InChIKey=WYURNTSHIVDZCO-UHFFFAOYSA-N;313.15;101.0;1212.0;1.0
1267852;je400781b;tetrahydrofuran;C1CCOC1;77392-70-2;InChIKey=WYURNTSHIVDZCO-UHFFFAOYSA-N;293.15;101.0;1301.9;0.5
1267853;je400781b;tetrahydrofuran;C1CCOC1;77392-70-2;InChIKey=WYURNTSHIVDZCO-UHFFFAOYSA-N;298.15;101.0;1277.5;0.5
1267854;je400781b;tetrahydrofuran;C1CCOC1;77392-70-2;InChIKey=WYURNTSHIVDZCO-UHFFFAOYSA-N;303.15;101.0;1253.2;0.5
1267855;je400781b;tetrahydrofuran;C1CCOC1;77392-70-2;InChIKey=WYURNTSHIVDZCO-UHFFFAOYSA-N;308.15;101.0;1229.0;0.5
1323262;je500594z;ethanol;CCO;121182-78-3;InChIKey=LFQSCWFLJHTTHZ-UHFFFAOYSA-N;278.15;101.0;1212.93;0.02
1323263;je500594z;ethanol;CCO;121182-78-3;InChIKey=LFQSCWFLJHTTHZ-UHFFFAOYSA-N;298.15;101.0;1143.07;0.02
1323264;je500594z;ethanol;CCO;121182-78-3;InChIKey=LFQSCWFLJHTTHZ-UHFFFAOYSA-N;318.15;101.0;1075.67;0.02
1323265;je500594z;ethanol;CCO;121182-78-3;InChIKey=LFQSCWFLJHTTHZ-UHFFFAOYSA-N;338.15;101.0;1009.39;0.02
1332607;je5007604;1-butanol;CCCCO;107569-51-7;InChIKey=LRHPLDYGYMQRHN-UHFFFAOYSA-N;293.151;101.0;1257.01;0.5
1332608;je5007604;1-butanol;CCCCO;107569-51-7;InChIKey=LRHPLDYGYMQRHN-UHFFFAOYSA-N;298.149;101.0;1240.37;0.5
1332609;je5007604;1-butanol;CCCCO;107569-51-7;InChIKey=LRHPLDYGYMQRHN-UHFFFAOYSA-N;303.149;101.0;1223.64;0.5
1332610;je5007604;1-butanol;CCCCO;107569-51-7;InChIKey=LRHPLDYGYMQRHN-UHFFFAOYSA-N;308.149;101.0;1206.95;0.5
1332611;je5007604;1-butanol;CCCCO;107569-51-7;InChIKey=LRHPLDYGYMQRHN-UHFFFAOYSA-N;313.149;101.0;1190.34;0.5
1332612;je5007604;1-butanol;CCCCO;107569-51-7;InChIKey=LRHPLDYGYMQRHN-UHFFFAOYSA-N;318.149;101.0;1173.84;0.5
1332613;je5007604;1-butanol;CCCCO;107569-51-7;InChIKey=LRHPLDYGYMQRHN-UHFFFAOYSA-N;323.149;101.0;1157.36;0.5
1389000;je7001804;ethanol;CCO;121182-78-3;InChIKey=LFQSCWFLJHTTHZ-UHFFFAOYSA-N;278.15;101.325;1212.52;0.05
1389001;je7001804;ethanol;CCO;121182-78-3;InChIKey=LFQSCWFLJHTTHZ-UHFFFAOYSA-N;288.15;101.325;1177.69;0.05
1389002;je7001804;ethanol;CCO;121182-78-3;InChIKey=LFQSCWFLJHTTHZ-UHFFFAOYSA-N;298.15;101.325;1142.88;0.05
1389003;je7001804;ethanol;CCO;121182-78-3;InChIKey=LFQSCWFLJHTTHZ-UHFFFAOYSA-N;308.15;101.325;1109.16;0.05
1389004;je7001804;ethanol;CCO;121182-78-3;InChIKey=LFQSCWFLJHTTHZ-UHFFFAOYSA-N;318.15;101.325;1075.8;0.05
1389005;je7001804;ethanol;CCO;121182-78-3;InChIKey=LFQSCWFLJHTTHZ-UHFFFAOYSA-N;328.15;101.325;1042.79;0.05
1405071;je700281z;1-butanol;CCCCO;107569-51-7;InChIKey=LRHPLDYGYMQRHN-UHFFFAOYSA-N;293.15;101.325;1256.74;0.1
1405072;je700281z;1-butanol;CCCCO;107569-51-7;InChIKey=LRHPLDYGYMQRHN-UHFFFAOYSA-N;298.15;101.325;1239.19;0.1
1405073;je700281z;1-butanol;CCCCO;107569-51-7;InChIKey=LRHPLDYGYMQRHN-UHFFFAOYSA-N;303.15;101.325;1222.7;0.1
1413628;je700338t;tetrahydrofuran;C1CCOC1;77392-70-2;InChIKey=WYURNTSHIVDZCO-UHFFFAOYSA-N;298.15;101.325;1278.24;0.5
1434795;je7005727;1-butanol;CCCCO;107569-51-7;InChIKey=LRHPLDYGYMQRHN-UHFFFAOYSA-N;293.15;101.325;1256.74;0.1
1434796;je7005727;1-butanol;CCCCO;107569-51-7;InChIKey=LRHPLDYGYMQRHN-UHFFFAOYSA-N;298.15;101.325;1239.19;0.1
1434797;je7005727;1-butanol;CCCCO;107569-51-7;InChIKey=LRHPLDYGYMQRHN-UHFFFAOYSA-N;303.15;101.325;1222.7;0.1
1449736;je7007654;1-butanol;CCCCO;107569-51-7;InChIKey=LRHPLDYGYMQRHN-UHFFFAOYSA-N;298.15;101.0;1240.5;0.1
1449737;je7007654;1-butanol;CCCCO;107569-51-7;InChIKey=LRHPLDYGYMQRHN-UHFFFAOYSA-N;303.15;101.0;1226.5;0.1
1449738;je7007654;1-butanol;CCCCO;107569-51-7;InChIKey=LRHPLDYGYMQRHN-UHFFFAOYSA-N;308.15;101.0;1209.8;0.1
1532459;je800981d;ethanol;CCO;121182-78-3;InChIKey=LFQSCWFLJHTTHZ-UHFFFAOYSA-N;298.15;101.0;1146.0;1.0
1532460;je800981d;ethanol;CCO;121182-78-3;InChIKey=LFQSCWFLJHTTHZ-UHFFFAOYSA-N;313.15;101.0;1093.0;1.0
1532461;je800981d;ethanol;CCO;121182-78-3;InChIKey=LFQSCWFLJHTTHZ-UHFFFAOYSA-N;328.15;101.0;1043.0;1.0
1555960;je900274n;methyl tert-butyl ether;COC(C)(C)C;1634-04-4;InChIKey=BZLVMXJERCGZMT-UHFFFAOYSA-N;298.15;101.0;1037.0;1.0
1555963;je900274n;isopropyl ether;CC(C)OC(C)C;108-20-3;InChIKey=ZAFNJMIOTHYJRJ-UHFFFAOYSA-N;298.15;101.0;997.0;1.0
1564481;je9003959;water;O;14314-42-2;InChIKey=XLYOFNOQVPJJNP-UHFFFAOYSA-N;293.0;101.0;1482.72;0.29
1564482;je9003959;water;O;14314-42-2;InChIKey=XLYOFNOQVPJJNP-UHFFFAOYSA-N;298.0;101.0;1496.94;0.29
1564483;je9003959;water;O;14314-42-2;InChIKey=XLYOFNOQVPJJNP-UHFFFAOYSA-N;303.0;101.0;1509.36;0.29
1564484;je9003959;water;O;14314-42-2;InChIKey=XLYOFNOQVPJJNP-UHFFFAOYSA-N;313.0;101.0;1529.06;0.29
1564485;je9003959;water;O;14314-42-2;InChIKey=XLYOFNOQVPJJNP-UHFFFAOYSA-N;323.0;101.0;1542.73;0.29
1587176;je900597n;methyl tert-butyl ether;COC(C)(C)C;1634-04-4;InChIKey=BZLVMXJERCGZMT-UHFFFAOYSA-N;288.15;101.0;1086.62;0.05
1587177;je900597n;methyl tert-butyl ether;COC(C)(C)C;1634-04-4;InChIKey=BZLVMXJERCGZMT-UHFFFAOYSA-N;293.15;101.0;1063.43;0.05
1587178;je900597n;methyl tert-butyl ether;COC(C)(C)C;1634-04-4;InChIKey=BZLVMXJERCGZMT-UHFFFAOYSA-N;298.15;101.0;1040.35;0.05
1587179;je900597n;methyl tert-butyl ether;COC(C)(C)C;1634-04-4;InChIKey=BZLVMXJERCGZMT-UHFFFAOYSA-N;303.15;101.0;1017.42;0.05
1587180;je900597n;methyl tert-butyl ether;COC(C)(C)C;1634-04-4;InChIKey=BZLVMXJERCGZMT-UHFFFAOYSA-N;308.15;101.0;994.68;0.05
1587181;je900597n;methyl tert-butyl ether;COC(C)(C)C;1634-04-4;InChIKey=BZLVMXJERCGZMT-UHFFFAOYSA-N;288.15;101.0;1086.92;0.05
1591639;je9006597;heptane;CCCCCCC;142-82-5;InChIKey=IMNFDUFMRHMDMM-UHFFFAOYSA-N;303.15;101.0;1116.0;2.232
1591640;je9006597;heptane;CCCCCCC;142-82-5;InChIKey=IMNFDUFMRHMDMM-UHFFFAOYSA-N;308.15;101.0;1092.0;2.184
1591641;je9006597;heptane;CCCCCCC;142-82-5;InChIKey=IMNFDUFMRHMDMM-UHFFFAOYSA-N;313.15;101.0;1072.0;2.144
1634125;je9010882;ethanol;CCO;121182-78-3;InChIKey=LFQSCWFLJHTTHZ-UHFFFAOYSA-N;298.15;101.0;1142.02;1.0
1662267;j.tca.2005.10.008;isopropyl ether;CC(C)OC(C)C;108-20-3;InChIKey=ZAFNJMIOTHYJRJ-UHFFFAOYSA-N;303.15;101.325;974.9;1.46235
1662277;j.tca.2005.10.008;heptane;CCCCCCC;142-82-5;InChIKey=IMNFDUFMRHMDMM-UHFFFAOYSA-N;303.15;101.325;1110.5;1.66575
1662284;j.tca.2005.10.008;2,2,4-trimethylpentane;CC(C)CC(C)(C)C;31921-36-5;InChIKey=NHTMVDHEPJAVLT-UHFFFAOYSA-N;303.15;101.325;1060.8;1.5912
1675535;j.tca.2008.06.004;heptane;CCCCCCC;142-82-5;InChIKey=IMNFDUFMRHMDMM-UHFFFAOYSA-N;308.15;101.325;1088.0;1.0
1681356;j.tca.2009.03.014;ethanol;CCO;121182-78-3;InChIKey=LFQSCWFLJHTTHZ-UHFFFAOYSA-N;308.15;101.325;1112.0;1.0
1681362;j.tca.2009.03.014;1-butanol;CCCCO;107569-51-7;InChIKey=LRHPLDYGYMQRHN-UHFFFAOYSA-N;308.15;101.325;1232.2;1.0
1687836;j.tca.2010.03.012;heptane;CCCCCCC;142-82-5;InChIKey=IMNFDUFMRHMDMM-UHFFFAOYSA-N;298.15;101.325;1088.0;1.0
1689256;j.tca.2010.04.025;tetrahydrofuran;C1CCOC1;77392-70-2;InChIKey=WYURNTSHIVDZCO-UHFFFAOYSA-N;303.15;101.0;1256.0;1.0
1689257;j.tca.2010.04.025;tetrahydrofuran;C1CCOC1;77392-70-2;InChIKey=WYURNTSHIVDZCO-UHFFFAOYSA-N;313.15;101.0;1212.0;1.0
1689258;j.tca.2010.04.025;tetrahydrofuran;C1CCOC1;77392-70-2;InChIKey=WYURNTSHIVDZCO-UHFFFAOYSA-N;323.15;101.0;1171.0;1.0
1694757;j.tca.2011.01.019;isopropyl ether;CC(C)OC(C)C;108-20-3;InChIKey=ZAFNJMIOTHYJRJ-UHFFFAOYSA-N;303.15;101.0;976.0;1.0
1694758;j.tca.2011.01.019;isopropyl ether;CC(C)OC(C)C;108-20-3;InChIKey=ZAFNJMIOTHYJRJ-UHFFFAOYSA-N;313.15;101.0;932.0;1.0
1694759;j.tca.2011.01.019;isopropyl ether;CC(C)OC(C)C;108-20-3;InChIKey=ZAFNJMIOTHYJRJ-UHFFFAOYSA-N;323.15;101.0;889.0;1.0
1694763;j.tca.2011.01.019;tetrahydrofuran;C1CCOC1;77392-70-2;InChIKey=WYURNTSHIVDZCO-UHFFFAOYSA-N;303.15;101.0;1254.0;1.0
1694764;j.tca.2011.01.019;tetrahydrofuran;C1CCOC1;77392-70-2;InChIKey=WYURNTSHIVDZCO-UHFFFAOYSA-N;313.15;101.0;1207.0;1.0
1694765;j.tca.2011.01.019;tetrahydrofuran;C1CCOC1;77392-70-2;InChIKey=WYURNTSHIVDZCO-UHFFFAOYSA-N;323.15;101.0;1165.0;1.0
1695690;j.tca.2011.02.004;isopropyl ether;CC(C)OC(C)C;108-20-3;InChIKey=ZAFNJMIOTHYJRJ-UHFFFAOYSA-N;303.15;101.325;976.0;1.0
1695691;j.tca.2011.02.004;isopropyl ether;CC(C)OC(C)C;108-20-3;InChIKey=ZAFNJMIOTHYJRJ-UHFFFAOYSA-N;313.15;101.325;932.0;1.0
1695692;j.tca.2011.02.004;isopropyl ether;CC(C)OC(C)C;108-20-3;InChIKey=ZAFNJMIOTHYJRJ-UHFFFAOYSA-N;323.15;101.325;889.0;1.0
1695696;j.tca.2011.02.004;tetrahydrofuran;C1CCOC1;77392-70-2;InChIKey=WYURNTSHIVDZCO-UHFFFAOYSA-N;303.15;101.325;1254.0;1.0
1695697;j.tca.2011.02.004;tetrahydrofuran;C1CCOC1;77392-70-2;InChIKey=WYURNTSHIVDZCO-UHFFFAOYSA-N;313.15;101.325;1207.0;1.0
1695698;j.tca.2011.02.004;tetrahydrofuran;C1CCOC1;77392-70-2;InChIKey=WYURNTSHIVDZCO-UHFFFAOYSA-N;323.15;101.325;1165.0;1.0
1698206;j.tca.2011.06.003;1-butanol;CCCCO;107569-51-7;InChIKey=LRHPLDYGYMQRHN-UHFFFAOYSA-N;298.15;101.325;1241.1;0.01
1699220;j.tca.2011.07.005;isopropyl ether;CC(C)OC(C)C;108-20-3;InChIKey=ZAFNJMIOTHYJRJ-UHFFFAOYSA-N;303.15;101.0;976.0;1.0
1699221;j.tca.2011.07.005;isopropyl ether;CC(C)OC(C)C;108-20-3;InChIKey=ZAFNJMIOTHYJRJ-UHFFFAOYSA-N;313.15;101.0;932.0;1.0
1699222;j.tca.2011.07.005;isopropyl ether;CC(C)OC(C)C;108-20-3;InChIKey=ZAFNJMIOTHYJRJ-UHFFFAOYSA-N;323.15;101.0;889.0;1.0
1699226;j.tca.2011.07.005;tetrahydrofuran;C1CCOC1;77392-70-2;InChIKey=WYURNTSHIVDZCO-UHFFFAOYSA-N;303.15;101.0;1254.0;1.0
1699227;j.tca.2011.07.005;tetrahydrofuran;C1CCOC1;77392-70-2;InChIKey=WYURNTSHIVDZCO-UHFFFAOYSA-N;313.15;101.0;1207.0;1.0
1699228;j.tca.2011.07.005;tetrahydrofuran;C1CCOC1;77392-70-2;InChIKey=WYURNTSHIVDZCO-UHFFFAOYSA-N;323.15;101.0;1165.0;1.0
1699504;j.tca.2011.07.023;heptane;CCCCCCC;142-82-5;InChIKey=IMNFDUFMRHMDMM-UHFFFAOYSA-N;283.15;101.325;1195.8;1.0
1699505;j.tca.2011.07.023;heptane;CCCCCCC;142-82-5;InChIKey=IMNFDUFMRHMDMM-UHFFFAOYSA-N;288.15;101.325;1174.2;1.0
1699506;j.tca.2011.07.023;heptane;CCCCCCC;142-82-5;InChIKey=IMNFDUFMRHMDMM-UHFFFAOYSA-N;293.15;101.325;1152.7;1.0
1699507;j.tca.2011.07.023;heptane;CCCCCCC;142-82-5;InChIKey=IMNFDUFMRHMDMM-UHFFFAOYSA-N;298.15;101.325;1131.1;1.0
1699508;j.tca.2011.07.023;heptane;CCCCCCC;142-82-5;InChIKey=IMNFDUFMRHMDMM-UHFFFAOYSA-N;303.15;101.325;1109.7;1.0
1699509;j.tca.2011.07.023;heptane;CCCCCCC;142-82-5;InChIKey=IMNFDUFMRHMDMM-UHFFFAOYSA-N;308.15;101.325;1088.4;1.0
1699510;j.tca.2011.07.023;heptane;CCCCCCC;142-82-5;InChIKey=IMNFDUFMRHMDMM-UHFFFAOYSA-N;313.15;101.325;1067.2;1.0
1719512;j.tca.2012.10.017;water;O;14314-42-2;InChIKey=XLYOFNOQVPJJNP-UHFFFAOYSA-N;288.15;101.0;1466.87;0.02
1719513;j.tca.2012.10.017;water;O;14314-42-2;InChIKey=XLYOFNOQVPJJNP-UHFFFAOYSA-N;298.15;101.0;1497.13;0.02
1719514;j.tca.2012.10.017;water;O;14314-42-2;InChIKey=XLYOFNOQVPJJNP-UHFFFAOYSA-N;308.15;101.0;1519.8;0.02
1719515;j.tca.2012.10.017;water;O;14314-42-2;InChIKey=XLYOFNOQVPJJNP-UHFFFAOYSA-N;318.15;101.0;1536.42;0.02
1727634;j.tca.2013.05.015;ethanol;CCO;121182-78-3;InChIKey=LFQSCWFLJHTTHZ-UHFFFAOYSA-N;298.15;101.325;1149.0;1.0
1727635;j.tca.2013.05.015;ethanol;CCO;121182-78-3;InChIKey=LFQSCWFLJHTTHZ-UHFFFAOYSA-N;303.15;101.325;1128.0;1.0
1727636;j.tca.2013.05.015;ethanol;CCO;121182-78-3;InChIKey=LFQSCWFLJHTTHZ-UHFFFAOYSA-N;308.15;101.325;1098.0;1.0
1727637;j.tca.2013.05.015;ethanol;CCO;121182-78-3;InChIKey=LFQSCWFLJHTTHZ-UHFFFAOYSA-N;313.15;101.325;1086.0;1.0
1731657;j.tca.2013.08.002;water;O;14314-42-2;InChIKey=XLYOFNOQVPJJNP-UHFFFAOYSA-N;288.15;101.0;1465.94;5.0
1731658;j.tca.2013.08.002;water;O;14314-42-2;InChIKey=XLYOFNOQVPJJNP-UHFFFAOYSA-N;293.15;101.0;1482.38;5.0
1731659;j.tca.2013.08.002;water;O;14314-42-2;InChIKey=XLYOFNOQVPJJNP-UHFFFAOYSA-N;298.15;101.0;1496.46;5.0
1731660;j.tca.2013.08.002;water;O;14314-42-2;InChIKey=XLYOFNOQVPJJNP-UHFFFAOYSA-N;303.15;101.0;1509.18;5.0
1731661;j.tca.2013.08.002;water;O;14314-42-2;InChIKey=XLYOFNOQVPJJNP-UHFFFAOYSA-N;308.15;101.0;1519.44;5.0
1731662;j.tca.2013.08.002;water;O;14314-42-2;InChIKey=XLYOFNOQVPJJNP-UHFFFAOYSA-N;313.15;101.0;1528.92;5.0
1731663;j.tca.2013.08.002;water;O;14314-42-2;InChIKey=XLYOFNOQVPJJNP-UHFFFAOYSA-N;318.15;101.0;1536.42;5.0
1733945;j.tca.2013.09.006;water;O;14314-42-2;InChIKey=XLYOFNOQVPJJNP-UHFFFAOYSA-N;305.15;101.0;1513.49;1.0
1733946;j.tca.2013.09.006;water;O;14314-42-2;InChIKey=XLYOFNOQVPJJNP-UHFFFAOYSA-N;310.15;101.0;1523.5;1.0
1733947;j.tca.2013.09.006;water;O;14314-42-2;InChIKey=XLYOFNOQVPJJNP-UHFFFAOYSA-N;315.15;101.0;1532.17;1.0
1737542;j.tca.2013.12.015;water;O;14314-42-2;InChIKey=XLYOFNOQVPJJNP-UHFFFAOYSA-N;288.15;101.0;1466.69;0.3
1737543;j.tca.2013.12.015;water;O;14314-42-2;InChIKey=XLYOFNOQVPJJNP-UHFFFAOYSA-N;293.15;101.0;1482.47;0.3
1737544;j.tca.2013.12.015;water;O;14314-42-2;InChIKey=XLYOFNOQVPJJNP-UHFFFAOYSA-N;298.15;101.0;1496.62;0.3
1737545;j.tca.2013.12.015;water;O;14314-42-2;InChIKey=XLYOFNOQVPJJNP-UHFFFAOYSA-N;303.15;101.0;1508.98;0.3
1737546;j.tca.2013.12.015;water;O;14314-42-2;InChIKey=XLYOFNOQVPJJNP-UHFFFAOYSA-N;308.15;101.0;1519.62;0.3
1738697;j.tca.2013.12.021;water;O;14314-42-2;InChIKey=XLYOFNOQVPJJNP-UHFFFAOYSA-N;293.15;101.0;1483.54;0.2
1738698;j.tca.2013.12.021;water;O;14314-42-2;InChIKey=XLYOFNOQVPJJNP-UHFFFAOYSA-N;298.15;101.0;1497.48;0.2
1738699;j.tca.2013.12.021;water;O;14314-42-2;InChIKey=XLYOFNOQVPJJNP-UHFFFAOYSA-N;303.15;101.0;1509.86;0.2
1738700;j.tca.2013.12.021;water;O;14314-42-2;InChIKey=XLYOFNOQVPJJNP-UHFFFAOYSA-N;308.15;101.0;1520.47;0.2
1738701;j.tca.2013.12.021;water;O;14314-42-2;InChIKey=XLYOFNOQVPJJNP-UHFFFAOYSA-N;313.15;101.0;1529.53;0.2
1738702;j.tca.2013.12.021;water;O;14314-42-2;InChIKey=XLYOFNOQVPJJNP-UHFFFAOYSA-N;293.15;101.0;1483.58;0.2
1738703;j.tca.2013.12.021;water;O;14314-42-2;InChIKey=XLYOFNOQVPJJNP-UHFFFAOYSA-N;298.15;101.0;1497.58;0.2
1738704;j.tca.2013.12.021;water;O;14314-42-2;InChIKey=XLYOFNOQVPJJNP-UHFFFAOYSA-N;303.15;101.0;1510.03;0.2
1738705;j.tca.2013.12.021;water;O;14314-42-2;InChIKey=XLYOFNOQVPJJNP-UHFFFAOYSA-N;308.15;101.0;1520.65;0.2
1738706;j.tca.2013.12.021;water;O;14314-42-2;InChIKey=XLYOFNOQVPJJNP-UHFFFAOYSA-N;313.15;101.0;1529.69;0.2
1748277;j.tca.2014.06.028;water;O;14314-42-2;InChIKey=XLYOFNOQVPJJNP-UHFFFAOYSA-N;288.15;101.0;1463.12;0.5
1748278;j.tca.2014.06.028;water;O;14314-42-2;InChIKey=XLYOFNOQVPJJNP-UHFFFAOYSA-N;293.15;101.0;1481.14;0.5
1748279;j.tca.2014.06.028;water;O;14314-42-2;InChIKey=XLYOFNOQVPJJNP-UHFFFAOYSA-N;298.15;101.0;1495.85;0.5
1748280;j.tca.2014.06.028;water;O;14314-42-2;InChIKey=XLYOFNOQVPJJNP-UHFFFAOYSA-N;303.15;101.0;1508.84;0.5
1748281;j.tca.2014.06.028;water;O;14314-42-2;InChIKey=XLYOFNOQVPJJNP-UHFFFAOYSA-N;308.15;101.0;1519.14;0.5
1749462;j.tca.2014.06.031;ethanol;CCO;121182-78-3;InChIKey=LFQSCWFLJHTTHZ-UHFFFAOYSA-N;298.15;101.0;1142.8;0.5
1784814;je501106d;heptane;CCCCCCC;142-82-5;InChIKey=IMNFDUFMRHMDMM-UHFFFAOYSA-N;302.15;1000.0;1112.9;17.8064
1784815;je501106d;heptane;CCCCCCC;142-82-5;InChIKey=IMNFDUFMRHMDMM-UHFFFAOYSA-N;302.15;2500.0;1126.4;18.0224
1784816;je501106d;heptane;CCCCCCC;142-82-5;InChIKey=IMNFDUFMRHMDMM-UHFFFAOYSA-N;302.15;4000.0;1139.0;18.224
1784817;je501106d;heptane;CCCCCCC;142-82-5;InChIKey=IMNFDUFMRHMDMM-UHFFFAOYSA-N;302.15;5500.0;1152.0;18.432
1784818;je501106d;heptane;CCCCCCC;142-82-5;InChIKey=IMNFDUFMRHMDMM-UHFFFAOYSA-N;302.15;7000.0;1163.2;18.6112
1784819;je501106d;heptane;CCCCCCC;142-82-5;InChIKey=IMNFDUFMRHMDMM-UHFFFAOYSA-N;302.15;8500.0;1174.3;18.7888
1784820;je501106d;heptane;CCCCCCC;142-82-5;InChIKey=IMNFDUFMRHMDMM-UHFFFAOYSA-N;318.15;1000.0;1054.1;16.8656
1784821;je501106d;heptane;CCCCCCC;142-82-5;InChIKey=IMNFDUFMRHMDMM-UHFFFAOYSA-N;318.15;2500.0;1066.6;17.0656
1784822;je501106d;heptane;CCCCCCC;142-82-5;InChIKey=IMNFDUFMRHMDMM-UHFFFAOYSA-N;318.15;4000.0;1079.0;17.264
1784823;je501106d;heptane;CCCCCCC;142-82-5;InChIKey=IMNFDUFMRHMDMM-UHFFFAOYSA-N;318.15;5500.0;1091.0;17.456
1784824;je501106d;heptane;CCCCCCC;142-82-5;InChIKey=IMNFDUFMRHMDMM-UHFFFAOYSA-N;318.15;7000.0;1102.0;17.632
1784825;je501106d;heptane;CCCCCCC;142-82-5;InChIKey=IMNFDUFMRHMDMM-UHFFFAOYSA-N;318.15;8500.0;1113.0;17.808
1784826;je501106d;heptane;CCCCCCC;142-82-5;InChIKey=IMNFDUFMRHMDMM-UHFFFAOYSA-N;333.15;1000.0;997.8;15.9648
1784827;je501106d;heptane;CCCCCCC;142-82-5;InChIKey=IMNFDUFMRHMDMM-UHFFFAOYSA-N;333.15;2500.0;1010.0;16.16
1784828;je501106d;heptane;CCCCCCC;142-82-5;InChIKey=IMNFDUFMRHMDMM-UHFFFAOYSA-N;333.15;4000.0;1022.0;16.352
1784829;je501106d;heptane;CCCCCCC;142-82-5;InChIKey=IMNFDUFMRHMDMM-UHFFFAOYSA-N;333.15;5500.0;1034.0;16.544
1784830;je501106d;heptane;CCCCCCC;142-82-5;InChIKey=IMNFDUFMRHMDMM-UHFFFAOYSA-N;333.15;7000.0;1045.0;16.72
1784831;je501106d;heptane;CCCCCCC;142-82-5;InChIKey=IMNFDUFMRHMDMM-UHFFFAOYSA-N;333.15;8500.0;1057.0;16.912
1784832;je501106d;heptane;CCCCCCC;142-82-5;InChIKey=IMNFDUFMRHMDMM-UHFFFAOYSA-N;348.15;1000.0;940.3;15.0448
1784833;je501106d;heptane;CCCCCCC;142-82-5;InChIKey=IMNFDUFMRHMDMM-UHFFFAOYSA-N;348.15;2500.0;952.9;15.2464
1784834;je501106d;heptane;CCCCCCC;142-82-5;InChIKey=IMNFDUFMRHMDMM-UHFFFAOYSA-N;348.15;4000.0;965.3;15.4448
1784835;je501106d;heptane;CCCCCCC;142-82-5;InChIKey=IMNFDUFMRHMDMM-UHFFFAOYSA-N;348.15;5500.0;977.6;15.6416
1784836;je501106d;heptane;CCCCCCC;142-82-5;InChIKey=IMNFDUFMRHMDMM-UHFFFAOYSA-N;348.15;7000.0;989.7;15.8352
1784837;je501106d;heptane;CCCCCCC;142-82-5;InChIKey=IMNFDUFMRHMDMM-UHFFFAOYSA-N;348.15;8500.0;1002.0;16.032
1784838;je501106d;heptane;CCCCCCC;142-82-5;InChIKey=IMNFDUFMRHMDMM-UHFFFAOYSA-N;363.15;1000.0;881.6;14.1056
1784839;je501106d;heptane;CCCCCCC;142-82-5;InChIKey=IMNFDUFMRHMDMM-UHFFFAOYSA-N;363.15;2500.0;895.3;14.3248
1784840;je501106d;heptane;CCCCCCC;142-82-5;InChIKey=IMNFDUFMRHMDMM-UHFFFAOYSA-N;363.15;4000.0;908.8;14.5408
1784841;je501106d;heptane;CCCCCCC;142-82-5;InChIKey=IMNFDUFMRHMDMM-UHFFFAOYSA-N;363.15;5500.0;922.0;14.752
1784842;je501106d;heptane;CCCCCCC;142-82-5;InChIKey=IMNFDUFMRHMDMM-UHFFFAOYSA-N;363.15;7000.0;934.9;14.9584
1784843;je501106d;heptane;CCCCCCC;142-82-5;InChIKey=IMNFDUFMRHMDMM-UHFFFAOYSA-N;363.15;8500.0;947.6;15.1616
1784844;je501106d;heptane;CCCCCCC;142-82-5;InChIKey=IMNFDUFMRHMDMM-UHFFFAOYSA-N;378.15;1000.0;821.8;13.1488
1784845;je501106d;heptane;CCCCCCC;142-82-5;InChIKey=IMNFDUFMRHMDMM-UHFFFAOYSA-N;378.15;2500.0;837.2;13.3952
1784846;je501106d;heptane;CCCCCCC;142-82-5;InChIKey=IMNFDUFMRHMDMM-UHFFFAOYSA-N;378.15;4000.0;852.2;13.6352
1784847;je501106d;heptane;CCCCCCC;142-82-5;InChIKey=IMNFDUFMRHMDMM-UHFFFAOYSA-N;378.15;5500.0;866.8;13.8688
1784848;je501106d;heptane;CCCCCCC;142-82-5;InChIKey=IMNFDUFMRHMDMM-UHFFFAOYSA-N;378.15;7000.0;881.0;14.096
1784849;je501106d;heptane;CCCCCCC;142-82-5;InChIKey=IMNFDUFMRHMDMM-UHFFFAOYSA-N;378.15;8500.0;894.7;14.3152
1784850;je501106d;heptane;CCCCCCC;142-82-5;InChIKey=IMNFDUFMRHMDMM-UHFFFAOYSA-N;393.15;1000.0;760.8;12.1728
1784851;je501106d;heptane;CCCCCCC;142-82-5;InChIKey=IMNFDUFMRHMDMM-UHFFFAOYSA-N;393.15;2500.0;778.7;12.4592
1784852;je501106d;heptane;CCCCCCC;142-82-5;InChIKey=IMNFDUFMRHMDMM-UHFFFAOYSA-N;393.15;4000.0;795.8;12.7328
1784853;je501106d;heptane;CCCCCCC;142-82-5;InChIKey=IMNFDUFMRHMDMM-UHFFFAOYSA-N;393.15;5500.0;812.2;12.9952
1784854;je501106d;heptane;CCCCCCC;142-82-5;InChIKey=IMNFDUFMRHMDMM-UHFFFAOYSA-N;393.15;7000.0;827.9;13.2464
1784855;je501106d;heptane;CCCCCCC;142-82-5;InChIKey=IMNFDUFMRHMDMM-UHFFFAOYSA-N;393.15;8500.0;842.9;13.4864
1795164;cs.jced.5b00317;water;O;14314-42-2;InChIKey=XLYOFNOQVPJJNP-UHFFFAOYSA-N;298.15;101.0;1496.98;0.05
1795165;cs.jced.5b00317;water;O;14314-42-2;InChIKey=XLYOFNOQVPJJNP-UHFFFAOYSA-N;303.15;101.0;1509.41;0.05
1795166;cs.jced.5b00317;water;O;14314-42-2;InChIKey=XLYOFNOQVPJJNP-UHFFFAOYSA-N;308.15;101.0;1520.14;0.05
1795167;cs.jced.5b00317;water;O;14314-42-2;InChIKey=XLYOFNOQVPJJNP-UHFFFAOYSA-N;313.15;101.0;1529.23;0.05
1795168;cs.jced.5b00317;water;O;14314-42-2;InChIKey=XLYOFNOQVPJJNP-UHFFFAOYSA-N;318.15;101.0;1536.77;0.05
1795169;cs.jced.5b00317;water;O;14314-42-2;InChIKey=XLYOFNOQVPJJNP-UHFFFAOYSA-N;323.15;101.0;1542.86;0.05
1796972;cs.jced.5b00343;1-butanol;CCCCO;107569-51-7;InChIKey=LRHPLDYGYMQRHN-UHFFFAOYSA-N;303.15;101.0;1222.7;0.5
1796973;cs.jced.5b00343;1-butanol;CCCCO;107569-51-7;InChIKey=LRHPLDYGYMQRHN-UHFFFAOYSA-N;308.15;101.0;1206.3;0.5
1796974;cs.jced.5b00343;1-butanol;CCCCO;107569-51-7;InChIKey=LRHPLDYGYMQRHN-UHFFFAOYSA-N;313.15;101.0;1189.4;0.5
1796975;cs.jced.5b00343;1-butanol;CCCCO;107569-51-7;InChIKey=LRHPLDYGYMQRHN-UHFFFAOYSA-N;318.15;101.0;1172.8;0.5
1796976;cs.jced.5b00343;1-butanol;CCCCO;107569-51-7;InChIKey=LRHPLDYGYMQRHN-UHFFFAOYSA-N;323.15;101.0;1156.7;0.5
