,filename,x1,x2,smiles1,smiles2,components,Mole fraction,"Temperature, K","Pressure, kPa",Activity coefficient,Activity coefficient_std
331613,j.jct.2013.05.011,pentane,bis(2-hydroxyethyl) ether,CCCCC,OCCOCCO,n-pentane__diethylene glycol,0.0,333.2,101.0,70.18,4.2108
331614,j.jct.2013.05.011,pentane,bis(2-hydroxyethyl) ether,CCCCC,OCCOCCO,n-pentane__diethylene glycol,0.0,348.2,101.0,53.76,3.2256
331615,j.jct.2013.05.011,pentane,bis(2-hydroxyethyl) ether,CCCCC,OCCOCCO,n-pentane__diethylene glycol,0.0,363.2,101.0,54.19,3.2514
331616,j.jct.2013.05.011,hexane,bis(2-hydroxyethyl) ether,CCCCCC,OCCOCCO,n-hexane__diethylene glycol,0.0,333.2,101.0,95.73,2.8719
331617,j.jct.2013.05.011,hexane,bis(2-hydroxyethyl) ether,CCCCCC,OCCOCCO,n-hexane__diethylene glycol,0.0,348.2,101.0,84.01,2.5203
331618,j.jct.2013.05.011,hexane,bis(2-hydroxyethyl) ether,CCCCCC,OCCOCCO,n-hexane__diethylene glycol,0.0,363.2,101.0,82.36,2.4708
331619,j.jct.2013.05.011,bis(2-hydroxyethyl) ether,heptane,OCCOCCO,CCCCCCC,diethylene glycol__n-heptane,0.0,333.2,101.0,131.3,3.939
331620,j.jct.2013.05.011,bis(2-hydroxyethyl) ether,heptane,OCCOCCO,CCCCCCC,diethylene glycol__n-heptane,0.0,348.2,101.0,122.2,3.666
331621,j.jct.2013.05.011,bis(2-hydroxyethyl) ether,heptane,OCCOCCO,CCCCCCC,diethylene glycol__n-heptane,0.0,363.2,101.0,95.37,2.8611
331622,j.jct.2013.05.011,bis(2-hydroxyethyl) ether,octane,OCCOCCO,CCCCCCCC,diethylene glycol__n-octane,0.0,333.2,101.0,187.6,5.628
331623,j.jct.2013.05.011,bis(2-hydroxyethyl) ether,octane,OCCOCCO,CCCCCCCC,diethylene glycol__n-octane,0.0,348.2,101.0,168.0,5.04
331624,j.jct.2013.05.011,bis(2-hydroxyethyl) ether,octane,OCCOCCO,CCCCCCCC,diethylene glycol__n-octane,0.0,363.2,101.0,145.6,4.368
331625,j.jct.2013.05.011,bis(2-hydroxyethyl) ether,nonane,OCCOCCO,CCCCCCCCC,diethylene glycol__n-nonane,0.0,333.2,101.0,263.9,7.917
331626,j.jct.2013.05.011,bis(2-hydroxyethyl) ether,nonane,OCCOCCO,CCCCCCCCC,diethylene glycol__n-nonane,0.0,348.2,101.0,230.4,6.912
331627,j.jct.2013.05.011,bis(2-hydroxyethyl) ether,nonane,OCCOCCO,CCCCCCCCC,diethylene glycol__n-nonane,0.0,363.2,101.0,193.4,5.802
331649,j.jct.2013.05.011,bis(2-hydroxyethyl) ether,cyclopentane,OCCOCCO,C1CCCC1,diethylene glycol__cyclopentane,0.0,333.2,101.0,30.92,0.9276
331650,j.jct.2013.05.011,bis(2-hydroxyethyl) ether,cyclopentane,OCCOCCO,C1CCCC1,diethylene glycol__cyclopentane,0.0,348.2,101.0,27.6,0.828
331651,j.jct.2013.05.011,bis(2-hydroxyethyl) ether,cyclopentane,OCCOCCO,C1CCCC1,diethylene glycol__cyclopentane,0.0,363.2,101.0,25.92,0.7776
331652,j.jct.2013.05.011,cyclohexane,bis(2-hydroxyethyl) ether,C1CCCCC1,OCCOCCO,cyclohexane__diethylene glycol,0.0,333.2,101.0,42.74,1.2822
331653,j.jct.2013.05.011,cyclohexane,bis(2-hydroxyethyl) ether,C1CCCCC1,OCCOCCO,cyclohexane__diethylene glycol,0.0,348.2,101.0,39.19,1.1757
331654,j.jct.2013.05.011,cyclohexane,bis(2-hydroxyethyl) ether,C1CCCCC1,OCCOCCO,cyclohexane__diethylene glycol,0.0,363.2,101.0,34.88,1.0464
331655,j.jct.2013.05.011,bis(2-hydroxyethyl) ether,cycloheptane,OCCOCCO,C1CCCCCC1,diethylene glycol__cycloheptane,0.0,333.2,101.0,52.38,1.5714
331656,j.jct.2013.05.011,bis(2-hydroxyethyl) ether,cycloheptane,OCCOCCO,C1CCCCCC1,diethylene glycol__cycloheptane,0.0,348.2,101.0,47.41,1.4223
331657,j.jct.2013.05.011,bis(2-hydroxyethyl) ether,cycloheptane,OCCOCCO,C1CCCCCC1,diethylene glycol__cycloheptane,0.0,363.2,101.0,42.11,1.2633
331658,j.jct.2013.05.011,bis(2-hydroxyethyl) ether,cyclooctane,OCCOCCO,C1CCCCCCC1,diethylene glycol__cyclooctane,0.0,333.2,101.0,70.67,2.1201
331659,j.jct.2013.05.011,bis(2-hydroxyethyl) ether,cyclooctane,OCCOCCO,C1CCCCCCC1,diethylene glycol__cyclooctane,0.0,348.2,101.0,61.34,1.8402
331660,j.jct.2013.05.011,bis(2-hydroxyethyl) ether,cyclooctane,OCCOCCO,C1CCCCCCC1,diethylene glycol__cyclooctane,0.0,363.2,101.0,52.21,1.5663
331661,j.jct.2013.05.011,methanol,bis(2-hydroxyethyl) ether,CO,OCCOCCO,methanol__diethylene glycol,0.0,333.2,101.0,0.988,0.02964
331662,j.jct.2013.05.011,methanol,bis(2-hydroxyethyl) ether,CO,OCCOCCO,methanol__diethylene glycol,0.0,348.2,101.0,1.01,0.0303
331663,j.jct.2013.05.011,methanol,bis(2-hydroxyethyl) ether,CO,OCCOCCO,methanol__diethylene glycol,0.0,363.2,101.0,1.02,0.0306
331664,j.jct.2013.05.011,ethanol,bis(2-hydroxyethyl) ether,CCO,OCCOCCO,ethanol__diethylene glycol,0.0,333.2,101.0,1.47,0.0441
331665,j.jct.2013.05.011,ethanol,bis(2-hydroxyethyl) ether,CCO,OCCOCCO,ethanol__diethylene glycol,0.0,348.2,101.0,1.46,0.0438
331666,j.jct.2013.05.011,ethanol,bis(2-hydroxyethyl) ether,CCO,OCCOCCO,ethanol__diethylene glycol,0.0,363.2,101.0,1.46,0.0438
331667,j.jct.2013.05.011,1-propanol,bis(2-hydroxyethyl) ether,CCCO,OCCOCCO,1-propanol__diethylene glycol,0.0,333.2,101.0,1.8,0.054
331668,j.jct.2013.05.011,1-propanol,bis(2-hydroxyethyl) ether,CCCO,OCCOCCO,1-propanol__diethylene glycol,0.0,348.2,101.0,1.77,0.0531
331669,j.jct.2013.05.011,1-propanol,bis(2-hydroxyethyl) ether,CCCO,OCCOCCO,1-propanol__diethylene glycol,0.0,363.2,101.0,1.74,0.0522
331670,j.jct.2013.05.011,2-propanol,bis(2-hydroxyethyl) ether,CC(C)O,OCCOCCO,2-propanol__diethylene glycol,0.0,333.2,101.0,1.79,0.0537
331671,j.jct.2013.05.011,2-propanol,bis(2-hydroxyethyl) ether,CC(C)O,OCCOCCO,2-propanol__diethylene glycol,0.0,348.2,101.0,1.77,0.0531
331672,j.jct.2013.05.011,2-propanol,bis(2-hydroxyethyl) ether,CC(C)O,OCCOCCO,2-propanol__diethylene glycol,0.0,363.2,101.0,1.74,0.0522
331673,j.jct.2013.05.011,benzene,bis(2-hydroxyethyl) ether,c1ccccc1,OCCOCCO,benzene__diethylene glycol,0.0,333.2,101.0,7.33,0.2199
331674,j.jct.2013.05.011,benzene,bis(2-hydroxyethyl) ether,c1ccccc1,OCCOCCO,benzene__diethylene glycol,0.0,348.2,101.0,7.21,0.2163
331675,j.jct.2013.05.011,benzene,bis(2-hydroxyethyl) ether,c1ccccc1,OCCOCCO,benzene__diethylene glycol,0.0,363.2,101.0,7.05,0.2115
331676,j.jct.2013.05.011,toluene,bis(2-hydroxyethyl) ether,Cc1ccccc1,OCCOCCO,toluene__diethylene glycol,0.0,333.2,101.0,11.22,0.3366
331677,j.jct.2013.05.011,toluene,bis(2-hydroxyethyl) ether,Cc1ccccc1,OCCOCCO,toluene__diethylene glycol,0.0,348.2,101.0,10.94,0.3282
331678,j.jct.2013.05.011,toluene,bis(2-hydroxyethyl) ether,Cc1ccccc1,OCCOCCO,toluene__diethylene glycol,0.0,363.2,101.0,10.53,0.3159
331679,j.jct.2013.05.011,ethylbenzene,bis(2-hydroxyethyl) ether,CCc1ccccc1,OCCOCCO,ethylbenzene__diethylene glycol,0.0,333.2,101.0,16.8,0.504
331680,j.jct.2013.05.011,ethylbenzene,bis(2-hydroxyethyl) ether,CCc1ccccc1,OCCOCCO,ethylbenzene__diethylene glycol,0.0,348.2,101.0,16.12,0.4836
331681,j.jct.2013.05.011,ethylbenzene,bis(2-hydroxyethyl) ether,CCc1ccccc1,OCCOCCO,ethylbenzene__diethylene glycol,0.0,363.2,101.0,15.21,0.4563
331682,j.jct.2013.05.011,pentane,"3,6-dioxa-1,8-octanediol",CCCCC,OCCOCCOCCO,n-pentane__triethylene glycol,0.0,333.2,101.0,33.71,2.0226
331683,j.jct.2013.05.011,pentane,"3,6-dioxa-1,8-octanediol",CCCCC,OCCOCCOCCO,n-pentane__triethylene glycol,0.0,348.2,101.0,30.84,1.8504
331684,j.jct.2013.05.011,pentane,"3,6-dioxa-1,8-octanediol",CCCCC,OCCOCCOCCO,n-pentane__triethylene glycol,0.0,363.2,101.0,23.18,1.3908
331685,j.jct.2013.05.011,hexane,"3,6-dioxa-1,8-octanediol",CCCCCC,OCCOCCOCCO,n-hexane__triethylene glycol,0.0,333.2,101.0,45.84,1.3752
331686,j.jct.2013.05.011,hexane,"3,6-dioxa-1,8-octanediol",CCCCCC,OCCOCCOCCO,n-hexane__triethylene glycol,0.0,348.2,101.0,40.27,1.2081
331687,j.jct.2013.05.011,hexane,"3,6-dioxa-1,8-octanediol",CCCCCC,OCCOCCOCCO,n-hexane__triethylene glycol,0.0,363.2,101.0,35.15,1.0545
331688,j.jct.2013.05.011,triethylene glycol,heptane,OCCOCCOCCO,CCCCCCC,triethylene glycol__n-heptane,0.0,333.2,101.0,62.31,1.8693
331689,j.jct.2013.05.011,triethylene glycol,heptane,OCCOCCOCCO,CCCCCCC,triethylene glycol__n-heptane,0.0,348.2,101.0,52.28,1.5684
331690,j.jct.2013.05.011,triethylene glycol,heptane,OCCOCCOCCO,CCCCCCC,triethylene glycol__n-heptane,0.0,363.2,101.0,43.67,1.3101
331691,j.jct.2013.05.011,octane,"3,6-dioxa-1,8-octanediol",CCCCCCCC,OCCOCCOCCO,n-octane__triethylene glycol,0.0,333.2,101.0,103.2,3.096
331692,j.jct.2013.05.011,octane,"3,6-dioxa-1,8-octanediol",CCCCCCCC,OCCOCCOCCO,n-octane__triethylene glycol,0.0,348.2,101.0,73.96,2.2188
331693,j.jct.2013.05.011,octane,"3,6-dioxa-1,8-octanediol",CCCCCCCC,OCCOCCOCCO,n-octane__triethylene glycol,0.0,363.2,101.0,62.86,1.8858
331694,j.jct.2013.05.011,nonane,"3,6-dioxa-1,8-octanediol",CCCCCCCCC,OCCOCCOCCO,n-nonane__triethylene glycol,0.0,333.2,101.0,137.0,4.11
331695,j.jct.2013.05.011,nonane,"3,6-dioxa-1,8-octanediol",CCCCCCCCC,OCCOCCOCCO,n-nonane__triethylene glycol,0.0,348.2,101.0,98.9,2.967
331696,j.jct.2013.05.011,nonane,"3,6-dioxa-1,8-octanediol",CCCCCCCCC,OCCOCCOCCO,n-nonane__triethylene glycol,0.0,363.2,101.0,83.12,2.4936
331718,j.jct.2013.05.011,triethylene glycol,cyclopentane,OCCOCCOCCO,C1CCCC1,triethylene glycol__cyclopentane,0.0,333.2,101.0,15.19,0.4557
331719,j.jct.2013.05.011,triethylene glycol,cyclopentane,OCCOCCOCCO,C1CCCC1,triethylene glycol__cyclopentane,0.0,348.2,101.0,13.98,0.4194
331720,j.jct.2013.05.011,triethylene glycol,cyclopentane,OCCOCCOCCO,C1CCCC1,triethylene glycol__cyclopentane,0.0,363.2,101.0,12.69,0.3807
331721,j.jct.2013.05.011,cyclohexane,"3,6-dioxa-1,8-octanediol",C1CCCCC1,OCCOCCOCCO,cyclohexane__triethylene glycol,0.0,333.2,101.0,21.12,0.6336
331722,j.jct.2013.05.011,cyclohexane,"3,6-dioxa-1,8-octanediol",C1CCCCC1,OCCOCCOCCO,cyclohexane__triethylene glycol,0.0,348.2,101.0,18.64,0.5592
331723,j.jct.2013.05.011,cyclohexane,"3,6-dioxa-1,8-octanediol",C1CCCCC1,OCCOCCOCCO,cyclohexane__triethylene glycol,0.0,363.2,101.0,16.8,0.504
331724,j.jct.2013.05.011,triethylene glycol,cycloheptane,OCCOCCOCCO,C1CCCCCC1,triethylene glycol__cycloheptane,0.0,333.2,101.0,29.55,0.8865
331725,j.jct.2013.05.011,triethylene glycol,cycloheptane,OCCOCCOCCO,C1CCCCCC1,triethylene glycol__cycloheptane,0.0,348.2,101.0,22.34,0.6702
331726,j.jct.2013.05.011,triethylene glycol,cycloheptane,OCCOCCOCCO,C1CCCCCC1,triethylene glycol__cycloheptane,0.0,363.2,101.0,19.83,0.5949
331727,j.jct.2013.05.011,triethylene glycol,cyclooctane,OCCOCCOCCO,C1CCCCCCC1,triethylene glycol__cyclooctane,0.0,333.2,101.0,35.31,1.0593
331728,j.jct.2013.05.011,triethylene glycol,cyclooctane,OCCOCCOCCO,C1CCCCCCC1,triethylene glycol__cyclooctane,0.0,348.2,101.0,27.17,0.8151
331729,j.jct.2013.05.011,triethylene glycol,cyclooctane,OCCOCCOCCO,C1CCCCCCC1,triethylene glycol__cyclooctane,0.0,363.2,101.0,23.89,0.7167
331730,j.jct.2013.05.011,methanol,"3,6-dioxa-1,8-octanediol",CO,OCCOCCOCCO,methanol__triethylene glycol,0.0,333.2,101.0,0.788,0.02364
331731,j.jct.2013.05.011,methanol,"3,6-dioxa-1,8-octanediol",CO,OCCOCCOCCO,methanol__triethylene glycol,0.0,348.2,101.0,0.787,0.02361
331732,j.jct.2013.05.011,ethanol,"3,6-dioxa-1,8-octanediol",CCO,OCCOCCOCCO,ethanol__triethylene glycol,0.0,333.2,101.0,1.18,0.0354
331733,j.jct.2013.05.011,ethanol,"3,6-dioxa-1,8-octanediol",CCO,OCCOCCOCCO,ethanol__triethylene glycol,0.0,348.2,101.0,1.15,0.0345
331734,j.jct.2013.05.011,ethanol,"3,6-dioxa-1,8-octanediol",CCO,OCCOCCOCCO,ethanol__triethylene glycol,0.0,363.2,101.0,1.12,0.0336
331735,j.jct.2013.05.011,1-propanol,"3,6-dioxa-1,8-octanediol",CCCO,OCCOCCOCCO,1-propanol__triethylene glycol,0.0,333.2,101.0,1.38,0.0414
331736,j.jct.2013.05.011,1-propanol,"3,6-dioxa-1,8-octanediol",CCCO,OCCOCCOCCO,1-propanol__triethylene glycol,0.0,348.2,101.0,1.34,0.0402
331737,j.jct.2013.05.011,1-propanol,"3,6-dioxa-1,8-octanediol",CCCO,OCCOCCOCCO,1-propanol__triethylene glycol,0.0,363.2,101.0,1.31,0.0393
331738,j.jct.2013.05.011,2-propanol,"3,6-dioxa-1,8-octanediol",CC(C)O,OCCOCCOCCO,2-propanol__triethylene glycol,0.0,333.2,101.0,1.45,0.0435
331739,j.jct.2013.05.011,2-propanol,"3,6-dioxa-1,8-octanediol",CC(C)O,OCCOCCOCCO,2-propanol__triethylene glycol,0.0,348.2,101.0,1.4,0.042
331740,j.jct.2013.05.011,2-propanol,"3,6-dioxa-1,8-octanediol",CC(C)O,OCCOCCOCCO,2-propanol__triethylene glycol,0.0,363.2,101.0,1.38,0.0414
331741,j.jct.2013.05.011,benzene,"3,6-dioxa-1,8-octanediol",c1ccccc1,OCCOCCOCCO,benzene__triethylene glycol,0.0,333.2,101.0,3.91,0.1173
331742,j.jct.2013.05.011,benzene,"3,6-dioxa-1,8-octanediol",c1ccccc1,OCCOCCOCCO,benzene__triethylene glycol,0.0,348.2,101.0,3.86,0.1158
331743,j.jct.2013.05.011,benzene,"3,6-dioxa-1,8-octanediol",c1ccccc1,OCCOCCOCCO,benzene__triethylene glycol,0.0,363.2,101.0,3.36,0.1008
331744,j.jct.2013.05.011,toluene,"3,6-dioxa-1,8-octanediol",Cc1ccccc1,OCCOCCOCCO,toluene__triethylene glycol,0.0,333.2,101.0,5.88,0.1764
331745,j.jct.2013.05.011,toluene,"3,6-dioxa-1,8-octanediol",Cc1ccccc1,OCCOCCOCCO,toluene__triethylene glycol,0.0,348.2,101.0,5.73,0.1719
331746,j.jct.2013.05.011,toluene,"3,6-dioxa-1,8-octanediol",Cc1ccccc1,OCCOCCOCCO,toluene__triethylene glycol,0.0,363.2,101.0,5.55,0.1665
331747,j.jct.2013.05.011,ethylbenzene,"3,6-dioxa-1,8-octanediol",CCc1ccccc1,OCCOCCOCCO,ethylbenzene__triethylene glycol,0.0,333.2,101.0,8.63,0.2589
331748,j.jct.2013.05.011,ethylbenzene,"3,6-dioxa-1,8-octanediol",CCc1ccccc1,OCCOCCOCCO,ethylbenzene__triethylene glycol,0.0,348.2,101.0,8.21,0.2463
331749,j.jct.2013.05.011,ethylbenzene,"3,6-dioxa-1,8-octanediol",CCc1ccccc1,OCCOCCOCCO,ethylbenzene__triethylene glycol,0.0,363.2,101.0,7.86,0.2358
402791,j.jct.2014.06.006,"1,2-propanediol",hexane,CC(O)CO,CCCCCC,propylene glycol__n-hexane,0.0,298.0,238.0,63.0,10.0
402792,j.jct.2014.06.006,"1,2-propanediol",heptane,CC(O)CO,CCCCCCC,propylene glycol__n-heptane,0.0,298.0,238.0,109.0,15.0
402793,j.jct.2014.06.006,"1,2-propanediol",octane,CC(O)CO,CCCCCCCC,propylene glycol__n-octane,0.0,298.0,238.0,150.0,20.0
402794,j.jct.2014.06.006,"1,2-propanediol",benzene,CC(O)CO,c1ccccc1,propylene glycol__benzene,0.0,298.0,238.0,11.8,0.5
402795,j.jct.2014.06.006,"1,2-propanediol",toluene,CC(O)CO,Cc1ccccc1,propylene glycol__toluene,0.0,298.0,238.0,17.0,1.0
402796,j.jct.2014.06.006,"1,2-propanediol",ethylbenzene,CC(O)CO,CCc1ccccc1,propylene glycol__ethylbenzene,0.0,298.0,238.0,26.2,1.5
402797,j.jct.2014.06.006,"1,2-propanediol",o-xylene,CC(O)CO,Cc1ccccc1C,propylene glycol__o-xylene,0.0,298.0,238.0,26.3,1.5
402798,j.jct.2014.06.006,"1,2-propanediol","1,3-dimethylbenzene",CC(O)CO,Cc1cccc(C)c1,propylene glycol__m-xylene,0.0,298.0,238.0,28.4,1.0
402799,j.jct.2014.06.006,"1,2-propanediol","1,4-dimethylbenzene",CC(O)CO,Cc1ccc(C)cc1,propylene glycol__p-xylene,0.0,298.0,238.0,26.7,1.5
402802,j.jct.2014.06.006,"1,2-propanediol",naphthalene,CC(O)CO,c1ccc2ccccc2c1,propylene glycol__naphthalene,0.0,298.0,238.0,136.0,10.0
402803,j.jct.2014.06.006,2-methoxyethanol,hexane,COCCO,CCCCCC,methyl cellosolve__n-hexane,0.0,298.0,238.0,16.3,0.3
402804,j.jct.2014.06.006,2-methoxyethanol,heptane,COCCO,CCCCCCC,methyl cellosolve__n-heptane,0.0,298.0,238.0,22.4,0.3
402805,j.jct.2014.06.006,2-methoxyethanol,octane,COCCO,CCCCCCCC,methyl cellosolve__n-octane,0.0,298.0,238.0,27.9,0.2
402806,j.jct.2014.06.006,2-methoxyethanol,nonane,COCCO,CCCCCCCCC,methyl cellosolve__n-nonane,0.0,298.0,238.0,41.4,0.5
402807,j.jct.2014.06.006,2-methoxyethanol,decane,COCCO,CCCCCCCCCC,methyl cellosolve__n-decane,0.0,298.0,238.0,56.8,0.6
402809,j.jct.2014.06.006,methylcyclopentane,2-methoxyethanol,CC1CCCC1,COCCO,methylcyclopentane__methyl cellosolve,0.0,298.0,238.0,11.0,0.3
402810,j.jct.2014.06.006,2-methoxyethanol,cyclohexane,COCCO,C1CCCCC1,methyl cellosolve__cyclohexane,0.0,298.0,238.0,11.4,0.3
402811,j.jct.2014.06.006,methylcyclohexane,2-methoxyethanol,CC1CCCCC1,COCCO,methylcyclohexane__methyl cellosolve,0.0,298.0,238.0,14.7,0.4
402812,j.jct.2014.06.006,2-methoxyethanol,cyclooctane,COCCO,C1CCCCCCC1,methyl cellosolve__cyclooctane,0.0,298.0,238.0,20.1,0.3
402816,j.jct.2014.06.006,benzene,2-methoxyethanol,c1ccccc1,COCCO,benzene__methyl cellosolve,0.0,298.0,238.0,2.4,0.2
402817,j.jct.2014.06.006,toluene,2-methoxyethanol,Cc1ccccc1,COCCO,toluene__methyl cellosolve,0.0,298.0,238.0,3.6,0.2
402818,j.jct.2014.06.006,ethylbenzene,2-methoxyethanol,CCc1ccccc1,COCCO,ethylbenzene__methyl cellosolve,0.0,298.0,238.0,4.9,0.1
402819,j.jct.2014.06.006,"1,2-dimethylbenzene",2-methoxyethanol,Cc1ccccc1C,COCCO,o-xylene__methyl cellosolve,0.0,298.0,238.0,5.0,0.1
402820,j.jct.2014.06.006,"1,3-dimethylbenzene",2-methoxyethanol,Cc1cccc(C)c1,COCCO,m-xylene__methyl cellosolve,0.0,298.0,238.0,5.2,0.1
402821,j.jct.2014.06.006,"1,4-dimethylbenzene",2-methoxyethanol,Cc1ccc(C)cc1,COCCO,p-xylene__methyl cellosolve,0.0,298.0,238.0,5.2,0.1
402822,j.jct.2014.06.006,p-cymene,2-methoxyethanol,CC(C)c1ccc(C)cc1,COCCO,p-cymene__methyl cellosolve,0.0,298.0,238.0,10.0,0.2
402826,j.jct.2014.06.006,naphthalene,2-methoxyethanol,c1ccc2ccccc2c1,COCCO,naphthalene__methyl cellosolve,0.0,298.0,238.0,11.0,1.0
504864,j.fluid.2006.02.022,toluene,water,Cc1ccccc1,O,toluene__water,0.0,288.15,101.0,8976.0,448.8
504865,j.fluid.2006.02.022,toluene,water,Cc1ccccc1,O,toluene__water,0.0,298.15,101.0,8954.0,447.7
504866,j.fluid.2006.02.022,toluene,water,Cc1ccccc1,O,toluene__water,0.0,308.15,101.0,8775.0,438.75
504867,j.fluid.2006.02.022,toluene,water,Cc1ccccc1,O,toluene__water,0.0,318.15,101.0,8290.0,414.5
504868,j.fluid.2006.02.022,tert-butyl ethyl ether,water,CCOC(C)(C)C,O,tert-butyl ethyl ether__water,0.0,288.15,101.0,325.0,9.0
504869,j.fluid.2006.02.022,tert-butyl ethyl ether,water,CCOC(C)(C)C,O,tert-butyl ethyl ether__water,0.0,298.15,101.0,514.0,15.0
504870,j.fluid.2006.02.022,tert-butyl ethyl ether,water,CCOC(C)(C)C,O,tert-butyl ethyl ether__water,0.0,308.15,101.0,659.0,20.0
504871,j.fluid.2006.02.022,tert-butyl ethyl ether,water,CCOC(C)(C)C,O,tert-butyl ethyl ether__water,0.0,318.15,101.0,873.0,38.0
504872,j.fluid.2006.02.022,methyl tert-butyl ether,water,COC(C)(C)C,O,methyl tert-butyl ether__water,0.0,288.15,101.0,127.0,6.0
504873,j.fluid.2006.02.022,methyl tert-butyl ether,water,COC(C)(C)C,O,methyl tert-butyl ether__water,0.0,298.15,101.0,139.0,5.0
504874,j.fluid.2006.02.022,methyl tert-butyl ether,water,COC(C)(C)C,O,methyl tert-butyl ether__water,0.0,308.15,101.0,180.0,6.0
504875,j.fluid.2006.02.022,methyl tert-butyl ether,water,COC(C)(C)C,O,methyl tert-butyl ether__water,0.0,318.15,101.0,234.0,8.0
504876,j.fluid.2006.02.022,"butane, 2-ethoxy-2-methyl-",water,CCOC(C)(C)CC,O,"butane, 2-ethoxy-2-methyl-__water",0.0,288.15,101.0,1351.0,44.0
504877,j.fluid.2006.02.022,"butane, 2-ethoxy-2-methyl-",water,CCOC(C)(C)CC,O,"butane, 2-ethoxy-2-methyl-__water",0.0,298.15,101.0,1993.0,61.0
504878,j.fluid.2006.02.022,"butane, 2-ethoxy-2-methyl-",water,CCOC(C)(C)CC,O,"butane, 2-ethoxy-2-methyl-__water",0.0,308.15,101.0,2529.0,84.0
504879,j.fluid.2006.02.022,"butane, 2-ethoxy-2-methyl-",water,CCOC(C)(C)CC,O,"butane, 2-ethoxy-2-methyl-__water",0.0,318.15,101.0,3323.0,167.0
504880,j.fluid.2006.02.022,tert-amyl methyl ether,water,CCC(C)(C)OC,O,tert-amyl methyl ether__water,0.0,288.15,101.0,390.0,18.0
504881,j.fluid.2006.02.022,tert-amyl methyl ether,water,CCC(C)(C)OC,O,tert-amyl methyl ether__water,0.0,298.15,101.0,529.0,20.0
504882,j.fluid.2006.02.022,tert-amyl methyl ether,water,CCC(C)(C)OC,O,tert-amyl methyl ether__water,0.0,308.15,101.0,725.0,24.0
504883,j.fluid.2006.02.022,tert-amyl methyl ether,water,CCC(C)(C)OC,O,tert-amyl methyl ether__water,0.0,318.15,101.0,1074.0,39.0
636867,j.fluid.2013.02.008,"1,2-ethanediol",hexane,OCCO,CCCCCC,"1,2-ethanediol__hexane",0.0,313.2,101.0,97.8,2.934
636868,j.fluid.2013.02.008,"1,2-ethanediol",hexane,OCCO,CCCCCC,"1,2-ethanediol__hexane",0.0,332.1,101.0,88.1,2.643
636869,j.fluid.2013.02.008,"1,2-ethanediol",hexane,OCCO,CCCCCC,"1,2-ethanediol__hexane",0.0,353.5,101.0,80.6,2.418
636874,j.fluid.2013.02.008,"1,2-ethanediol",decane,OCCO,CCCCCCCCCC,"1,2-ethanediol__decane",0.0,359.5,101.0,1680.0,50.4
636875,j.fluid.2013.02.008,"1,2-ethanediol",decane,OCCO,CCCCCCCCCC,"1,2-ethanediol__decane",0.0,373.1,101.0,1210.0,36.3
636876,j.fluid.2013.02.008,"1,2-ethanediol",decane,OCCO,CCCCCCCCCC,"1,2-ethanediol__decane",0.0,392.4,101.0,804.0,24.12
636879,j.fluid.2013.02.008,hexane,"1,3-propanediol",CCCCCC,OCCCO,"hexane__1,3-propanediol",0.0,312.1,101.0,77.2,2.316
636880,j.fluid.2013.02.008,hexane,"1,3-propanediol",CCCCCC,OCCCO,"hexane__1,3-propanediol",0.0,333.1,101.0,72.9,2.187
636881,j.fluid.2013.02.008,hexane,"1,3-propanediol",CCCCCC,OCCCO,"hexane__1,3-propanediol",0.0,352.1,101.0,52.4,1.572
636882,j.fluid.2013.02.008,octane,"1,3-propanediol",CCCCCCCC,OCCCO,"octane__1,3-propanediol",0.0,312.1,101.0,314.0,9.42
636883,j.fluid.2013.02.008,octane,"1,3-propanediol",CCCCCCCC,OCCCO,"octane__1,3-propanediol",0.0,333.1,101.0,283.0,8.49
636884,j.fluid.2013.02.008,octane,"1,3-propanediol",CCCCCCCC,OCCCO,"octane__1,3-propanediol",0.0,352.1,101.0,224.0,6.72
636885,j.fluid.2013.02.008,octane,"1,3-propanediol",CCCCCCCC,OCCCO,"octane__1,3-propanediol",0.0,372.1,101.0,187.0,5.61
636886,j.fluid.2013.02.008,octane,"1,3-propanediol",CCCCCCCC,OCCCO,"octane__1,3-propanediol",0.0,391.1,101.0,148.0,4.44
636887,j.fluid.2013.02.008,n-decane,"1,3-propanediol",CCCCCCCCCC,OCCCO,"decane__1,3-propanediol",0.0,312.1,101.0,793.0,23.79
636888,j.fluid.2013.02.008,n-decane,"1,3-propanediol",CCCCCCCCCC,OCCCO,"decane__1,3-propanediol",0.0,333.1,101.0,589.0,17.67
636889,j.fluid.2013.02.008,n-decane,"1,3-propanediol",CCCCCCCCCC,OCCCO,"decane__1,3-propanediol",0.0,352.1,101.0,501.0,15.03
636890,j.fluid.2013.02.008,n-decane,"1,3-propanediol",CCCCCCCCCC,OCCCO,"decane__1,3-propanediol",0.0,372.1,101.0,464.0,13.92
636891,j.fluid.2013.02.008,n-decane,"1,3-propanediol",CCCCCCCCCC,OCCCO,"decane__1,3-propanediol",0.0,391.1,101.0,338.0,10.14
700369,j.fluid.2015.01.010,1-butanol,water,CCCCO,O,1-butanol__water,0.0,303.15,101.0,52.0,1.0
700370,j.fluid.2015.01.010,1-butanol,water,CCCCO,O,1-butanol__water,0.0,308.15,101.0,57.0,0.1
700371,j.fluid.2015.01.010,1-butanol,water,CCCCO,O,1-butanol__water,0.0,313.15,101.0,58.0,1.0
700372,j.fluid.2015.01.010,1-butanol,water,CCCCO,O,1-butanol__water,0.0,318.15,101.0,64.0,0.8
700373,j.fluid.2015.01.010,1-butanol,water,CCCCO,O,1-butanol__water,0.0,323.15,101.0,69.0,0.7
700374,j.fluid.2015.01.010,1-butanol,water,CCCCO,O,1-butanol__water,0.0,328.15,101.0,72.0,0.7
700375,j.fluid.2015.01.010,1-butanol,water,CCCCO,O,1-butanol__water,0.0,333.15,101.0,80.0,0.8
700376,j.fluid.2015.01.010,1-butanol,water,CCCCO,O,1-butanol__water,0.0,338.15,101.0,78.0,0.9
700399,j.fluid.2015.01.010,tetrole,water,o1cccc1,O,furan__water,0.0,298.15,101.0,415.0,7.0
700400,j.fluid.2015.01.010,tetrole,water,o1cccc1,O,furan__water,0.0,299.15,101.0,412.0,7.0
700401,j.fluid.2015.01.010,tetrole,water,o1cccc1,O,furan__water,0.0,301.15,101.0,403.0,7.0
700402,j.fluid.2015.01.010,tetrole,water,o1cccc1,O,furan__water,0.0,305.15,101.0,394.0,7.0
700403,j.fluid.2015.01.010,tetrole,water,o1cccc1,O,furan__water,0.0,303.15,101.0,397.0,7.0
700404,j.fluid.2015.01.010,tetrole,water,o1cccc1,O,furan__water,0.0,306.15,101.0,380.0,7.0
700405,j.fluid.2015.01.010,tetrole,water,o1cccc1,O,furan__water,0.0,308.15,101.0,372.0,7.0
700406,j.fluid.2015.01.010,tetrole,water,o1cccc1,O,furan__water,0.0,311.15,101.0,366.0,9.0
700407,j.fluid.2015.01.010,tetrole,water,o1cccc1,O,furan__water,0.0,313.15,101.0,356.0,8.0
826456,je049540s,2-methylphenol,nonane,Cc1ccccc1O,CCCCCCCCC,2-methylphenol__nonane,0.0,373.15,101.3,5.84,0.4088
826457,je049540s,2-methylphenol,nonane,Cc1ccccc1O,CCCCCCCCC,2-methylphenol__nonane,0.0,393.15,101.3,4.58,0.3206
826476,je049540s,2-methylphenol,decane,Cc1ccccc1O,CCCCCCCCCC,2-methylphenol__decane,0.0,393.15,101.3,4.15,0.2905
826517,je049540s,3-methylphenol,nonane,Cc1cccc(O)c1,CCCCCCCCC,3-methylphenol__nonane,0.0,373.15,101.3,9.21,0.6447
826518,je049540s,3-methylphenol,nonane,Cc1cccc(O)c1,CCCCCCCCC,3-methylphenol__nonane,0.0,393.15,101.3,7.06,0.4942
826529,je049540s,3-methylphenol,decane,Cc1cccc(O)c1,CCCCCCCCCC,3-methylphenol__decane,0.0,373.15,101.3,7.79,0.5453
994139,je060395n,benzene,propane,c1ccccc1,CCC,benzene__propane,0.0,279.99,101.0,2.52,0.0756
994140,je060395n,benzene,propane,c1ccccc1,CCC,benzene__propane,0.0,289.99,101.0,2.42,0.0726
994141,je060395n,benzene,propane,c1ccccc1,CCC,benzene__propane,0.0,309.99,101.0,2.23,0.0669
994142,je060395n,benzene,propane,c1ccccc1,CCC,benzene__propane,0.0,329.99,101.0,2.11,0.0633
994149,je060395n,propane,toluene,CCC,Cc1ccccc1,propane__toluene,0.0,270.0,101.0,2.05,0.0615
994150,je060395n,propane,toluene,CCC,Cc1ccccc1,propane__toluene,0.0,289.98,101.0,1.95,0.0585
994151,je060395n,propane,toluene,CCC,Cc1ccccc1,propane__toluene,0.0,309.94,101.0,1.86,0.0558
994152,je060395n,propane,toluene,CCC,Cc1ccccc1,propane__toluene,0.0,329.99,101.0,1.81,0.0543
994159,je060395n,propane,o-xylene,CCC,Cc1ccccc1C,"propane__1,2-dimethylbenzene",0.0,270.13,101.0,2.05,0.0615
994160,je060395n,propane,o-xylene,CCC,Cc1ccccc1C,"propane__1,2-dimethylbenzene",0.0,289.99,101.0,1.96,0.0588
994161,je060395n,propane,o-xylene,CCC,Cc1ccccc1C,"propane__1,2-dimethylbenzene",0.0,309.84,101.0,1.92,0.0576
994162,je060395n,propane,o-xylene,CCC,Cc1ccccc1C,"propane__1,2-dimethylbenzene",0.0,329.99,101.0,1.85,0.0555
994169,je060395n,propane,"1,3-dimethylbenzene",CCC,Cc1cccc(C)c1,"propane__1,3-dimethylbenzene",0.0,270.1,101.0,1.86,0.0558
994170,je060395n,propane,"1,3-dimethylbenzene",CCC,Cc1cccc(C)c1,"propane__1,3-dimethylbenzene",0.0,289.99,101.0,1.83,0.0549
994171,je060395n,propane,"1,3-dimethylbenzene",CCC,Cc1cccc(C)c1,"propane__1,3-dimethylbenzene",0.0,309.84,101.0,1.77,0.0531
994172,je060395n,propane,"1,3-dimethylbenzene",CCC,Cc1cccc(C)c1,"propane__1,3-dimethylbenzene",0.0,329.99,101.0,1.72,0.0516
994178,je060395n,propane,"1,4-dimethylbenzene",CCC,Cc1ccc(C)cc1,"propane__1,4-dimethylbenzene",0.0,289.99,101.0,1.73,0.0519
994179,je060395n,propane,"1,4-dimethylbenzene",CCC,Cc1ccc(C)cc1,"propane__1,4-dimethylbenzene",0.0,299.99,101.0,1.7,0.051
994180,je060395n,propane,"1,4-dimethylbenzene",CCC,Cc1ccc(C)cc1,"propane__1,4-dimethylbenzene",0.0,309.85,101.0,1.67,0.0501
994181,je060395n,propane,"1,4-dimethylbenzene",CCC,Cc1ccc(C)cc1,"propane__1,4-dimethylbenzene",0.0,319.99,101.0,1.68,0.0504
994182,je060395n,propane,"1,4-dimethylbenzene",CCC,Cc1ccc(C)cc1,"propane__1,4-dimethylbenzene",0.0,329.99,101.0,1.66,0.0498
994251,je060395n,benzene,butane,c1ccccc1,CCCC,benzene__butane,0.0,279.99,101.0,2.51,0.0753
994252,je060395n,benzene,butane,c1ccccc1,CCCC,benzene__butane,0.0,289.99,101.0,2.36,0.0708
994253,je060395n,benzene,butane,c1ccccc1,CCCC,benzene__butane,0.0,309.99,101.0,2.22,0.0666
994254,je060395n,benzene,butane,c1ccccc1,CCCC,benzene__butane,0.0,329.99,101.0,1.96,0.0588
994261,je060395n,butane,toluene,CCCC,Cc1ccccc1,butane__toluene,0.0,270.0,101.0,1.97,0.0591
994262,je060395n,butane,toluene,CCCC,Cc1ccccc1,butane__toluene,0.0,289.98,101.0,1.88,0.0564
994263,je060395n,butane,toluene,CCCC,Cc1ccccc1,butane__toluene,0.0,309.94,101.0,1.79,0.0537
994264,je060395n,butane,toluene,CCCC,Cc1ccccc1,butane__toluene,0.0,329.99,101.0,1.71,0.0513
994271,je060395n,"1,2-dimethylbenzene",butane,Cc1ccccc1C,CCCC,"1,2-dimethylbenzene__butane",0.0,270.13,101.0,1.95,0.0585
994272,je060395n,"1,2-dimethylbenzene",butane,Cc1ccccc1C,CCCC,"1,2-dimethylbenzene__butane",0.0,289.99,101.0,1.86,0.0558
994273,je060395n,"1,2-dimethylbenzene",butane,Cc1ccccc1C,CCCC,"1,2-dimethylbenzene__butane",0.0,309.84,101.0,1.8,0.054
994274,je060395n,"1,2-dimethylbenzene",butane,Cc1ccccc1C,CCCC,"1,2-dimethylbenzene__butane",0.0,329.99,101.0,1.73,0.0519
994281,je060395n,butane,"1,3-dimethylbenzene",CCCC,Cc1cccc(C)c1,"butane__1,3-dimethylbenzene",0.0,270.1,101.0,1.77,0.0531
994282,je060395n,butane,"1,3-dimethylbenzene",CCCC,Cc1cccc(C)c1,"butane__1,3-dimethylbenzene",0.0,289.99,101.0,1.73,0.0519
994283,je060395n,butane,"1,3-dimethylbenzene",CCCC,Cc1cccc(C)c1,"butane__1,3-dimethylbenzene",0.0,309.84,101.0,1.7,0.051
994284,je060395n,butane,"1,3-dimethylbenzene",CCCC,Cc1cccc(C)c1,"butane__1,3-dimethylbenzene",0.0,329.99,101.0,1.61,0.0483
994290,je060395n,"1,4-dimethylbenzene",butane,Cc1ccc(C)cc1,CCCC,"1,4-dimethylbenzene__butane",0.0,289.99,101.0,1.68,0.0504
994291,je060395n,"1,4-dimethylbenzene",butane,Cc1ccc(C)cc1,CCCC,"1,4-dimethylbenzene__butane",0.0,299.99,101.0,1.64,0.0492
994292,je060395n,"1,4-dimethylbenzene",butane,Cc1ccc(C)cc1,CCCC,"1,4-dimethylbenzene__butane",0.0,309.85,101.0,1.61,0.0483
994293,je060395n,"1,4-dimethylbenzene",butane,Cc1ccc(C)cc1,CCCC,"1,4-dimethylbenzene__butane",0.0,319.99,101.0,1.58,0.0474
994294,je060395n,"1,4-dimethylbenzene",butane,Cc1ccc(C)cc1,CCCC,"1,4-dimethylbenzene__butane",0.0,329.99,101.0,1.56,0.0468
994307,je060395n,benzene,2-methylpropane,c1ccccc1,CC(C)C,benzene__2-methylpropane,0.0,279.99,101.0,2.81,0.0843
994308,je060395n,benzene,2-methylpropane,c1ccccc1,CC(C)C,benzene__2-methylpropane,0.0,289.99,101.0,2.64,0.0792
994309,je060395n,benzene,2-methylpropane,c1ccccc1,CC(C)C,benzene__2-methylpropane,0.0,309.99,101.0,2.43,0.0729
994310,je060395n,benzene,2-methylpropane,c1ccccc1,CC(C)C,benzene__2-methylpropane,0.0,329.99,101.0,2.19,0.0657
994317,je060395n,2-methylpropane,toluene,CC(C)C,Cc1ccccc1,2-methylpropane__toluene,0.0,270.0,101.0,2.25,0.0675
994318,je060395n,2-methylpropane,toluene,CC(C)C,Cc1ccccc1,2-methylpropane__toluene,0.0,289.98,101.0,2.12,0.0636
994319,je060395n,2-methylpropane,toluene,CC(C)C,Cc1ccccc1,2-methylpropane__toluene,0.0,309.94,101.0,2.01,0.0603
994320,je060395n,2-methylpropane,toluene,CC(C)C,Cc1ccccc1,2-methylpropane__toluene,0.0,329.99,101.0,1.91,0.0573
994327,je060395n,2-methylpropane,o-xylene,CC(C)C,Cc1ccccc1C,"2-methylpropane__1,2-dimethylbenzene",0.0,270.13,101.0,2.25,0.0675
994328,je060395n,2-methylpropane,o-xylene,CC(C)C,Cc1ccccc1C,"2-methylpropane__1,2-dimethylbenzene",0.0,289.99,101.0,2.13,0.0639
994329,je060395n,2-methylpropane,o-xylene,CC(C)C,Cc1ccccc1C,"2-methylpropane__1,2-dimethylbenzene",0.0,309.84,101.0,2.04,0.0612
994330,je060395n,2-methylpropane,o-xylene,CC(C)C,Cc1ccccc1C,"2-methylpropane__1,2-dimethylbenzene",0.0,329.99,101.0,1.94,0.0582
994337,je060395n,2-methylpropane,"1,3-dimethylbenzene",CC(C)C,Cc1cccc(C)c1,"2-methylpropane__1,3-dimethylbenzene",0.0,270.1,101.0,2.04,0.0612
994338,je060395n,2-methylpropane,"1,3-dimethylbenzene",CC(C)C,Cc1cccc(C)c1,"2-methylpropane__1,3-dimethylbenzene",0.0,289.99,101.0,1.97,0.0591
994339,je060395n,2-methylpropane,"1,3-dimethylbenzene",CC(C)C,Cc1cccc(C)c1,"2-methylpropane__1,3-dimethylbenzene",0.0,309.84,101.0,1.89,0.0567
994340,je060395n,2-methylpropane,"1,3-dimethylbenzene",CC(C)C,Cc1cccc(C)c1,"2-methylpropane__1,3-dimethylbenzene",0.0,329.99,101.0,1.8,0.054
994346,je060395n,2-methylpropane,"1,4-dimethylbenzene",CC(C)C,Cc1ccc(C)cc1,"2-methylpropane__1,4-dimethylbenzene",0.0,289.99,101.0,1.91,0.0573
994347,je060395n,2-methylpropane,"1,4-dimethylbenzene",CC(C)C,Cc1ccc(C)cc1,"2-methylpropane__1,4-dimethylbenzene",0.0,299.99,101.0,1.86,0.0558
994348,je060395n,2-methylpropane,"1,4-dimethylbenzene",CC(C)C,Cc1ccc(C)cc1,"2-methylpropane__1,4-dimethylbenzene",0.0,309.85,101.0,1.83,0.0549
994349,je060395n,2-methylpropane,"1,4-dimethylbenzene",CC(C)C,Cc1ccc(C)cc1,"2-methylpropane__1,4-dimethylbenzene",0.0,319.99,101.0,1.79,0.0537
994350,je060395n,2-methylpropane,"1,4-dimethylbenzene",CC(C)C,Cc1ccc(C)cc1,"2-methylpropane__1,4-dimethylbenzene",0.0,329.99,101.0,1.74,0.0522
994643,je060395n,benzene,methoxymethane,c1ccccc1,COC,benzene__methoxymethane,0.0,279.95,101.0,1.13,0.0339
994644,je060395n,benzene,methoxymethane,c1ccccc1,COC,benzene__methoxymethane,0.0,289.97,101.0,1.15,0.0345
994645,je060395n,benzene,methoxymethane,c1ccccc1,COC,benzene__methoxymethane,0.0,309.98,101.0,1.18,0.0354
994646,je060395n,benzene,methoxymethane,c1ccccc1,COC,benzene__methoxymethane,0.0,329.99,101.0,1.26,0.0378
994652,je060395n,toluene,methoxymethane,Cc1ccccc1,COC,toluene__methoxymethane,0.0,250.04,101.0,1.07,0.0321
994653,je060395n,toluene,methoxymethane,Cc1ccccc1,COC,toluene__methoxymethane,0.0,270.2,101.0,1.1,0.033
994654,je060395n,toluene,methoxymethane,Cc1ccccc1,COC,toluene__methoxymethane,0.0,289.98,101.0,1.13,0.0339
994655,je060395n,toluene,methoxymethane,Cc1ccccc1,COC,toluene__methoxymethane,0.0,309.84,101.0,1.16,0.0348
994656,je060395n,toluene,methoxymethane,Cc1ccccc1,COC,toluene__methoxymethane,0.0,329.99,101.0,1.17,0.0351
994662,je060395n,"1,2-dimethylbenzene",methoxymethane,Cc1ccccc1C,COC,"1,2-dimethylbenzene__methoxymethane",0.0,250.05,101.0,1.23,0.0369
994663,je060395n,"1,2-dimethylbenzene",methoxymethane,Cc1ccccc1C,COC,"1,2-dimethylbenzene__methoxymethane",0.0,269.91,101.0,1.24,0.0372
994664,je060395n,"1,2-dimethylbenzene",methoxymethane,Cc1ccccc1C,COC,"1,2-dimethylbenzene__methoxymethane",0.0,289.97,101.0,1.25,0.0375
994665,je060395n,"1,2-dimethylbenzene",methoxymethane,Cc1ccccc1C,COC,"1,2-dimethylbenzene__methoxymethane",0.0,309.98,101.0,1.27,0.0381
994666,je060395n,"1,2-dimethylbenzene",methoxymethane,Cc1ccccc1C,COC,"1,2-dimethylbenzene__methoxymethane",0.0,329.99,101.0,1.27,0.0381
994673,je060395n,"1,3-dimethylbenzene",methoxymethane,Cc1cccc(C)c1,COC,"1,3-dimethylbenzene__methoxymethane",0.0,270.05,101.0,1.22,0.0366
994674,je060395n,"1,3-dimethylbenzene",methoxymethane,Cc1cccc(C)c1,COC,"1,3-dimethylbenzene__methoxymethane",0.0,289.98,101.0,1.21,0.0363
994675,je060395n,"1,3-dimethylbenzene",methoxymethane,Cc1cccc(C)c1,COC,"1,3-dimethylbenzene__methoxymethane",0.0,309.89,101.0,1.21,0.0363
994676,je060395n,"1,3-dimethylbenzene",methoxymethane,Cc1cccc(C)c1,COC,"1,3-dimethylbenzene__methoxymethane",0.0,329.99,101.0,1.21,0.0363
994682,je060395n,"1,4-dimethylbenzene",methoxymethane,Cc1ccc(C)cc1,COC,"1,4-dimethylbenzene__methoxymethane",0.0,289.97,101.0,1.17,0.0351
994683,je060395n,"1,4-dimethylbenzene",methoxymethane,Cc1ccc(C)cc1,COC,"1,4-dimethylbenzene__methoxymethane",0.0,299.98,101.0,1.18,0.0354
994684,je060395n,"1,4-dimethylbenzene",methoxymethane,Cc1ccc(C)cc1,COC,"1,4-dimethylbenzene__methoxymethane",0.0,309.98,101.0,1.18,0.0354
994685,je060395n,"1,4-dimethylbenzene",methoxymethane,Cc1ccc(C)cc1,COC,"1,4-dimethylbenzene__methoxymethane",0.0,319.99,101.0,1.2,0.036
994686,je060395n,"1,4-dimethylbenzene",methoxymethane,Cc1ccc(C)cc1,COC,"1,4-dimethylbenzene__methoxymethane",0.0,329.99,101.0,1.2,0.036
1632196,je901063s,2-pentanol,water,CCCC(C)O,O,pentan-2-ol__water,0.0,273.35,101.0,58.8,1.764
1632197,je901063s,2-pentanol,water,CCCC(C)O,O,pentan-2-ol__water,0.0,283.15,101.0,73.9,2.217
1632198,je901063s,2-pentanol,water,CCCC(C)O,O,pentan-2-ol__water,0.0,293.15,101.0,89.2,2.676
1632199,je901063s,2-pentanol,water,CCCC(C)O,O,pentan-2-ol__water,0.0,293.15,101.0,86.1,2.583
1632200,je901063s,2-pentanol,water,CCCC(C)O,O,pentan-2-ol__water,0.0,303.15,101.0,104.0,3.12
1632201,je901063s,2-pentanol,water,CCCC(C)O,O,pentan-2-ol__water,0.0,303.15,101.0,103.0,3.09
1632202,je901063s,2-pentanol,water,CCCC(C)O,O,pentan-2-ol__water,0.0,313.15,101.0,119.0,3.57
1632203,je901063s,2-pentanol,water,CCCC(C)O,O,pentan-2-ol__water,0.0,323.15,101.0,129.0,3.87
1632204,je901063s,2-pentanol,water,CCCC(C)O,O,pentan-2-ol__water,0.0,333.15,101.0,134.0,4.02
1632205,je901063s,2-pentanol,water,CCCC(C)O,O,pentan-2-ol__water,0.0,343.15,101.0,134.0,4.02
1632206,je901063s,2-pentanol,water,CCCC(C)O,O,pentan-2-ol__water,0.0,353.15,101.0,124.0,3.72
1632207,je901063s,2-pentanol,water,CCCC(C)O,O,pentan-2-ol__water,0.0,363.15,101.0,130.0,3.9
1632208,je901063s,2-pentanol,water,CCCC(C)O,O,pentan-2-ol__water,0.0,371.15,101.0,118.0,3.54
1632209,je901063s,3-pentanol,water,CCC(O)CC,O,3-pentanol__water,0.0,273.35,101.0,48.7,1.461
1632210,je901063s,3-pentanol,water,CCC(O)CC,O,3-pentanol__water,0.0,283.15,101.0,63.1,1.893
1632211,je901063s,3-pentanol,water,CCC(O)CC,O,3-pentanol__water,0.0,293.15,101.0,75.6,2.268
1632212,je901063s,3-pentanol,water,CCC(O)CC,O,3-pentanol__water,0.0,303.15,101.0,88.7,2.661
1632213,je901063s,3-pentanol,water,CCC(O)CC,O,3-pentanol__water,0.0,313.15,101.0,101.0,3.03
1632214,je901063s,3-pentanol,water,CCC(O)CC,O,3-pentanol__water,0.0,323.15,101.0,108.0,3.24
1632215,je901063s,3-pentanol,water,CCC(O)CC,O,3-pentanol__water,0.0,333.15,101.0,116.0,3.48
1632216,je901063s,3-pentanol,water,CCC(O)CC,O,3-pentanol__water,0.0,343.15,101.0,111.0,3.33
1632217,je901063s,3-pentanol,water,CCC(O)CC,O,3-pentanol__water,0.0,353.15,101.0,120.0,3.6
1632218,je901063s,3-pentanol,water,CCC(O)CC,O,3-pentanol__water,0.0,363.15,101.0,117.0,3.51
1632219,je901063s,3-pentanol,water,CCC(O)CC,O,3-pentanol__water,0.0,371.15,101.0,104.0,3.12
1632220,je901063s,2-methyl-1-butanol,water,CCC(C)CO,O,2-methyl-1-butanol__water,0.0,273.35,101.0,86.3,2.589
1632221,je901063s,2-methyl-1-butanol,water,CCC(C)CO,O,2-methyl-1-butanol__water,0.0,283.15,101.0,117.0,3.51
1632222,je901063s,2-methyl-1-butanol,water,CCC(C)CO,O,2-methyl-1-butanol__water,0.0,293.15,101.0,138.0,4.14
1632223,je901063s,2-methyl-1-butanol,water,CCC(C)CO,O,2-methyl-1-butanol__water,0.0,293.15,101.0,134.0,4.02
1632224,je901063s,2-methyl-1-butanol,water,CCC(C)CO,O,2-methyl-1-butanol__water,0.0,303.15,101.0,158.0,4.74
1632225,je901063s,2-methyl-1-butanol,water,CCC(C)CO,O,2-methyl-1-butanol__water,0.0,303.15,101.0,151.0,4.53
1632226,je901063s,2-methyl-1-butanol,water,CCC(C)CO,O,2-methyl-1-butanol__water,0.0,313.15,101.0,163.0,4.89
1632227,je901063s,2-methyl-1-butanol,water,CCC(C)CO,O,2-methyl-1-butanol__water,0.0,313.15,101.0,173.0,5.19
1632228,je901063s,2-methyl-1-butanol,water,CCC(C)CO,O,2-methyl-1-butanol__water,0.0,323.15,101.0,180.0,5.4
1632229,je901063s,2-methyl-1-butanol,water,CCC(C)CO,O,2-methyl-1-butanol__water,0.0,323.15,101.0,173.0,5.19
1632230,je901063s,2-methyl-1-butanol,water,CCC(C)CO,O,2-methyl-1-butanol__water,0.0,333.15,101.0,170.0,5.1
1632231,je901063s,2-methyl-1-butanol,water,CCC(C)CO,O,2-methyl-1-butanol__water,0.0,333.15,101.0,179.0,5.37
1632232,je901063s,2-methyl-1-butanol,water,CCC(C)CO,O,2-methyl-1-butanol__water,0.0,343.15,101.0,169.0,5.07
1632233,je901063s,2-methyl-1-butanol,water,CCC(C)CO,O,2-methyl-1-butanol__water,0.0,353.15,101.0,160.0,4.8
1632234,je901063s,2-methyl-1-butanol,water,CCC(C)CO,O,2-methyl-1-butanol__water,0.0,363.15,101.0,162.0,4.86
1632238,je901063s,3-methyl-1-butanol,water,CC(C)CCO,O,"1-butanol, 3-methyl-__water",0.0,273.35,101.0,94.9,2.847
1632239,je901063s,3-methyl-1-butanol,water,CC(C)CCO,O,"1-butanol, 3-methyl-__water",0.0,283.15,101.0,126.0,3.78
1632240,je901063s,3-methyl-1-butanol,water,CC(C)CCO,O,"1-butanol, 3-methyl-__water",0.0,293.15,101.0,148.0,4.44
1632241,je901063s,3-methyl-1-butanol,water,CC(C)CCO,O,"1-butanol, 3-methyl-__water",0.0,293.15,101.0,146.0,4.38
1632242,je901063s,3-methyl-1-butanol,water,CC(C)CCO,O,"1-butanol, 3-methyl-__water",0.0,303.15,101.0,161.0,4.83
1632243,je901063s,3-methyl-1-butanol,water,CC(C)CCO,O,"1-butanol, 3-methyl-__water",0.0,303.15,101.0,164.0,4.92
1632244,je901063s,3-methyl-1-butanol,water,CC(C)CCO,O,"1-butanol, 3-methyl-__water",0.0,313.15,101.0,173.0,5.19
1632245,je901063s,3-methyl-1-butanol,water,CC(C)CCO,O,"1-butanol, 3-methyl-__water",0.0,313.15,101.0,175.0,5.25
1632246,je901063s,3-methyl-1-butanol,water,CC(C)CCO,O,"1-butanol, 3-methyl-__water",0.0,323.15,101.0,179.0,5.37
1632247,je901063s,3-methyl-1-butanol,water,CC(C)CCO,O,"1-butanol, 3-methyl-__water",0.0,323.15,101.0,184.0,5.52
1632248,je901063s,3-methyl-1-butanol,water,CC(C)CCO,O,"1-butanol, 3-methyl-__water",0.0,333.15,101.0,182.0,5.46
1632249,je901063s,3-methyl-1-butanol,water,CC(C)CCO,O,"1-butanol, 3-methyl-__water",0.0,333.15,101.0,178.0,5.34
1632250,je901063s,3-methyl-1-butanol,water,CC(C)CCO,O,"1-butanol, 3-methyl-__water",0.0,343.15,101.0,179.0,5.37
1632251,je901063s,3-methyl-1-butanol,water,CC(C)CCO,O,"1-butanol, 3-methyl-__water",0.0,353.15,101.0,164.0,4.92
1632252,je901063s,3-methyl-1-butanol,water,CC(C)CCO,O,"1-butanol, 3-methyl-__water",0.0,371.15,101.0,149.0,4.47
1632253,je901063s,2-methyl-2-butanol,water,CCC(C)(C)O,O,tert-pentyl alcohol__water,0.0,273.35,101.0,18.3,0.549
1632254,je901063s,2-methyl-2-butanol,water,CCC(C)(C)O,O,tert-pentyl alcohol__water,0.0,283.15,101.0,24.5,0.735
1632255,je901063s,2-methyl-2-butanol,water,CCC(C)(C)O,O,tert-pentyl alcohol__water,0.0,293.15,101.0,31.7,0.951
1632256,je901063s,2-methyl-2-butanol,water,CCC(C)(C)O,O,tert-pentyl alcohol__water,0.0,293.15,101.0,34.6,1.038
1632257,je901063s,2-methyl-2-butanol,water,CCC(C)(C)O,O,tert-pentyl alcohol__water,0.0,303.15,101.0,41.3,1.239
1632258,je901063s,2-methyl-2-butanol,water,CCC(C)(C)O,O,tert-pentyl alcohol__water,0.0,303.15,101.0,39.2,1.176
1632259,je901063s,2-methyl-2-butanol,water,CCC(C)(C)O,O,tert-pentyl alcohol__water,0.0,313.15,101.0,49.0,1.47
1632260,je901063s,2-methyl-2-butanol,water,CCC(C)(C)O,O,tert-pentyl alcohol__water,0.0,313.15,101.0,46.5,1.395
1632261,je901063s,2-methyl-2-butanol,water,CCC(C)(C)O,O,tert-pentyl alcohol__water,0.0,323.15,101.0,52.3,1.569
1632262,je901063s,2-methyl-2-butanol,water,CCC(C)(C)O,O,tert-pentyl alcohol__water,0.0,323.15,101.0,56.9,1.707
1632263,je901063s,2-methyl-2-butanol,water,CCC(C)(C)O,O,tert-pentyl alcohol__water,0.0,333.15,101.0,59.3,1.779
1632264,je901063s,2-methyl-2-butanol,water,CCC(C)(C)O,O,tert-pentyl alcohol__water,0.0,333.15,101.0,61.4,1.842
1632265,je901063s,2-methyl-2-butanol,water,CCC(C)(C)O,O,tert-pentyl alcohol__water,0.0,343.15,101.0,64.2,1.926
1632266,je901063s,2-methyl-2-butanol,water,CCC(C)(C)O,O,tert-pentyl alcohol__water,0.0,353.15,101.0,67.1,2.013
1632267,je901063s,2-methyl-2-butanol,water,CCC(C)(C)O,O,tert-pentyl alcohol__water,0.0,361.25,101.0,75.4,2.262
1632268,je901063s,2-methyl-2-butanol,water,CCC(C)(C)O,O,tert-pentyl alcohol__water,0.0,371.45,101.0,73.9,2.217
1632269,je901063s,3-methyl-2-butanol,water,CC(C)C(C)O,O,3-methyl-2-butanol__water,0.0,273.35,101.0,43.5,1.305
1632270,je901063s,3-methyl-2-butanol,water,CC(C)C(C)O,O,3-methyl-2-butanol__water,0.0,283.15,101.0,61.5,1.845
1632271,je901063s,3-methyl-2-butanol,water,CC(C)C(C)O,O,3-methyl-2-butanol__water,0.0,293.15,101.0,73.9,2.217
1632272,je901063s,3-methyl-2-butanol,water,CC(C)C(C)O,O,3-methyl-2-butanol__water,0.0,303.15,101.0,86.5,2.595
1632273,je901063s,3-methyl-2-butanol,water,CC(C)C(C)O,O,3-methyl-2-butanol__water,0.0,313.15,101.0,96.6,2.898
1632274,je901063s,3-methyl-2-butanol,water,CC(C)C(C)O,O,3-methyl-2-butanol__water,0.0,323.15,101.0,104.0,3.12
1632275,je901063s,3-methyl-2-butanol,water,CC(C)C(C)O,O,3-methyl-2-butanol__water,0.0,333.15,101.0,110.0,3.3
1632276,je901063s,3-methyl-2-butanol,water,CC(C)C(C)O,O,3-methyl-2-butanol__water,0.0,343.15,101.0,111.0,3.33
1632277,je901063s,3-methyl-2-butanol,water,CC(C)C(C)O,O,3-methyl-2-butanol__water,0.0,353.15,101.0,107.0,3.21
1632278,je901063s,3-methyl-2-butanol,water,CC(C)C(C)O,O,3-methyl-2-butanol__water,0.0,371.15,101.0,108.0,3.24
1642028,cs.jced.5b00116,glycerol,water,OCC(O)CO,O,glycerol__water,,313.15,101.0,0.73,0.0365
1642029,cs.jced.5b00116,glycerol,water,OCC(O)CO,O,glycerol__water,,333.15,101.0,0.75,0.0375
1642030,cs.jced.5b00116,glycerol,water,OCC(O)CO,O,glycerol__water,,353.15,101.0,0.78,0.039
1642031,cs.jced.5b00116,glycerol,water,OCC(O)CO,O,glycerol__water,,373.15,101.0,0.79,0.0395
1642032,cs.jced.5b00116,glycerol,water,OCC(O)CO,O,glycerol__water,,393.15,101.0,0.8,0.04
1642033,cs.jced.5b00116,glycerol,ethanol,OCC(O)CO,CCO,glycerol__ethanol,,313.15,101.0,4.76,0.238
1642034,cs.jced.5b00116,glycerol,ethanol,OCC(O)CO,CCO,glycerol__ethanol,,333.15,101.0,3.98,0.199
1642035,cs.jced.5b00116,glycerol,ethanol,OCC(O)CO,CCO,glycerol__ethanol,,353.15,101.0,3.73,0.1865
1642036,cs.jced.5b00116,glycerol,ethanol,OCC(O)CO,CCO,glycerol__ethanol,,373.15,101.0,3.52,0.176
1642037,cs.jced.5b00116,glycerol,ethanol,OCC(O)CO,CCO,glycerol__ethanol,,393.15,101.0,3.25,0.1625
