,filename,x1,x2,smiles1,smiles2,components,Mole fraction,Relative permittivity at zero frequency,Relative permittivity at zero frequency_std
144974,j.jct.2008.09.006,"1,2-dimethoxyethane",nonane,COCCOC,CCCCCCCCC,"1,2-dimethoxyethane__nonane",0.0506,6.732,0.06732
144975,j.jct.2008.09.006,"1,2-dimethoxyethane",nonane,COCCOC,CCCCCCCCC,"1,2-dimethoxyethane__nonane",0.1026,6.133,0.06133
144976,j.jct.2008.09.006,"1,2-dimethoxyethane",nonane,COCCOC,CCCCCCCCC,"1,2-dimethoxyethane__nonane",0.2058,5.147,0.05147
144977,j.jct.2008.09.006,"1,2-dimethoxyethane",nonane,COCCOC,CCCCCCCCC,"1,2-dimethoxyethane__nonane",0.3029,4.417,0.04417
144978,j.jct.2008.09.006,"1,2-dimethoxyethane",nonane,COCCOC,CCCCCCCCC,"1,2-dimethoxyethane__nonane",0.3947,3.865,0.03865
144979,j.jct.2008.09.006,"1,2-dimethoxyethane",nonane,COCCOC,CCCCCCCCC,"1,2-dimethoxyethane__nonane",0.4995,3.351,0.03351
144980,j.jct.2008.09.006,"1,2-dimethoxyethane",nonane,COCCOC,CCCCCCCCC,"1,2-dimethoxyethane__nonane",0.6048,2.94,0.0294
144981,j.jct.2008.09.006,"1,2-dimethoxyethane",nonane,COCCOC,CCCCCCCCC,"1,2-dimethoxyethane__nonane",0.702,2.633,0.02633
144982,j.jct.2008.09.006,"1,2-dimethoxyethane",nonane,COCCOC,CCCCCCCCC,"1,2-dimethoxyethane__nonane",0.8038,2.369,0.02369
144983,j.jct.2008.09.006,"1,2-dimethoxyethane",nonane,COCCOC,CCCCCCCCC,"1,2-dimethoxyethane__nonane",0.9036,2.158,0.02158
144984,j.jct.2008.09.006,"1,2-dimethoxyethane",nonane,COCCOC,CCCCCCCCC,"1,2-dimethoxyethane__nonane",0.9508,2.074,0.02074
144985,j.jct.2008.09.006,"1,2-dimethoxyethane",nonane,COCCOC,CCCCCCCCC,"1,2-dimethoxyethane__nonane",0.0507,6.433,0.06433
144986,j.jct.2008.09.006,"1,2-dimethoxyethane",nonane,COCCOC,CCCCCCCCC,"1,2-dimethoxyethane__nonane",0.1043,5.853,0.05853
144987,j.jct.2008.09.006,"1,2-dimethoxyethane",nonane,COCCOC,CCCCCCCCC,"1,2-dimethoxyethane__nonane",0.2031,4.968,0.04968
144988,j.jct.2008.09.006,"1,2-dimethoxyethane",nonane,COCCOC,CCCCCCCCC,"1,2-dimethoxyethane__nonane",0.3045,4.254,0.04254
144989,j.jct.2008.09.006,"1,2-dimethoxyethane",nonane,COCCOC,CCCCCCCCC,"1,2-dimethoxyethane__nonane",0.404,3.697,0.03697
144990,j.jct.2008.09.006,"1,2-dimethoxyethane",nonane,COCCOC,CCCCCCCCC,"1,2-dimethoxyethane__nonane",0.5031,3.249,0.03249
144991,j.jct.2008.09.006,"1,2-dimethoxyethane",nonane,COCCOC,CCCCCCCCC,"1,2-dimethoxyethane__nonane",0.6014,2.885,0.02885
144992,j.jct.2008.09.006,"1,2-dimethoxyethane",nonane,COCCOC,CCCCCCCCC,"1,2-dimethoxyethane__nonane",0.7039,2.582,0.02582
144993,j.jct.2008.09.006,"1,2-dimethoxyethane",nonane,COCCOC,CCCCCCCCC,"1,2-dimethoxyethane__nonane",0.8044,2.336,0.02336
144994,j.jct.2008.09.006,"1,2-dimethoxyethane",nonane,COCCOC,CCCCCCCCC,"1,2-dimethoxyethane__nonane",0.9,2.145,0.02145
144995,j.jct.2008.09.006,"1,2-dimethoxyethane",nonane,COCCOC,CCCCCCCCC,"1,2-dimethoxyethane__nonane",0.9511,2.057,0.02057
144996,j.jct.2008.09.006,"1,2-dimethoxyethane",nonane,COCCOC,CCCCCCCCC,"1,2-dimethoxyethane__nonane",0.051,6.157,0.06157
144997,j.jct.2008.09.006,"1,2-dimethoxyethane",nonane,COCCOC,CCCCCCCCC,"1,2-dimethoxyethane__nonane",0.1036,5.62,0.0562
144998,j.jct.2008.09.006,"1,2-dimethoxyethane",nonane,COCCOC,CCCCCCCCC,"1,2-dimethoxyethane__nonane",0.2023,4.791,0.04791
144999,j.jct.2008.09.006,"1,2-dimethoxyethane",nonane,COCCOC,CCCCCCCCC,"1,2-dimethoxyethane__nonane",0.3038,4.118,0.04118
145000,j.jct.2008.09.006,"1,2-dimethoxyethane",nonane,COCCOC,CCCCCCCCC,"1,2-dimethoxyethane__nonane",0.4039,3.59,0.0359
145001,j.jct.2008.09.006,"1,2-dimethoxyethane",nonane,COCCOC,CCCCCCCCC,"1,2-dimethoxyethane__nonane",0.5021,3.173,0.03173
145002,j.jct.2008.09.006,"1,2-dimethoxyethane",nonane,COCCOC,CCCCCCCCC,"1,2-dimethoxyethane__nonane",0.607,2.812,0.02812
145003,j.jct.2008.09.006,"1,2-dimethoxyethane",nonane,COCCOC,CCCCCCCCC,"1,2-dimethoxyethane__nonane",0.7042,2.538,0.02538
145004,j.jct.2008.09.006,"1,2-dimethoxyethane",nonane,COCCOC,CCCCCCCCC,"1,2-dimethoxyethane__nonane",0.809,2.298,0.02298
145005,j.jct.2008.09.006,"1,2-dimethoxyethane",nonane,COCCOC,CCCCCCCCC,"1,2-dimethoxyethane__nonane",0.9033,2.119,0.02119
145006,j.jct.2008.09.006,"1,2-dimethoxyethane",nonane,COCCOC,CCCCCCCCC,"1,2-dimethoxyethane__nonane",0.9595,2.027,0.02027
145007,j.jct.2008.09.006,"1,2-dimethoxyethane",nonane,COCCOC,CCCCCCCCC,"1,2-dimethoxyethane__nonane",0.0509,5.899,0.05899
145008,j.jct.2008.09.006,"1,2-dimethoxyethane",nonane,COCCOC,CCCCCCCCC,"1,2-dimethoxyethane__nonane",0.1044,5.387,0.05387
145009,j.jct.2008.09.006,"1,2-dimethoxyethane",nonane,COCCOC,CCCCCCCCC,"1,2-dimethoxyethane__nonane",0.2038,4.607,0.04607
145010,j.jct.2008.09.006,"1,2-dimethoxyethane",nonane,COCCOC,CCCCCCCCC,"1,2-dimethoxyethane__nonane",0.3051,3.98,0.0398
145011,j.jct.2008.09.006,"1,2-dimethoxyethane",nonane,COCCOC,CCCCCCCCC,"1,2-dimethoxyethane__nonane",0.4097,3.463,0.03463
145012,j.jct.2008.09.006,"1,2-dimethoxyethane",nonane,COCCOC,CCCCCCCCC,"1,2-dimethoxyethane__nonane",0.5013,3.101,0.03101
145013,j.jct.2008.09.006,"1,2-dimethoxyethane",nonane,COCCOC,CCCCCCCCC,"1,2-dimethoxyethane__nonane",0.6037,2.767,0.02767
145014,j.jct.2008.09.006,"1,2-dimethoxyethane",nonane,COCCOC,CCCCCCCCC,"1,2-dimethoxyethane__nonane",0.7022,2.503,0.02503
145015,j.jct.2008.09.006,"1,2-dimethoxyethane",nonane,COCCOC,CCCCCCCCC,"1,2-dimethoxyethane__nonane",0.8041,2.279,0.02279
145016,j.jct.2008.09.006,"1,2-dimethoxyethane",nonane,COCCOC,CCCCCCCCC,"1,2-dimethoxyethane__nonane",0.904,2.098,0.02098
145017,j.jct.2008.09.006,"1,2-dimethoxyethane",nonane,COCCOC,CCCCCCCCC,"1,2-dimethoxyethane__nonane",0.9515,2.023,0.02023
145018,j.jct.2008.09.006,"1,2-dimethoxyethane",nonane,COCCOC,CCCCCCCCC,"1,2-dimethoxyethane__nonane",0.0542,5.626,0.05626
145019,j.jct.2008.09.006,"1,2-dimethoxyethane",nonane,COCCOC,CCCCCCCCC,"1,2-dimethoxyethane__nonane",0.1036,5.188,0.05188
145020,j.jct.2008.09.006,"1,2-dimethoxyethane",nonane,COCCOC,CCCCCCCCC,"1,2-dimethoxyethane__nonane",0.2041,4.44,0.0444
145021,j.jct.2008.09.006,"1,2-dimethoxyethane",nonane,COCCOC,CCCCCCCCC,"1,2-dimethoxyethane__nonane",0.3072,3.845,0.03845
145022,j.jct.2008.09.006,"1,2-dimethoxyethane",nonane,COCCOC,CCCCCCCCC,"1,2-dimethoxyethane__nonane",0.4052,3.391,0.03391
145023,j.jct.2008.09.006,"1,2-dimethoxyethane",nonane,COCCOC,CCCCCCCCC,"1,2-dimethoxyethane__nonane",0.5039,3.019,0.03019
145024,j.jct.2008.09.006,"1,2-dimethoxyethane",nonane,COCCOC,CCCCCCCCC,"1,2-dimethoxyethane__nonane",0.6043,2.71,0.0271
145025,j.jct.2008.09.006,"1,2-dimethoxyethane",nonane,COCCOC,CCCCCCCCC,"1,2-dimethoxyethane__nonane",0.7019,2.462,0.02462
145026,j.jct.2008.09.006,"1,2-dimethoxyethane",nonane,COCCOC,CCCCCCCCC,"1,2-dimethoxyethane__nonane",0.805,2.249,0.02249
145027,j.jct.2008.09.006,"1,2-dimethoxyethane",nonane,COCCOC,CCCCCCCCC,"1,2-dimethoxyethane__nonane",0.9041,2.079,0.02079
145028,j.jct.2008.09.006,"1,2-dimethoxyethane",nonane,COCCOC,CCCCCCCCC,"1,2-dimethoxyethane__nonane",0.9511,2.003,0.02003
145029,j.jct.2008.09.006,"1,2-dimethoxyethane",nonane,COCCOC,CCCCCCCCC,"1,2-dimethoxyethane__nonane",0.0527,5.421,0.05421
145030,j.jct.2008.09.006,"1,2-dimethoxyethane",nonane,COCCOC,CCCCCCCCC,"1,2-dimethoxyethane__nonane",0.1028,5,0.05
145031,j.jct.2008.09.006,"1,2-dimethoxyethane",nonane,COCCOC,CCCCCCCCC,"1,2-dimethoxyethane__nonane",0.2039,4.295,0.04295
145032,j.jct.2008.09.006,"1,2-dimethoxyethane",nonane,COCCOC,CCCCCCCCC,"1,2-dimethoxyethane__nonane",0.2997,3.766,0.03766
145033,j.jct.2008.09.006,"1,2-dimethoxyethane",nonane,COCCOC,CCCCCCCCC,"1,2-dimethoxyethane__nonane",0.4037,3.31,0.0331
145034,j.jct.2008.09.006,"1,2-dimethoxyethane",nonane,COCCOC,CCCCCCCCC,"1,2-dimethoxyethane__nonane",0.5036,2.954,0.02954
145035,j.jct.2008.09.006,"1,2-dimethoxyethane",nonane,COCCOC,CCCCCCCCC,"1,2-dimethoxyethane__nonane",0.6002,2.672,0.02672
145036,j.jct.2008.09.006,"1,2-dimethoxyethane",nonane,COCCOC,CCCCCCCCC,"1,2-dimethoxyethane__nonane",0.7023,2.426,0.02426
145037,j.jct.2008.09.006,"1,2-dimethoxyethane",nonane,COCCOC,CCCCCCCCC,"1,2-dimethoxyethane__nonane",0.8042,2.224,0.02224
145038,j.jct.2008.09.006,"1,2-dimethoxyethane",nonane,COCCOC,CCCCCCCCC,"1,2-dimethoxyethane__nonane",0.9032,2.06,0.0206
145039,j.jct.2008.09.006,"1,2-dimethoxyethane",nonane,COCCOC,CCCCCCCCC,"1,2-dimethoxyethane__nonane",0.951,1.991,0.01991
145106,j.jct.2008.09.006,nonane,"2,5,8-trioxanonane",CCCCCCCCC,COCCOCCOC,"nonane__2,5,8-trioxanonane",0.0499,7.136,0.07136
145107,j.jct.2008.09.006,nonane,"2,5,8-trioxanonane",CCCCCCCCC,COCCOCCOC,"nonane__2,5,8-trioxanonane",0.0919,6.73,0.0673
145108,j.jct.2008.09.006,nonane,"2,5,8-trioxanonane",CCCCCCCCC,COCCOCCOC,"nonane__2,5,8-trioxanonane",0.198,5.791,0.05791
145109,j.jct.2008.09.006,nonane,"2,5,8-trioxanonane",CCCCCCCCC,COCCOCCOC,"nonane__2,5,8-trioxanonane",0.2996,5.022,0.05022
145110,j.jct.2008.09.006,nonane,"2,5,8-trioxanonane",CCCCCCCCC,COCCOCCOC,"nonane__2,5,8-trioxanonane",0.395,4.397,0.04397
145111,j.jct.2008.09.006,nonane,"2,5,8-trioxanonane",CCCCCCCCC,COCCOCCOC,"nonane__2,5,8-trioxanonane",0.4913,3.846,0.03846
145112,j.jct.2008.09.006,nonane,"2,5,8-trioxanonane",CCCCCCCCC,COCCOCCOC,"nonane__2,5,8-trioxanonane",0.6089,3.276,0.03276
145113,j.jct.2008.09.006,nonane,"2,5,8-trioxanonane",CCCCCCCCC,COCCOCCOC,"nonane__2,5,8-trioxanonane",0.7004,2.898,0.02898
145114,j.jct.2008.09.006,nonane,"2,5,8-trioxanonane",CCCCCCCCC,COCCOCCOC,"nonane__2,5,8-trioxanonane",0.7958,2.559,0.02559
145115,j.jct.2008.09.006,nonane,"2,5,8-trioxanonane",CCCCCCCCC,COCCOCCOC,"nonane__2,5,8-trioxanonane",0.8956,2.256,0.02256
145116,j.jct.2008.09.006,nonane,"2,5,8-trioxanonane",CCCCCCCCC,COCCOCCOC,"nonane__2,5,8-trioxanonane",0.9422,2.132,0.02132
145117,j.jct.2008.09.006,nonane,"2,5,8-trioxanonane",CCCCCCCCC,COCCOCCOC,"nonane__2,5,8-trioxanonane",0.0484,6.892,0.06892
145118,j.jct.2008.09.006,nonane,"2,5,8-trioxanonane",CCCCCCCCC,COCCOCCOC,"nonane__2,5,8-trioxanonane",0.0978,6.428,0.06428
145119,j.jct.2008.09.006,nonane,"2,5,8-trioxanonane",CCCCCCCCC,COCCOCCOC,"nonane__2,5,8-trioxanonane",0.1992,5.593,0.05593
145120,j.jct.2008.09.006,nonane,"2,5,8-trioxanonane",CCCCCCCCC,COCCOCCOC,"nonane__2,5,8-trioxanonane",0.2976,4.876,0.04876
145121,j.jct.2008.09.006,nonane,"2,5,8-trioxanonane",CCCCCCCCC,COCCOCCOC,"nonane__2,5,8-trioxanonane",0.3963,4.26,0.0426
145122,j.jct.2008.09.006,nonane,"2,5,8-trioxanonane",CCCCCCCCC,COCCOCCOC,"nonane__2,5,8-trioxanonane",0.4993,3.707,0.03707
145123,j.jct.2008.09.006,nonane,"2,5,8-trioxanonane",CCCCCCCCC,COCCOCCOC,"nonane__2,5,8-trioxanonane",0.5911,3.28,0.0328
145124,j.jct.2008.09.006,nonane,"2,5,8-trioxanonane",CCCCCCCCC,COCCOCCOC,"nonane__2,5,8-trioxanonane",0.7045,2.829,0.02829
145125,j.jct.2008.09.006,nonane,"2,5,8-trioxanonane",CCCCCCCCC,COCCOCCOC,"nonane__2,5,8-trioxanonane",0.7946,2.525,0.02525
145126,j.jct.2008.09.006,nonane,"2,5,8-trioxanonane",CCCCCCCCC,COCCOCCOC,"nonane__2,5,8-trioxanonane",0.8919,2.242,0.02242
145127,j.jct.2008.09.006,nonane,"2,5,8-trioxanonane",CCCCCCCCC,COCCOCCOC,"nonane__2,5,8-trioxanonane",0.9421,2.114,0.02114
145128,j.jct.2008.09.006,nonane,"2,5,8-trioxanonane",CCCCCCCCC,COCCOCCOC,"nonane__2,5,8-trioxanonane",0.049,6.633,0.06633
145129,j.jct.2008.09.006,nonane,"2,5,8-trioxanonane",CCCCCCCCC,COCCOCCOC,"nonane__2,5,8-trioxanonane",0.0976,6.201,0.06201
145130,j.jct.2008.09.006,nonane,"2,5,8-trioxanonane",CCCCCCCCC,COCCOCCOC,"nonane__2,5,8-trioxanonane",0.1981,5.406,0.05406
145131,j.jct.2008.09.006,nonane,"2,5,8-trioxanonane",CCCCCCCCC,COCCOCCOC,"nonane__2,5,8-trioxanonane",0.2981,4.724,0.04724
145132,j.jct.2008.09.006,nonane,"2,5,8-trioxanonane",CCCCCCCCC,COCCOCCOC,"nonane__2,5,8-trioxanonane",0.3975,4.136,0.04136
145133,j.jct.2008.09.006,nonane,"2,5,8-trioxanonane",CCCCCCCCC,COCCOCCOC,"nonane__2,5,8-trioxanonane",0.4992,3.616,0.03616
145134,j.jct.2008.09.006,nonane,"2,5,8-trioxanonane",CCCCCCCCC,COCCOCCOC,"nonane__2,5,8-trioxanonane",0.5903,3.211,0.03211
145135,j.jct.2008.09.006,nonane,"2,5,8-trioxanonane",CCCCCCCCC,COCCOCCOC,"nonane__2,5,8-trioxanonane",0.694,2.816,0.02816
145136,j.jct.2008.09.006,nonane,"2,5,8-trioxanonane",CCCCCCCCC,COCCOCCOC,"nonane__2,5,8-trioxanonane",0.7977,2.48,0.0248
145137,j.jct.2008.09.006,nonane,"2,5,8-trioxanonane",CCCCCCCCC,COCCOCCOC,"nonane__2,5,8-trioxanonane",0.8951,2.21,0.0221
145138,j.jct.2008.09.006,nonane,"2,5,8-trioxanonane",CCCCCCCCC,COCCOCCOC,"nonane__2,5,8-trioxanonane",0.9423,2.095,0.02095
145139,j.jct.2008.09.006,nonane,"2,5,8-trioxanonane",CCCCCCCCC,COCCOCCOC,"nonane__2,5,8-trioxanonane",0.0489,6.431,0.06431
145140,j.jct.2008.09.006,nonane,"2,5,8-trioxanonane",CCCCCCCCC,COCCOCCOC,"nonane__2,5,8-trioxanonane",0.1015,5.989,0.05989
145141,j.jct.2008.09.006,nonane,"2,5,8-trioxanonane",CCCCCCCCC,COCCOCCOC,"nonane__2,5,8-trioxanonane",0.2044,5.209,0.05209
145142,j.jct.2008.09.006,nonane,"2,5,8-trioxanonane",CCCCCCCCC,COCCOCCOC,"nonane__2,5,8-trioxanonane",0.3018,4.578,0.04578
145143,j.jct.2008.09.006,nonane,"2,5,8-trioxanonane",CCCCCCCCC,COCCOCCOC,"nonane__2,5,8-trioxanonane",0.381,4.123,0.04123
145144,j.jct.2008.09.006,nonane,"2,5,8-trioxanonane",CCCCCCCCC,COCCOCCOC,"nonane__2,5,8-trioxanonane",0.4953,3.556,0.03556
145145,j.jct.2008.09.006,nonane,"2,5,8-trioxanonane",CCCCCCCCC,COCCOCCOC,"nonane__2,5,8-trioxanonane",0.5966,3.128,0.03128
145146,j.jct.2008.09.006,nonane,"2,5,8-trioxanonane",CCCCCCCCC,COCCOCCOC,"nonane__2,5,8-trioxanonane",0.6958,2.766,0.02766
145147,j.jct.2008.09.006,nonane,"2,5,8-trioxanonane",CCCCCCCCC,COCCOCCOC,"nonane__2,5,8-trioxanonane",0.8002,2.441,0.02441
145148,j.jct.2008.09.006,nonane,"2,5,8-trioxanonane",CCCCCCCCC,COCCOCCOC,"nonane__2,5,8-trioxanonane",0.8951,2.189,0.02189
145149,j.jct.2008.09.006,nonane,"2,5,8-trioxanonane",CCCCCCCCC,COCCOCCOC,"nonane__2,5,8-trioxanonane",0.9445,2.072,0.02072
145150,j.jct.2008.09.006,nonane,"2,5,8-trioxanonane",CCCCCCCCC,COCCOCCOC,"nonane__2,5,8-trioxanonane",0.0488,6.22,0.0622
145151,j.jct.2008.09.006,nonane,"2,5,8-trioxanonane",CCCCCCCCC,COCCOCCOC,"nonane__2,5,8-trioxanonane",0.0968,5.828,0.05828
145152,j.jct.2008.09.006,nonane,"2,5,8-trioxanonane",CCCCCCCCC,COCCOCCOC,"nonane__2,5,8-trioxanonane",0.2014,5.069,0.05069
145153,j.jct.2008.09.006,nonane,"2,5,8-trioxanonane",CCCCCCCCC,COCCOCCOC,"nonane__2,5,8-trioxanonane",0.2981,4.464,0.04464
145154,j.jct.2008.09.006,nonane,"2,5,8-trioxanonane",CCCCCCCCC,COCCOCCOC,"nonane__2,5,8-trioxanonane",0.3952,3.94,0.0394
145155,j.jct.2008.09.006,nonane,"2,5,8-trioxanonane",CCCCCCCCC,COCCOCCOC,"nonane__2,5,8-trioxanonane",0.4944,3.476,0.03476
145156,j.jct.2008.09.006,nonane,"2,5,8-trioxanonane",CCCCCCCCC,COCCOCCOC,"nonane__2,5,8-trioxanonane",0.605,3.031,0.03031
145157,j.jct.2008.09.006,nonane,"2,5,8-trioxanonane",CCCCCCCCC,COCCOCCOC,"nonane__2,5,8-trioxanonane",0.6983,2.708,0.02708
145158,j.jct.2008.09.006,nonane,"2,5,8-trioxanonane",CCCCCCCCC,COCCOCCOC,"nonane__2,5,8-trioxanonane",0.7952,2.421,0.02421
145159,j.jct.2008.09.006,nonane,"2,5,8-trioxanonane",CCCCCCCCC,COCCOCCOC,"nonane__2,5,8-trioxanonane",0.8936,2.17,0.0217
145160,j.jct.2008.09.006,nonane,"2,5,8-trioxanonane",CCCCCCCCC,COCCOCCOC,"nonane__2,5,8-trioxanonane",0.9408,2.062,0.02062
145161,j.jct.2008.09.006,nonane,"2,5,8-trioxanonane",CCCCCCCCC,COCCOCCOC,"nonane__2,5,8-trioxanonane",0.049,5.997,0.05997
145162,j.jct.2008.09.006,nonane,"2,5,8-trioxanonane",CCCCCCCCC,COCCOCCOC,"nonane__2,5,8-trioxanonane",0.0975,5.627,0.05627
145163,j.jct.2008.09.006,nonane,"2,5,8-trioxanonane",CCCCCCCCC,COCCOCCOC,"nonane__2,5,8-trioxanonane",0.1991,4.932,0.04932
145164,j.jct.2008.09.006,nonane,"2,5,8-trioxanonane",CCCCCCCCC,COCCOCCOC,"nonane__2,5,8-trioxanonane",0.2972,4.343,0.04343
145165,j.jct.2008.09.006,nonane,"2,5,8-trioxanonane",CCCCCCCCC,COCCOCCOC,"nonane__2,5,8-trioxanonane",0.3931,3.851,0.03851
145166,j.jct.2008.09.006,nonane,"2,5,8-trioxanonane",CCCCCCCCC,COCCOCCOC,"nonane__2,5,8-trioxanonane",0.4948,3.395,0.03395
145167,j.jct.2008.09.006,nonane,"2,5,8-trioxanonane",CCCCCCCCC,COCCOCCOC,"nonane__2,5,8-trioxanonane",0.6062,2.969,0.02969
145168,j.jct.2008.09.006,nonane,"2,5,8-trioxanonane",CCCCCCCCC,COCCOCCOC,"nonane__2,5,8-trioxanonane",0.7006,2.659,0.02659
145169,j.jct.2008.09.006,nonane,"2,5,8-trioxanonane",CCCCCCCCC,COCCOCCOC,"nonane__2,5,8-trioxanonane",0.803,2.369,0.02369
145170,j.jct.2008.09.006,nonane,"2,5,8-trioxanonane",CCCCCCCCC,COCCOCCOC,"nonane__2,5,8-trioxanonane",0.8969,2.14,0.0214
145171,j.jct.2008.09.006,nonane,"2,5,8-trioxanonane",CCCCCCCCC,COCCOCCOC,"nonane__2,5,8-trioxanonane",0.9456,2.034,0.02034
199725,j.jct.2010.09.008,"1,2-dimethoxyethane",heptane,COCCOC,CCCCCCC,dimethylglycol__heptane,0.1012,6.32,0.0632
199726,j.jct.2010.09.008,"1,2-dimethoxyethane",heptane,COCCOC,CCCCCCC,dimethylglycol__heptane,0.2002,5.43,0.0543
199727,j.jct.2010.09.008,"1,2-dimethoxyethane",heptane,COCCOC,CCCCCCC,dimethylglycol__heptane,0.3003,4.69,0.0469
199728,j.jct.2010.09.008,"1,2-dimethoxyethane",heptane,COCCOC,CCCCCCC,dimethylglycol__heptane,0.3997,4.07,0.0407
199729,j.jct.2010.09.008,"1,2-dimethoxyethane",heptane,COCCOC,CCCCCCC,dimethylglycol__heptane,0.5024,3.52,0.0352
199730,j.jct.2010.09.008,"1,2-dimethoxyethane",heptane,COCCOC,CCCCCCC,dimethylglycol__heptane,0.6016,3.07,0.0307
199731,j.jct.2010.09.008,"1,2-dimethoxyethane",heptane,COCCOC,CCCCCCC,dimethylglycol__heptane,0.7002,2.72,0.0272
199732,j.jct.2010.09.008,"1,2-dimethoxyethane",heptane,COCCOC,CCCCCCC,dimethylglycol__heptane,0.7979,2.42,0.0242
199733,j.jct.2010.09.008,"1,2-dimethoxyethane",heptane,COCCOC,CCCCCCC,dimethylglycol__heptane,0.9022,2.15,0.0215
199734,j.jct.2010.09.008,"1,2-dimethoxyethane",heptane,COCCOC,CCCCCCC,dimethylglycol__heptane,0.9511,2.04,0.0204
199735,j.jct.2010.09.008,"1,2-dimethoxyethane",heptane,COCCOC,CCCCCCC,dimethylglycol__heptane,0.1013,6.04,0.0604
199736,j.jct.2010.09.008,"1,2-dimethoxyethane",heptane,COCCOC,CCCCCCC,dimethylglycol__heptane,0.2013,5.2,0.052
199737,j.jct.2010.09.008,"1,2-dimethoxyethane",heptane,COCCOC,CCCCCCC,dimethylglycol__heptane,0.3011,4.5,0.045
199738,j.jct.2010.09.008,"1,2-dimethoxyethane",heptane,COCCOC,CCCCCCC,dimethylglycol__heptane,0.3992,3.92,0.0392
199739,j.jct.2010.09.008,"1,2-dimethoxyethane",heptane,COCCOC,CCCCCCC,dimethylglycol__heptane,0.503,3.41,0.0341
199740,j.jct.2010.09.008,"1,2-dimethoxyethane",heptane,COCCOC,CCCCCCC,dimethylglycol__heptane,0.6035,3,0.03
199741,j.jct.2010.09.008,"1,2-dimethoxyethane",heptane,COCCOC,CCCCCCC,dimethylglycol__heptane,0.7028,2.67,0.0267
199742,j.jct.2010.09.008,"1,2-dimethoxyethane",heptane,COCCOC,CCCCCCC,dimethylglycol__heptane,0.7982,2.38,0.0238
199743,j.jct.2010.09.008,"1,2-dimethoxyethane",heptane,COCCOC,CCCCCCC,dimethylglycol__heptane,0.902,2.13,0.0213
199744,j.jct.2010.09.008,"1,2-dimethoxyethane",heptane,COCCOC,CCCCCCC,dimethylglycol__heptane,0.9497,2.03,0.0203
199745,j.jct.2010.09.008,"1,2-dimethoxyethane",heptane,COCCOC,CCCCCCC,dimethylglycol__heptane,0.0493,6.26,0.0626
199746,j.jct.2010.09.008,"1,2-dimethoxyethane",heptane,COCCOC,CCCCCCC,dimethylglycol__heptane,0.1001,5.79,0.0579
199747,j.jct.2010.09.008,"1,2-dimethoxyethane",heptane,COCCOC,CCCCCCC,dimethylglycol__heptane,0.2005,4.99,0.0499
199748,j.jct.2010.09.008,"1,2-dimethoxyethane",heptane,COCCOC,CCCCCCC,dimethylglycol__heptane,0.3016,4.34,0.0434
199749,j.jct.2010.09.008,"1,2-dimethoxyethane",heptane,COCCOC,CCCCCCC,dimethylglycol__heptane,0.399,3.8,0.038
199750,j.jct.2010.09.008,"1,2-dimethoxyethane",heptane,COCCOC,CCCCCCC,dimethylglycol__heptane,0.5009,3.32,0.0332
199751,j.jct.2010.09.008,"1,2-dimethoxyethane",heptane,COCCOC,CCCCCCC,dimethylglycol__heptane,0.603,2.93,0.0293
199752,j.jct.2010.09.008,"1,2-dimethoxyethane",heptane,COCCOC,CCCCCCC,dimethylglycol__heptane,0.7028,2.6,0.026
199753,j.jct.2010.09.008,"1,2-dimethoxyethane",heptane,COCCOC,CCCCCCC,dimethylglycol__heptane,0.802,2.33,0.0233
199754,j.jct.2010.09.008,"1,2-dimethoxyethane",heptane,COCCOC,CCCCCCC,dimethylglycol__heptane,0.8974,2.11,0.0211
199755,j.jct.2010.09.008,"1,2-dimethoxyethane",heptane,COCCOC,CCCCCCC,dimethylglycol__heptane,0.9505,2.01,0.0201
199789,j.jct.2010.09.008,"2,5,8-trioxanonane",heptane,COCCOCCOC,CCCCCCC,"2,5,8-trioxanonane__heptane",0.0492,7.25,0.0725
199790,j.jct.2010.09.008,"2,5,8-trioxanonane",heptane,COCCOCCOC,CCCCCCC,"2,5,8-trioxanonane__heptane",0.0982,6.84,0.0684
199791,j.jct.2010.09.008,"2,5,8-trioxanonane",heptane,COCCOCCOC,CCCCCCC,"2,5,8-trioxanonane__heptane",0.1991,6.04,0.0604
199792,j.jct.2010.09.008,"2,5,8-trioxanonane",heptane,COCCOCCOC,CCCCCCC,"2,5,8-trioxanonane__heptane",0.3006,5.3,0.053
199793,j.jct.2010.09.008,"2,5,8-trioxanonane",heptane,COCCOCCOC,CCCCCCC,"2,5,8-trioxanonane__heptane",0.398,4.65,0.0465
199794,j.jct.2010.09.008,"2,5,8-trioxanonane",heptane,COCCOCCOC,CCCCCCC,"2,5,8-trioxanonane__heptane",0.4977,4.05,0.0405
199795,j.jct.2010.09.008,"2,5,8-trioxanonane",heptane,COCCOCCOC,CCCCCCC,"2,5,8-trioxanonane__heptane",0.0494,6.98,0.0698
199796,j.jct.2010.09.008,"2,5,8-trioxanonane",heptane,COCCOCCOC,CCCCCCC,"2,5,8-trioxanonane__heptane",0.0988,6.59,0.0659
199797,j.jct.2010.09.008,"2,5,8-trioxanonane",heptane,COCCOCCOC,CCCCCCC,"2,5,8-trioxanonane__heptane",0.1956,5.85,0.0585
199798,j.jct.2010.09.008,"2,5,8-trioxanonane",heptane,COCCOCCOC,CCCCCCC,"2,5,8-trioxanonane__heptane",0.303,5.11,0.0511
199799,j.jct.2010.09.008,"2,5,8-trioxanonane",heptane,COCCOCCOC,CCCCCCC,"2,5,8-trioxanonane__heptane",0.3959,4.52,0.0452
199800,j.jct.2010.09.008,"2,5,8-trioxanonane",heptane,COCCOCCOC,CCCCCCC,"2,5,8-trioxanonane__heptane",0.4948,3.96,0.0396
199801,j.jct.2010.09.008,"2,5,8-trioxanonane",heptane,COCCOCCOC,CCCCCCC,"2,5,8-trioxanonane__heptane",0.0494,6.73,0.0673
199802,j.jct.2010.09.008,"2,5,8-trioxanonane",heptane,COCCOCCOC,CCCCCCC,"2,5,8-trioxanonane__heptane",0.0981,6.35,0.0635
199803,j.jct.2010.09.008,"2,5,8-trioxanonane",heptane,COCCOCCOC,CCCCCCC,"2,5,8-trioxanonane__heptane",0.1993,5.62,0.0562
199804,j.jct.2010.09.008,"2,5,8-trioxanonane",heptane,COCCOCCOC,CCCCCCC,"2,5,8-trioxanonane__heptane",0.3025,4.94,0.0494
199805,j.jct.2010.09.008,"2,5,8-trioxanonane",heptane,COCCOCCOC,CCCCCCC,"2,5,8-trioxanonane__heptane",0.3951,4.39,0.0439
199806,j.jct.2010.09.008,"2,5,8-trioxanonane",heptane,COCCOCCOC,CCCCCCC,"2,5,8-trioxanonane__heptane",0.4936,3.86,0.0386
199807,j.jct.2010.09.008,"2,5,8-trioxanonane",heptane,COCCOCCOC,CCCCCCC,"2,5,8-trioxanonane__heptane",0.5854,3.58,0.0358
199808,j.jct.2010.09.008,"2,5,8-trioxanonane",heptane,COCCOCCOC,CCCCCCC,"2,5,8-trioxanonane__heptane",0.7026,3.02,0.0302
199809,j.jct.2010.09.008,"2,5,8-trioxanonane",heptane,COCCOCCOC,CCCCCCC,"2,5,8-trioxanonane__heptane",0.801,2.61,0.0261
199810,j.jct.2010.09.008,"2,5,8-trioxanonane",heptane,COCCOCCOC,CCCCCCC,"2,5,8-trioxanonane__heptane",0.8927,2.28,0.0228
199811,j.jct.2010.09.008,"2,5,8-trioxanonane",heptane,COCCOCCOC,CCCCCCC,"2,5,8-trioxanonane__heptane",0.9408,2.12,0.0212
199812,j.jct.2010.09.008,"2,5,8-trioxanonane",heptane,COCCOCCOC,CCCCCCC,"2,5,8-trioxanonane__heptane",0.6028,3.4,0.034
199813,j.jct.2010.09.008,"2,5,8-trioxanonane",heptane,COCCOCCOC,CCCCCCC,"2,5,8-trioxanonane__heptane",0.7018,2.95,0.0295
199814,j.jct.2010.09.008,"2,5,8-trioxanonane",heptane,COCCOCCOC,CCCCCCC,"2,5,8-trioxanonane__heptane",0.7937,2.59,0.0259
199815,j.jct.2010.09.008,"2,5,8-trioxanonane",heptane,COCCOCCOC,CCCCCCC,"2,5,8-trioxanonane__heptane",0.891,2.25,0.0225
199816,j.jct.2010.09.008,"2,5,8-trioxanonane",heptane,COCCOCCOC,CCCCCCC,"2,5,8-trioxanonane__heptane",0.9419,2.09,0.0209
199817,j.jct.2010.09.008,"2,5,8-trioxanonane",heptane,COCCOCCOC,CCCCCCC,"2,5,8-trioxanonane__heptane",0.5951,3.36,0.0336
199818,j.jct.2010.09.008,"2,5,8-trioxanonane",heptane,COCCOCCOC,CCCCCCC,"2,5,8-trioxanonane__heptane",0.7021,2.89,0.0289
199819,j.jct.2010.09.008,"2,5,8-trioxanonane",heptane,COCCOCCOC,CCCCCCC,"2,5,8-trioxanonane__heptane",0.7993,2.53,0.0253
199820,j.jct.2010.09.008,"2,5,8-trioxanonane",heptane,COCCOCCOC,CCCCCCC,"2,5,8-trioxanonane__heptane",0.8953,2.21,0.0221
199821,j.jct.2010.09.008,"2,5,8-trioxanonane",heptane,COCCOCCOC,CCCCCCC,"2,5,8-trioxanonane__heptane",0.9472,2.06,0.0206
893423,je050237g,"1,2-propanediol",water,CC(O)CO,O,"1,2-propanediol__water",0.2,57.87,0.05787
893424,je050237g,"1,2-propanediol",water,CC(O)CO,O,"1,2-propanediol__water",0.4,45.53,0.04553
893425,je050237g,"1,2-propanediol",water,CC(O)CO,O,"1,2-propanediol__water",0.6,38.28,0.03828
893426,je050237g,"1,2-propanediol",water,CC(O)CO,O,"1,2-propanediol__water",0.8,33.34,0.03334
893427,je050237g,"1,2-propanediol",water,CC(O)CO,O,"1,2-propanediol__water",0.2,59.19,0.05919
893428,je050237g,"1,2-propanediol",water,CC(O)CO,O,"1,2-propanediol__water",0.4,46.73,0.04673
893429,je050237g,"1,2-propanediol",water,CC(O)CO,O,"1,2-propanediol__water",0.6,39.34,0.03934
893430,je050237g,"1,2-propanediol",water,CC(O)CO,O,"1,2-propanediol__water",0.8,34.3,0.0343
893451,je050237g,"1,3-propanediol",water,OCCCO,O,"1,3-propanediol__water",0.2,60.3,0.0603
893452,je050237g,"1,3-propanediol",water,OCCCO,O,"1,3-propanediol__water",0.4,50.18,0.05018
893453,je050237g,"1,3-propanediol",water,OCCCO,O,"1,3-propanediol__water",0.6,43.8,0.0438
893454,je050237g,"1,3-propanediol",water,OCCCO,O,"1,3-propanediol__water",0.8,39.39,0.03939
893455,je050237g,"1,3-propanediol",water,OCCCO,O,"1,3-propanediol__water",0.2,61.43,0.06143
893456,je050237g,"1,3-propanediol",water,OCCCO,O,"1,3-propanediol__water",0.4,51.17,0.05117
893457,je050237g,"1,3-propanediol",water,OCCCO,O,"1,3-propanediol__water",0.6,44.67,0.04467
893458,je050237g,"1,3-propanediol",water,OCCCO,O,"1,3-propanediol__water",0.8,40.15,0.04015
901316,je050353j,"1,2-ethanediol",water,OCCO,O,"1,2-ethanediol__water",0,80.18,0.08018
901317,je050353j,"1,2-ethanediol",water,OCCO,O,"1,2-ethanediol__water",0.2,66.72,0.06672
901318,je050353j,"1,2-ethanediol",water,OCCO,O,"1,2-ethanediol__water",0.4,57.74,0.05774
901319,je050353j,"1,2-ethanediol",water,OCCO,O,"1,2-ethanediol__water",0.6,50.99,0.05099
901320,je050353j,"1,2-ethanediol",water,OCCO,O,"1,2-ethanediol__water",0.8,45.95,0.04595
901321,je050353j,"1,2-ethanediol",water,OCCO,O,"1,2-ethanediol__water",0,81.88,0.08188
901322,je050353j,"1,2-ethanediol",water,OCCO,O,"1,2-ethanediol__water",0.2,68.04,0.06804
901323,je050353j,"1,2-ethanediol",water,OCCO,O,"1,2-ethanediol__water",0.4,58.96,0.05896
901324,je050353j,"1,2-ethanediol",water,OCCO,O,"1,2-ethanediol__water",0.6,52.14,0.05214
901325,je050353j,"1,2-ethanediol",water,OCCO,O,"1,2-ethanediol__water",0.8,47.04,0.04704
901350,je050353j,glycerol,water,OCC(O)CO,O,glycerol__water,0.2,65.05,0.06505
901351,je050353j,glycerol,water,OCC(O)CO,O,glycerol__water,0.4,56.37,0.05637
901352,je050353j,glycerol,water,OCC(O)CO,O,glycerol__water,0.6,50.55,0.05055
901353,je050353j,glycerol,water,OCC(O)CO,O,glycerol__water,0.8,46.43,0.04643
901354,je050353j,glycerol,water,OCC(O)CO,O,glycerol__water,0.2,66.28,0.06628
901355,je050353j,glycerol,water,OCC(O)CO,O,glycerol__water,0.4,57.44,0.05744
901356,je050353j,glycerol,water,OCC(O)CO,O,glycerol__water,0.6,51.5,0.0515
901357,je050353j,glycerol,water,OCC(O)CO,O,glycerol__water,0.8,47.33,0.04733
1508621,je800593p,ethanol,methyl alcohol,CCO,CO,ethanol__methanol,0,34.62,0.03
1508622,je800593p,ethanol,methyl alcohol,CCO,CO,ethanol__methanol,0.0517,34.02,0.03
1508623,je800593p,ethanol,methyl alcohol,CCO,CO,ethanol__methanol,0.1023,33.43,0.03
1508624,je800593p,ethanol,methyl alcohol,CCO,CO,ethanol__methanol,0.1496,32.84,0.03
1508625,je800593p,ethanol,methyl alcohol,CCO,CO,ethanol__methanol,0.2011,32.25,0.03
1508626,je800593p,ethanol,methyl alcohol,CCO,CO,ethanol__methanol,0.249,31.67,0.03
1508627,je800593p,ethanol,methyl alcohol,CCO,CO,ethanol__methanol,0.2997,31.12,0.03
1508628,je800593p,ethanol,methyl alcohol,CCO,CO,ethanol__methanol,0.3523,30.53,0.03
1508629,je800593p,ethanol,methyl alcohol,CCO,CO,ethanol__methanol,0.4021,30.04,0.03
1508630,je800593p,ethanol,methyl alcohol,CCO,CO,ethanol__methanol,0.4489,29.57,0.03
1508631,je800593p,ethanol,methyl alcohol,CCO,CO,ethanol__methanol,0.5031,29.1,0.03
1508632,je800593p,ethanol,methyl alcohol,CCO,CO,ethanol__methanol,0.5487,28.71,0.03
1508633,je800593p,ethanol,methyl alcohol,CCO,CO,ethanol__methanol,0.5995,28.34,0.03
1508634,je800593p,ethanol,methyl alcohol,CCO,CO,ethanol__methanol,0.6525,27.95,0.03
1508635,je800593p,ethanol,methyl alcohol,CCO,CO,ethanol__methanol,0.7017,27.66,0.03
1508636,je800593p,ethanol,methyl alcohol,CCO,CO,ethanol__methanol,0.7485,27.36,0.03
1508637,je800593p,ethanol,methyl alcohol,CCO,CO,ethanol__methanol,0.8022,27.07,0.03
1508638,je800593p,ethanol,methyl alcohol,CCO,CO,ethanol__methanol,0.8497,26.79,0.03
1508639,je800593p,ethanol,methyl alcohol,CCO,CO,ethanol__methanol,0.9026,26.52,0.03
1508640,je800593p,ethanol,methyl alcohol,CCO,CO,ethanol__methanol,0.9526,26.21,0.03
1508641,je800593p,ethanol,methyl alcohol,CCO,CO,ethanol__methanol,1,25.92,0.03
1508642,je800593p,ethanol,methyl alcohol,CCO,CO,ethanol__methanol,0,33.6,0.03
1508643,je800593p,ethanol,methyl alcohol,CCO,CO,ethanol__methanol,0.0517,32.97,0.03
1508644,je800593p,ethanol,methyl alcohol,CCO,CO,ethanol__methanol,0.1023,32.37,0.03
1508645,je800593p,ethanol,methyl alcohol,CCO,CO,ethanol__methanol,0.1496,31.78,0.03
1508646,je800593p,ethanol,methyl alcohol,CCO,CO,ethanol__methanol,0.2011,31.2,0.03
1508647,je800593p,ethanol,methyl alcohol,CCO,CO,ethanol__methanol,0.249,30.64,0.03
1508648,je800593p,ethanol,methyl alcohol,CCO,CO,ethanol__methanol,0.2997,30.11,0.03
1508649,je800593p,ethanol,methyl alcohol,CCO,CO,ethanol__methanol,0.3523,29.54,0.03
1508650,je800593p,ethanol,methyl alcohol,CCO,CO,ethanol__methanol,0.4021,29.08,0.03
1508651,je800593p,ethanol,methyl alcohol,CCO,CO,ethanol__methanol,0.4489,28.63,0.03
1508652,je800593p,ethanol,methyl alcohol,CCO,CO,ethanol__methanol,0.5031,28.18,0.03
1508653,je800593p,ethanol,methyl alcohol,CCO,CO,ethanol__methanol,0.5487,27.8,0.03
1508654,je800593p,ethanol,methyl alcohol,CCO,CO,ethanol__methanol,0.5995,27.45,0.03
1508655,je800593p,ethanol,methyl alcohol,CCO,CO,ethanol__methanol,0.6525,27.07,0.03
1508656,je800593p,ethanol,methyl alcohol,CCO,CO,ethanol__methanol,0.7017,26.78,0.03
1508657,je800593p,ethanol,methyl alcohol,CCO,CO,ethanol__methanol,0.7485,26.49,0.03
1508658,je800593p,ethanol,methyl alcohol,CCO,CO,ethanol__methanol,0.8022,26.21,0.03
1508659,je800593p,ethanol,methyl alcohol,CCO,CO,ethanol__methanol,0.8497,25.93,0.03
1508660,je800593p,ethanol,methyl alcohol,CCO,CO,ethanol__methanol,0.9026,25.68,0.03
1508661,je800593p,ethanol,methyl alcohol,CCO,CO,ethanol__methanol,0.9526,25.38,0.03
1508662,je800593p,ethanol,methyl alcohol,CCO,CO,ethanol__methanol,1,25.12,0.03
1508663,je800593p,ethanol,methyl alcohol,CCO,CO,ethanol__methanol,0,32.6,0.03
1508664,je800593p,ethanol,methyl alcohol,CCO,CO,ethanol__methanol,0.0517,31.96,0.03
1508665,je800593p,ethanol,methyl alcohol,CCO,CO,ethanol__methanol,0.1023,31.32,0.03
1508666,je800593p,ethanol,methyl alcohol,CCO,CO,ethanol__methanol,0.1496,30.78,0.03
1508667,je800593p,ethanol,methyl alcohol,CCO,CO,ethanol__methanol,0.2011,30.17,0.03
1508668,je800593p,ethanol,methyl alcohol,CCO,CO,ethanol__methanol,0.249,29.66,0.03
1508669,je800593p,ethanol,methyl alcohol,CCO,CO,ethanol__methanol,0.2997,29.11,0.03
1508670,je800593p,ethanol,methyl alcohol,CCO,CO,ethanol__methanol,0.3523,28.61,0.03
1508671,je800593p,ethanol,methyl alcohol,CCO,CO,ethanol__methanol,0.4021,28.13,0.03
1508672,je800593p,ethanol,methyl alcohol,CCO,CO,ethanol__methanol,0.4489,27.74,0.03
1508673,je800593p,ethanol,methyl alcohol,CCO,CO,ethanol__methanol,0.5031,27.28,0.03
1508674,je800593p,ethanol,methyl alcohol,CCO,CO,ethanol__methanol,0.5487,26.95,0.03
1508675,je800593p,ethanol,methyl alcohol,CCO,CO,ethanol__methanol,0.5995,26.57,0.03
1508676,je800593p,ethanol,methyl alcohol,CCO,CO,ethanol__methanol,0.6525,26.24,0.03
1508677,je800593p,ethanol,methyl alcohol,CCO,CO,ethanol__methanol,0.7017,25.91,0.03
1508678,je800593p,ethanol,methyl alcohol,CCO,CO,ethanol__methanol,0.7485,25.66,0.03
1508679,je800593p,ethanol,methyl alcohol,CCO,CO,ethanol__methanol,0.8022,25.35,0.03
1508680,je800593p,ethanol,methyl alcohol,CCO,CO,ethanol__methanol,0.8497,25.12,0.03
1508681,je800593p,ethanol,methyl alcohol,CCO,CO,ethanol__methanol,0.9026,24.84,0.03
1508682,je800593p,ethanol,methyl alcohol,CCO,CO,ethanol__methanol,0.9526,24.59,0.03
1508683,je800593p,ethanol,methyl alcohol,CCO,CO,ethanol__methanol,1,24.35,0.03
1508684,je800593p,ethanol,methyl alcohol,CCO,CO,ethanol__methanol,0,31.65,0.03
1508685,je800593p,ethanol,methyl alcohol,CCO,CO,ethanol__methanol,0.0517,30.97,0.03
1508686,je800593p,ethanol,methyl alcohol,CCO,CO,ethanol__methanol,0.1023,30.34,0.03
1508687,je800593p,ethanol,methyl alcohol,CCO,CO,ethanol__methanol,0.1496,29.76,0.03
1508688,je800593p,ethanol,methyl alcohol,CCO,CO,ethanol__methanol,0.2011,29.2,0.03
1508689,je800593p,ethanol,methyl alcohol,CCO,CO,ethanol__methanol,0.249,28.67,0.03
1508690,je800593p,ethanol,methyl alcohol,CCO,CO,ethanol__methanol,0.2997,28.19,0.03
1508691,je800593p,ethanol,methyl alcohol,CCO,CO,ethanol__methanol,0.3523,27.67,0.03
1508692,je800593p,ethanol,methyl alcohol,CCO,CO,ethanol__methanol,0.4021,27.25,0.03
1508693,je800593p,ethanol,methyl alcohol,CCO,CO,ethanol__methanol,0.4489,26.84,0.03
1508694,je800593p,ethanol,methyl alcohol,CCO,CO,ethanol__methanol,0.5031,26.44,0.03
1508695,je800593p,ethanol,methyl alcohol,CCO,CO,ethanol__methanol,0.5487,26.08,0.03
1508696,je800593p,ethanol,methyl alcohol,CCO,CO,ethanol__methanol,0.5995,25.75,0.03
1508697,je800593p,ethanol,methyl alcohol,CCO,CO,ethanol__methanol,0.6525,25.39,0.03
1508698,je800593p,ethanol,methyl alcohol,CCO,CO,ethanol__methanol,0.7017,25.11,0.03
1508699,je800593p,ethanol,methyl alcohol,CCO,CO,ethanol__methanol,0.7485,24.83,0.03
1508700,je800593p,ethanol,methyl alcohol,CCO,CO,ethanol__methanol,0.8022,24.56,0.03
1508701,je800593p,ethanol,methyl alcohol,CCO,CO,ethanol__methanol,0.8497,24.29,0.03
1508702,je800593p,ethanol,methyl alcohol,CCO,CO,ethanol__methanol,0.9026,24.06,0.03
1508703,je800593p,ethanol,methyl alcohol,CCO,CO,ethanol__methanol,0.9526,23.8,0.03
1508704,je800593p,ethanol,methyl alcohol,CCO,CO,ethanol__methanol,1,23.6,0.03
1508705,je800593p,ethanol,methyl alcohol,CCO,CO,ethanol__methanol,0,30.72,0.03
1508706,je800593p,ethanol,methyl alcohol,CCO,CO,ethanol__methanol,0.0517,30,0.03
1508707,je800593p,ethanol,methyl alcohol,CCO,CO,ethanol__methanol,0.1023,29.38,0.03
1508708,je800593p,ethanol,methyl alcohol,CCO,CO,ethanol__methanol,0.1496,28.8,0.03
1508709,je800593p,ethanol,methyl alcohol,CCO,CO,ethanol__methanol,0.2011,28.25,0.03
1508710,je800593p,ethanol,methyl alcohol,CCO,CO,ethanol__methanol,0.249,27.74,0.03
1508711,je800593p,ethanol,methyl alcohol,CCO,CO,ethanol__methanol,0.2997,27.27,0.03
1508712,je800593p,ethanol,methyl alcohol,CCO,CO,ethanol__methanol,0.3523,26.78,0.03
1508713,je800593p,ethanol,methyl alcohol,CCO,CO,ethanol__methanol,0.4021,26.38,0.03
1508714,je800593p,ethanol,methyl alcohol,CCO,CO,ethanol__methanol,0.4489,25.99,0.03
1508715,je800593p,ethanol,methyl alcohol,CCO,CO,ethanol__methanol,0.5031,25.6,0.03
1508716,je800593p,ethanol,methyl alcohol,CCO,CO,ethanol__methanol,0.5487,25.26,0.03
1508717,je800593p,ethanol,methyl alcohol,CCO,CO,ethanol__methanol,0.5995,24.94,0.03
1508718,je800593p,ethanol,methyl alcohol,CCO,CO,ethanol__methanol,0.6525,24.59,0.03
1508719,je800593p,ethanol,methyl alcohol,CCO,CO,ethanol__methanol,0.7017,24.32,0.03
1508720,je800593p,ethanol,methyl alcohol,CCO,CO,ethanol__methanol,0.7485,24.04,0.03
1508721,je800593p,ethanol,methyl alcohol,CCO,CO,ethanol__methanol,0.8022,23.77,0.03
1508722,je800593p,ethanol,methyl alcohol,CCO,CO,ethanol__methanol,0.8497,23.51,0.03
1508723,je800593p,ethanol,methyl alcohol,CCO,CO,ethanol__methanol,0.9026,23.29,0.03
1508724,je800593p,ethanol,methyl alcohol,CCO,CO,ethanol__methanol,0.9526,23.05,0.03
1508725,je800593p,ethanol,methyl alcohol,CCO,CO,ethanol__methanol,1,22.87,0.03
1508726,je800593p,methanol,n-propyl alcohol,CO,CCCO,methanol__1-propanol,0,34.62,0.03
1508727,je800593p,methanol,n-propyl alcohol,CO,CCCO,methanol__1-propanol,0.0498,33.41,0.03
1508728,je800593p,methanol,n-propyl alcohol,CO,CCCO,methanol__1-propanol,0.1003,32.28,0.03
1508729,je800593p,methanol,n-propyl alcohol,CO,CCCO,methanol__1-propanol,0.1497,31.23,0.03
1508730,je800593p,methanol,n-propyl alcohol,CO,CCCO,methanol__1-propanol,0.1999,30.29,0.03
1508731,je800593p,methanol,n-propyl alcohol,CO,CCCO,methanol__1-propanol,0.2501,29.37,0.03
1508732,je800593p,methanol,n-propyl alcohol,CO,CCCO,methanol__1-propanol,0.3008,28.56,0.03
1508733,je800593p,methanol,n-propyl alcohol,CO,CCCO,methanol__1-propanol,0.3497,27.79,0.03
1508734,je800593p,methanol,n-propyl alcohol,CO,CCCO,methanol__1-propanol,0.4004,27.1,0.03
1508735,je800593p,methanol,n-propyl alcohol,CO,CCCO,methanol__1-propanol,0.4499,26.45,0.03
1508736,je800593p,methanol,n-propyl alcohol,CO,CCCO,methanol__1-propanol,0.5001,25.87,0.03
1508737,je800593p,methanol,n-propyl alcohol,CO,CCCO,methanol__1-propanol,0.5503,25.31,0.03
1508738,je800593p,methanol,n-propyl alcohol,CO,CCCO,methanol__1-propanol,0.6001,24.82,0.03
1508739,je800593p,methanol,n-propyl alcohol,CO,CCCO,methanol__1-propanol,0.649,24.36,0.03
1508740,je800593p,methanol,n-propyl alcohol,CO,CCCO,methanol__1-propanol,0.7004,23.93,0.03
1508741,je800593p,methanol,n-propyl alcohol,CO,CCCO,methanol__1-propanol,0.7496,23.52,0.03
1508742,je800593p,methanol,n-propyl alcohol,CO,CCCO,methanol__1-propanol,0.7998,23.17,0.03
1508743,je800593p,methanol,n-propyl alcohol,CO,CCCO,methanol__1-propanol,0.8503,22.8,0.03
1508744,je800593p,methanol,n-propyl alcohol,CO,CCCO,methanol__1-propanol,0.8997,22.5,0.03
1508745,je800593p,methanol,n-propyl alcohol,CO,CCCO,methanol__1-propanol,0.9501,22.16,0.03
1508746,je800593p,methanol,n-propyl alcohol,CO,CCCO,methanol__1-propanol,1,21.87,0.03
1508747,je800593p,methanol,n-propyl alcohol,CO,CCCO,methanol__1-propanol,0,33.6,0.03
1508748,je800593p,methanol,n-propyl alcohol,CO,CCCO,methanol__1-propanol,0.0498,32.44,0.03
1508749,je800593p,methanol,n-propyl alcohol,CO,CCCO,methanol__1-propanol,0.1003,31.32,0.03
1508750,je800593p,methanol,n-propyl alcohol,CO,CCCO,methanol__1-propanol,0.1497,30.35,0.03
1508751,je800593p,methanol,n-propyl alcohol,CO,CCCO,methanol__1-propanol,0.1999,29.39,0.03
1508752,je800593p,methanol,n-propyl alcohol,CO,CCCO,methanol__1-propanol,0.2501,28.53,0.03
1508753,je800593p,methanol,n-propyl alcohol,CO,CCCO,methanol__1-propanol,0.3008,27.7,0.03
1508754,je800593p,methanol,n-propyl alcohol,CO,CCCO,methanol__1-propanol,0.3497,26.99,0.03
1508755,je800593p,methanol,n-propyl alcohol,CO,CCCO,methanol__1-propanol,0.4004,26.29,0.03
1508756,je800593p,methanol,n-propyl alcohol,CO,CCCO,methanol__1-propanol,0.4499,25.68,0.03
1508757,je800593p,methanol,n-propyl alcohol,CO,CCCO,methanol__1-propanol,0.5001,25.07,0.03
1508758,je800593p,methanol,n-propyl alcohol,CO,CCCO,methanol__1-propanol,0.5503,24.56,0.03
1508759,je800593p,methanol,n-propyl alcohol,CO,CCCO,methanol__1-propanol,0.6001,24.04,0.03
1508760,je800593p,methanol,n-propyl alcohol,CO,CCCO,methanol__1-propanol,0.649,23.63,0.03
1508761,je800593p,methanol,n-propyl alcohol,CO,CCCO,methanol__1-propanol,0.7004,23.15,0.03
1508762,je800593p,methanol,n-propyl alcohol,CO,CCCO,methanol__1-propanol,0.7496,22.8,0.03
1508763,je800593p,methanol,n-propyl alcohol,CO,CCCO,methanol__1-propanol,0.7998,22.41,0.03
1508764,je800593p,methanol,n-propyl alcohol,CO,CCCO,methanol__1-propanol,0.8503,22.08,0.03
1508765,je800593p,methanol,n-propyl alcohol,CO,CCCO,methanol__1-propanol,0.8997,21.74,0.03
1508766,je800593p,methanol,n-propyl alcohol,CO,CCCO,methanol__1-propanol,0.9501,21.44,0.03
1508767,je800593p,methanol,n-propyl alcohol,CO,CCCO,methanol__1-propanol,1,21.15,0.03
1508768,je800593p,methanol,n-propyl alcohol,CO,CCCO,methanol__1-propanol,0,32.6,0.03
1508769,je800593p,methanol,n-propyl alcohol,CO,CCCO,methanol__1-propanol,0.0498,31.49,0.03
1508770,je800593p,methanol,n-propyl alcohol,CO,CCCO,methanol__1-propanol,0.1003,30.41,0.03
1508771,je800593p,methanol,n-propyl alcohol,CO,CCCO,methanol__1-propanol,0.1497,29.46,0.03
1508772,je800593p,methanol,n-propyl alcohol,CO,CCCO,methanol__1-propanol,0.1999,28.53,0.03
1508773,je800593p,methanol,n-propyl alcohol,CO,CCCO,methanol__1-propanol,0.2501,27.7,0.03
1508774,je800593p,methanol,n-propyl alcohol,CO,CCCO,methanol__1-propanol,0.3008,26.89,0.03
1508775,je800593p,methanol,n-propyl alcohol,CO,CCCO,methanol__1-propanol,0.3497,26.2,0.03
1508776,je800593p,methanol,n-propyl alcohol,CO,CCCO,methanol__1-propanol,0.4004,25.5,0.03
1508777,je800593p,methanol,n-propyl alcohol,CO,CCCO,methanol__1-propanol,0.4499,24.91,0.03
1508778,je800593p,methanol,n-propyl alcohol,CO,CCCO,methanol__1-propanol,0.5001,24.32,0.03
1508779,je800593p,methanol,n-propyl alcohol,CO,CCCO,methanol__1-propanol,0.5503,23.8,0.03
1508780,je800593p,methanol,n-propyl alcohol,CO,CCCO,methanol__1-propanol,0.6001,23.32,0.03
1508781,je800593p,methanol,n-propyl alcohol,CO,CCCO,methanol__1-propanol,0.649,22.88,0.03
1508782,je800593p,methanol,n-propyl alcohol,CO,CCCO,methanol__1-propanol,0.7004,22.44,0.03
1508783,je800593p,methanol,n-propyl alcohol,CO,CCCO,methanol__1-propanol,0.7496,22.08,0.03
1508784,je800593p,methanol,n-propyl alcohol,CO,CCCO,methanol__1-propanol,0.7998,21.69,0.03
1508785,je800593p,methanol,n-propyl alcohol,CO,CCCO,methanol__1-propanol,0.8503,21.37,0.03
1508786,je800593p,methanol,n-propyl alcohol,CO,CCCO,methanol__1-propanol,0.8997,21.04,0.03
1508787,je800593p,methanol,n-propyl alcohol,CO,CCCO,methanol__1-propanol,0.9501,20.75,0.03
1508788,je800593p,methanol,n-propyl alcohol,CO,CCCO,methanol__1-propanol,1,20.45,0.03
1508789,je800593p,methanol,n-propyl alcohol,CO,CCCO,methanol__1-propanol,0,31.65,0.03
1508790,je800593p,methanol,n-propyl alcohol,CO,CCCO,methanol__1-propanol,0.0498,30.57,0.03
1508791,je800593p,methanol,n-propyl alcohol,CO,CCCO,methanol__1-propanol,0.1003,29.53,0.03
1508792,je800593p,methanol,n-propyl alcohol,CO,CCCO,methanol__1-propanol,0.1497,28.61,0.03
1508793,je800593p,methanol,n-propyl alcohol,CO,CCCO,methanol__1-propanol,0.1999,27.7,0.03
1508794,je800593p,methanol,n-propyl alcohol,CO,CCCO,methanol__1-propanol,0.2501,26.9,0.03
1508795,je800593p,methanol,n-propyl alcohol,CO,CCCO,methanol__1-propanol,0.3008,26.1,0.03
1508796,je800593p,methanol,n-propyl alcohol,CO,CCCO,methanol__1-propanol,0.3497,25.42,0.03
1508797,je800593p,methanol,n-propyl alcohol,CO,CCCO,methanol__1-propanol,0.4004,24.76,0.03
1508798,je800593p,methanol,n-propyl alcohol,CO,CCCO,methanol__1-propanol,0.4499,24.17,0.03
1508799,je800593p,methanol,n-propyl alcohol,CO,CCCO,methanol__1-propanol,0.5001,23.59,0.03
1508800,je800593p,methanol,n-propyl alcohol,CO,CCCO,methanol__1-propanol,0.5503,23.09,0.03
1508801,je800593p,methanol,n-propyl alcohol,CO,CCCO,methanol__1-propanol,0.6001,22.59,0.03
1508802,je800593p,methanol,n-propyl alcohol,CO,CCCO,methanol__1-propanol,0.649,22.17,0.03
1508803,je800593p,methanol,n-propyl alcohol,CO,CCCO,methanol__1-propanol,0.7004,21.74,0.03
1508804,je800593p,methanol,n-propyl alcohol,CO,CCCO,methanol__1-propanol,0.7496,21.37,0.03
1508805,je800593p,methanol,n-propyl alcohol,CO,CCCO,methanol__1-propanol,0.7998,21.01,0.03
1508806,je800593p,methanol,n-propyl alcohol,CO,CCCO,methanol__1-propanol,0.8503,20.67,0.03
1508807,je800593p,methanol,n-propyl alcohol,CO,CCCO,methanol__1-propanol,0.8997,20.36,0.03
1508808,je800593p,methanol,n-propyl alcohol,CO,CCCO,methanol__1-propanol,0.9501,20.06,0.03
1508809,je800593p,methanol,n-propyl alcohol,CO,CCCO,methanol__1-propanol,1,19.78,0.03
1508810,je800593p,methanol,n-propyl alcohol,CO,CCCO,methanol__1-propanol,0,30.72,0.03
1508811,je800593p,methanol,n-propyl alcohol,CO,CCCO,methanol__1-propanol,0.0498,29.67,0.03
1508812,je800593p,methanol,n-propyl alcohol,CO,CCCO,methanol__1-propanol,0.1003,28.69,0.03
1508813,je800593p,methanol,n-propyl alcohol,CO,CCCO,methanol__1-propanol,0.1497,27.76,0.03
1508814,je800593p,methanol,n-propyl alcohol,CO,CCCO,methanol__1-propanol,0.1999,26.92,0.03
1508815,je800593p,methanol,n-propyl alcohol,CO,CCCO,methanol__1-propanol,0.2501,26.09,0.03
1508816,je800593p,methanol,n-propyl alcohol,CO,CCCO,methanol__1-propanol,0.3008,25.36,0.03
1508817,je800593p,methanol,n-propyl alcohol,CO,CCCO,methanol__1-propanol,0.3497,24.66,0.03
1508818,je800593p,methanol,n-propyl alcohol,CO,CCCO,methanol__1-propanol,0.4004,24.03,0.03
1508819,je800593p,methanol,n-propyl alcohol,CO,CCCO,methanol__1-propanol,0.4499,23.44,0.03
1508820,je800593p,methanol,n-propyl alcohol,CO,CCCO,methanol__1-propanol,0.5001,22.89,0.03
1508821,je800593p,methanol,n-propyl alcohol,CO,CCCO,methanol__1-propanol,0.5503,22.37,0.03
1508822,je800593p,methanol,n-propyl alcohol,CO,CCCO,methanol__1-propanol,0.6001,21.9,0.03
1508823,je800593p,methanol,n-propyl alcohol,CO,CCCO,methanol__1-propanol,0.649,21.48,0.03
1508824,je800593p,methanol,n-propyl alcohol,CO,CCCO,methanol__1-propanol,0.7004,21.06,0.03
1508825,je800593p,methanol,n-propyl alcohol,CO,CCCO,methanol__1-propanol,0.7496,20.69,0.03
1508826,je800593p,methanol,n-propyl alcohol,CO,CCCO,methanol__1-propanol,0.7998,20.34,0.03
1508827,je800593p,methanol,n-propyl alcohol,CO,CCCO,methanol__1-propanol,0.8503,20,0.03
1508828,je800593p,methanol,n-propyl alcohol,CO,CCCO,methanol__1-propanol,0.8997,19.7,0.03
1508829,je800593p,methanol,n-propyl alcohol,CO,CCCO,methanol__1-propanol,0.9501,19.4,0.03
1508830,je800593p,methanol,n-propyl alcohol,CO,CCCO,methanol__1-propanol,1,19.13,0.03
1508831,je800593p,methanol,2-propanol,CO,CC(C)O,methanol__2-propanol,0,34.62,0.03
1508832,je800593p,methanol,2-propanol,CO,CC(C)O,methanol__2-propanol,0.0501,33.29,0.03
1508833,je800593p,methanol,2-propanol,CO,CC(C)O,methanol__2-propanol,0.1005,32.05,0.03
1508834,je800593p,methanol,2-propanol,CO,CC(C)O,methanol__2-propanol,0.1499,30.98,0.03
1508835,je800593p,methanol,2-propanol,CO,CC(C)O,methanol__2-propanol,0.199,29.96,0.03
1508836,je800593p,methanol,2-propanol,CO,CC(C)O,methanol__2-propanol,0.2498,29.03,0.03
1508837,je800593p,methanol,2-propanol,CO,CC(C)O,methanol__2-propanol,0.3003,28.14,0.03
1508838,je800593p,methanol,2-propanol,CO,CC(C)O,methanol__2-propanol,0.349,27.39,0.03
1508839,je800593p,methanol,2-propanol,CO,CC(C)O,methanol__2-propanol,0.3996,26.62,0.03
1508840,je800593p,methanol,2-propanol,CO,CC(C)O,methanol__2-propanol,0.4501,25.94,0.03
1508841,je800593p,methanol,2-propanol,CO,CC(C)O,methanol__2-propanol,0.4997,25.28,0.03
1508842,je800593p,methanol,2-propanol,CO,CC(C)O,methanol__2-propanol,0.5502,24.7,0.03
1508843,je800593p,methanol,2-propanol,CO,CC(C)O,methanol__2-propanol,0.6004,24.13,0.03
1508844,je800593p,methanol,2-propanol,CO,CC(C)O,methanol__2-propanol,0.6502,23.64,0.03
1508845,je800593p,methanol,2-propanol,CO,CC(C)O,methanol__2-propanol,0.6998,23.15,0.03
1508846,je800593p,methanol,2-propanol,CO,CC(C)O,methanol__2-propanol,0.7502,22.74,0.03
1508847,je800593p,methanol,2-propanol,CO,CC(C)O,methanol__2-propanol,0.7999,22.33,0.03
1508848,je800593p,methanol,2-propanol,CO,CC(C)O,methanol__2-propanol,0.8497,22.01,0.03
1508849,je800593p,methanol,2-propanol,CO,CC(C)O,methanol__2-propanol,0.901,21.68,0.03
1508850,je800593p,methanol,2-propanol,CO,CC(C)O,methanol__2-propanol,0.9502,21.44,0.03
1508851,je800593p,methanol,2-propanol,CO,CC(C)O,methanol__2-propanol,1,21.22,0.03
1508852,je800593p,methanol,2-propanol,CO,CC(C)O,methanol__2-propanol,0,33.6,0.03
1508853,je800593p,methanol,2-propanol,CO,CC(C)O,methanol__2-propanol,0.0501,32.31,0.03
1508854,je800593p,methanol,2-propanol,CO,CC(C)O,methanol__2-propanol,0.1005,31.13,0.03
1508855,je800593p,methanol,2-propanol,CO,CC(C)O,methanol__2-propanol,0.1499,30.05,0.03
1508856,je800593p,methanol,2-propanol,CO,CC(C)O,methanol__2-propanol,0.199,29.09,0.03
1508857,je800593p,methanol,2-propanol,CO,CC(C)O,methanol__2-propanol,0.2498,28.14,0.03
1508858,je800593p,methanol,2-propanol,CO,CC(C)O,methanol__2-propanol,0.3003,27.31,0.03
1508859,je800593p,methanol,2-propanol,CO,CC(C)O,methanol__2-propanol,0.349,26.52,0.03
1508860,je800593p,methanol,2-propanol,CO,CC(C)O,methanol__2-propanol,0.3996,25.8,0.03
1508861,je800593p,methanol,2-propanol,CO,CC(C)O,methanol__2-propanol,0.4501,25.1,0.03
1508862,je800593p,methanol,2-propanol,CO,CC(C)O,methanol__2-propanol,0.4997,24.5,0.03
1508863,je800593p,methanol,2-propanol,CO,CC(C)O,methanol__2-propanol,0.5502,23.89,0.03
1508864,je800593p,methanol,2-propanol,CO,CC(C)O,methanol__2-propanol,0.6004,23.36,0.03
1508865,je800593p,methanol,2-propanol,CO,CC(C)O,methanol__2-propanol,0.6502,22.84,0.03
1508866,je800593p,methanol,2-propanol,CO,CC(C)O,methanol__2-propanol,0.6998,22.4,0.03
1508867,je800593p,methanol,2-propanol,CO,CC(C)O,methanol__2-propanol,0.7502,21.94,0.03
1508868,je800593p,methanol,2-propanol,CO,CC(C)O,methanol__2-propanol,0.7999,21.57,0.03
1508869,je800593p,methanol,2-propanol,CO,CC(C)O,methanol__2-propanol,0.8497,21.19,0.03
1508870,je800593p,methanol,2-propanol,CO,CC(C)O,methanol__2-propanol,0.901,20.87,0.03
1508871,je800593p,methanol,2-propanol,CO,CC(C)O,methanol__2-propanol,0.9502,20.56,0.03
1508872,je800593p,methanol,2-propanol,CO,CC(C)O,methanol__2-propanol,1,20.31,0.03
1508873,je800593p,methanol,2-propanol,CO,CC(C)O,methanol__2-propanol,0,32.6,0.03
1508874,je800593p,methanol,2-propanol,CO,CC(C)O,methanol__2-propanol,0.0501,31.37,0.03
1508875,je800593p,methanol,2-propanol,CO,CC(C)O,methanol__2-propanol,0.1005,30.2,0.03
1508876,je800593p,methanol,2-propanol,CO,CC(C)O,methanol__2-propanol,0.1499,29.18,0.03
1508877,je800593p,methanol,2-propanol,CO,CC(C)O,methanol__2-propanol,0.199,28.21,0.03
1508878,je800593p,methanol,2-propanol,CO,CC(C)O,methanol__2-propanol,0.2498,27.31,0.03
1508879,je800593p,methanol,2-propanol,CO,CC(C)O,methanol__2-propanol,0.3003,26.45,0.03
1508880,je800593p,methanol,2-propanol,CO,CC(C)O,methanol__2-propanol,0.349,25.72,0.03
1508881,je800593p,methanol,2-propanol,CO,CC(C)O,methanol__2-propanol,0.3996,24.98,0.03
1508882,je800593p,methanol,2-propanol,CO,CC(C)O,methanol__2-propanol,0.4501,24.33,0.03
1508883,je800593p,methanol,2-propanol,CO,CC(C)O,methanol__2-propanol,0.4997,23.7,0.03
1508884,je800593p,methanol,2-propanol,CO,CC(C)O,methanol__2-propanol,0.5502,23.14,0.03
1508885,je800593p,methanol,2-propanol,CO,CC(C)O,methanol__2-propanol,0.6004,22.58,0.03
1508886,je800593p,methanol,2-propanol,CO,CC(C)O,methanol__2-propanol,0.6502,22.11,0.03
1508887,je800593p,methanol,2-propanol,CO,CC(C)O,methanol__2-propanol,0.6998,21.63,0.03
1508888,je800593p,methanol,2-propanol,CO,CC(C)O,methanol__2-propanol,0.7502,21.21,0.03
1508889,je800593p,methanol,2-propanol,CO,CC(C)O,methanol__2-propanol,0.7999,20.79,0.03
1508890,je800593p,methanol,2-propanol,CO,CC(C)O,methanol__2-propanol,0.8497,20.44,0.03
1508891,je800593p,methanol,2-propanol,CO,CC(C)O,methanol__2-propanol,0.901,20.06,0.03
1508892,je800593p,methanol,2-propanol,CO,CC(C)O,methanol__2-propanol,0.9502,19.75,0.03
1508893,je800593p,methanol,2-propanol,CO,CC(C)O,methanol__2-propanol,1,19.43,0.03
1508894,je800593p,methanol,2-propanol,CO,CC(C)O,methanol__2-propanol,0,31.65,0.03
1508895,je800593p,methanol,2-propanol,CO,CC(C)O,methanol__2-propanol,0.0501,30.46,0.03
1508896,je800593p,methanol,2-propanol,CO,CC(C)O,methanol__2-propanol,0.1005,29.32,0.03
1508897,je800593p,methanol,2-propanol,CO,CC(C)O,methanol__2-propanol,0.1499,28.32,0.03
1508898,je800593p,methanol,2-propanol,CO,CC(C)O,methanol__2-propanol,0.199,27.37,0.03
1508899,je800593p,methanol,2-propanol,CO,CC(C)O,methanol__2-propanol,0.2498,26.49,0.03
1508900,je800593p,methanol,2-propanol,CO,CC(C)O,methanol__2-propanol,0.3003,25.64,0.03
1508901,je800593p,methanol,2-propanol,CO,CC(C)O,methanol__2-propanol,0.349,24.93,0.03
1508902,je800593p,methanol,2-propanol,CO,CC(C)O,methanol__2-propanol,0.3996,24.19,0.03
1508903,je800593p,methanol,2-propanol,CO,CC(C)O,methanol__2-propanol,0.4501,23.56,0.03
1508904,je800593p,methanol,2-propanol,CO,CC(C)O,methanol__2-propanol,0.4997,22.94,0.03
1508905,je800593p,methanol,2-propanol,CO,CC(C)O,methanol__2-propanol,0.5502,22.39,0.03
1508906,je800593p,methanol,2-propanol,CO,CC(C)O,methanol__2-propanol,0.6004,21.85,0.03
1508907,je800593p,methanol,2-propanol,CO,CC(C)O,methanol__2-propanol,0.6502,21.38,0.03
1508908,je800593p,methanol,2-propanol,CO,CC(C)O,methanol__2-propanol,0.6998,20.91,0.03
1508909,je800593p,methanol,2-propanol,CO,CC(C)O,methanol__2-propanol,0.7502,20.49,0.03
1508910,je800593p,methanol,2-propanol,CO,CC(C)O,methanol__2-propanol,0.7999,20.07,0.03
1508911,je800593p,methanol,2-propanol,CO,CC(C)O,methanol__2-propanol,0.8497,19.7,0.03
1508912,je800593p,methanol,2-propanol,CO,CC(C)O,methanol__2-propanol,0.901,19.29,0.03
1508913,je800593p,methanol,2-propanol,CO,CC(C)O,methanol__2-propanol,0.9502,18.96,0.03
1508914,je800593p,methanol,2-propanol,CO,CC(C)O,methanol__2-propanol,1,18.59,0.03
1508915,je800593p,methanol,2-propanol,CO,CC(C)O,methanol__2-propanol,0,30.72,0.03
1508916,je800593p,methanol,2-propanol,CO,CC(C)O,methanol__2-propanol,0.0501,29.56,0.03
1508917,je800593p,methanol,2-propanol,CO,CC(C)O,methanol__2-propanol,0.1005,28.48,0.03
1508918,je800593p,methanol,2-propanol,CO,CC(C)O,methanol__2-propanol,0.1499,27.47,0.03
1508919,je800593p,methanol,2-propanol,CO,CC(C)O,methanol__2-propanol,0.199,26.57,0.03
1508920,je800593p,methanol,2-propanol,CO,CC(C)O,methanol__2-propanol,0.2498,25.67,0.03
1508921,je800593p,methanol,2-propanol,CO,CC(C)O,methanol__2-propanol,0.3003,24.88,0.03
1508922,je800593p,methanol,2-propanol,CO,CC(C)O,methanol__2-propanol,0.349,24.14,0.03
1508923,je800593p,methanol,2-propanol,CO,CC(C)O,methanol__2-propanol,0.3996,23.46,0.03
1508924,je800593p,methanol,2-propanol,CO,CC(C)O,methanol__2-propanol,0.4501,22.79,0.03
1508925,je800593p,methanol,2-propanol,CO,CC(C)O,methanol__2-propanol,0.4997,22.23,0.03
1508926,je800593p,methanol,2-propanol,CO,CC(C)O,methanol__2-propanol,0.5502,21.65,0.03
1508927,je800593p,methanol,2-propanol,CO,CC(C)O,methanol__2-propanol,0.6004,21.16,0.03
1508928,je800593p,methanol,2-propanol,CO,CC(C)O,methanol__2-propanol,0.6502,20.66,0.03
1508929,je800593p,methanol,2-propanol,CO,CC(C)O,methanol__2-propanol,0.6998,20.23,0.03
1508930,je800593p,methanol,2-propanol,CO,CC(C)O,methanol__2-propanol,0.7502,19.77,0.03
1508931,je800593p,methanol,2-propanol,CO,CC(C)O,methanol__2-propanol,0.7999,19.38,0.03
1508932,je800593p,methanol,2-propanol,CO,CC(C)O,methanol__2-propanol,0.8497,18.96,0.03
1508933,je800593p,methanol,2-propanol,CO,CC(C)O,methanol__2-propanol,0.901,18.58,0.03
1508934,je800593p,methanol,2-propanol,CO,CC(C)O,methanol__2-propanol,0.9502,18.17,0.03
1508935,je800593p,methanol,2-propanol,CO,CC(C)O,methanol__2-propanol,1,17.79,0.03
1508936,je800593p,methanol,1-butanol,CO,CCCCO,methanol__1-butanol,0,34.62,0.03
1508937,je800593p,methanol,1-butanol,CO,CCCCO,methanol__1-butanol,0.0504,32.77,0.03
1508938,je800593p,methanol,1-butanol,CO,CCCCO,methanol__1-butanol,0.0999,31.18,0.03
1508939,je800593p,methanol,1-butanol,CO,CCCCO,methanol__1-butanol,0.1503,29.72,0.03
1508940,je800593p,methanol,1-butanol,CO,CCCCO,methanol__1-butanol,0.199,28.5,0.03
1508941,je800593p,methanol,1-butanol,CO,CCCCO,methanol__1-butanol,0.2491,27.34,0.03
1508942,je800593p,methanol,1-butanol,CO,CCCCO,methanol__1-butanol,0.2993,26.34,0.03
1508943,je800593p,methanol,1-butanol,CO,CCCCO,methanol__1-butanol,0.3502,25.4,0.03
1508944,je800593p,methanol,1-butanol,CO,CCCCO,methanol__1-butanol,0.3999,24.61,0.03
1508945,je800593p,methanol,1-butanol,CO,CCCCO,methanol__1-butanol,0.4506,23.84,0.03
1508946,je800593p,methanol,1-butanol,CO,CCCCO,methanol__1-butanol,0.4969,23.23,0.03
1508947,je800593p,methanol,1-butanol,CO,CCCCO,methanol__1-butanol,0.5503,22.55,0.03
1508948,je800593p,methanol,1-butanol,CO,CCCCO,methanol__1-butanol,0.5993,22.01,0.03
1508949,je800593p,methanol,1-butanol,CO,CCCCO,methanol__1-butanol,0.6505,21.45,0.03
1508950,je800593p,methanol,1-butanol,CO,CCCCO,methanol__1-butanol,0.6993,20.99,0.03
1508951,je800593p,methanol,1-butanol,CO,CCCCO,methanol__1-butanol,0.7498,20.52,0.03
1508952,je800593p,methanol,1-butanol,CO,CCCCO,methanol__1-butanol,0.7975,20.16,0.03
1508953,je800593p,methanol,1-butanol,CO,CCCCO,methanol__1-butanol,0.8513,19.75,0.03
1508954,je800593p,methanol,1-butanol,CO,CCCCO,methanol__1-butanol,0.8991,19.47,0.03
1508955,je800593p,methanol,1-butanol,CO,CCCCO,methanol__1-butanol,0.9477,19.2,0.03
1508956,je800593p,methanol,1-butanol,CO,CCCCO,methanol__1-butanol,1,19.01,0.03
1508957,je800593p,methanol,1-butanol,CO,CCCCO,methanol__1-butanol,0,33.6,0.03
1508958,je800593p,methanol,1-butanol,CO,CCCCO,methanol__1-butanol,0.0504,31.82,0.03
1508959,je800593p,methanol,1-butanol,CO,CCCCO,methanol__1-butanol,0.0999,30.24,0.03
1508960,je800593p,methanol,1-butanol,CO,CCCCO,methanol__1-butanol,0.1503,28.85,0.03
1508961,je800593p,methanol,1-butanol,CO,CCCCO,methanol__1-butanol,0.199,27.62,0.03
1508962,je800593p,methanol,1-butanol,CO,CCCCO,methanol__1-butanol,0.2491,26.53,0.03
1508963,je800593p,methanol,1-butanol,CO,CCCCO,methanol__1-butanol,0.2993,25.52,0.03
1508964,je800593p,methanol,1-butanol,CO,CCCCO,methanol__1-butanol,0.3502,24.64,0.03
1508965,je800593p,methanol,1-butanol,CO,CCCCO,methanol__1-butanol,0.3999,23.83,0.03
1508966,je800593p,methanol,1-butanol,CO,CCCCO,methanol__1-butanol,0.4506,23.12,0.03
1508967,je800593p,methanol,1-butanol,CO,CCCCO,methanol__1-butanol,0.4969,22.49,0.03
1508968,je800593p,methanol,1-butanol,CO,CCCCO,methanol__1-butanol,0.5503,21.86,0.03
1508969,je800593p,methanol,1-butanol,CO,CCCCO,methanol__1-butanol,0.5993,21.29,0.03
1508970,je800593p,methanol,1-butanol,CO,CCCCO,methanol__1-butanol,0.6505,20.78,0.03
1508971,je800593p,methanol,1-butanol,CO,CCCCO,methanol__1-butanol,0.6993,20.29,0.03
1508972,je800593p,methanol,1-butanol,CO,CCCCO,methanol__1-butanol,0.7498,19.86,0.03
1508973,je800593p,methanol,1-butanol,CO,CCCCO,methanol__1-butanol,0.7975,19.45,0.03
1508974,je800593p,methanol,1-butanol,CO,CCCCO,methanol__1-butanol,0.8513,19.08,0.03
1508975,je800593p,methanol,1-butanol,CO,CCCCO,methanol__1-butanol,0.8991,18.76,0.03
1508976,je800593p,methanol,1-butanol,CO,CCCCO,methanol__1-butanol,0.9477,18.51,0.03
1508977,je800593p,methanol,1-butanol,CO,CCCCO,methanol__1-butanol,1,18.28,0.03
1508978,je800593p,methanol,1-butanol,CO,CCCCO,methanol__1-butanol,0,32.6,0.03
1508979,je800593p,methanol,1-butanol,CO,CCCCO,methanol__1-butanol,0.0504,30.88,0.03
1508980,je800593p,methanol,1-butanol,CO,CCCCO,methanol__1-butanol,0.0999,29.34,0.03
1508981,je800593p,methanol,1-butanol,CO,CCCCO,methanol__1-butanol,0.1503,27.99,0.03
1508982,je800593p,methanol,1-butanol,CO,CCCCO,methanol__1-butanol,0.199,26.8,0.03
1508983,je800593p,methanol,1-butanol,CO,CCCCO,methanol__1-butanol,0.2491,25.74,0.03
1508984,je800593p,methanol,1-butanol,CO,CCCCO,methanol__1-butanol,0.2993,24.75,0.03
1508985,je800593p,methanol,1-butanol,CO,CCCCO,methanol__1-butanol,0.3502,23.89,0.03
1508986,je800593p,methanol,1-butanol,CO,CCCCO,methanol__1-butanol,0.3999,23.1,0.03
1508987,je800593p,methanol,1-butanol,CO,CCCCO,methanol__1-butanol,0.4506,22.4,0.03
1508988,je800593p,methanol,1-butanol,CO,CCCCO,methanol__1-butanol,0.4969,21.78,0.03
1508989,je800593p,methanol,1-butanol,CO,CCCCO,methanol__1-butanol,0.5503,21.16,0.03
1508990,je800593p,methanol,1-butanol,CO,CCCCO,methanol__1-butanol,0.5993,20.61,0.03
1508991,je800593p,methanol,1-butanol,CO,CCCCO,methanol__1-butanol,0.6505,20.11,0.03
1508992,je800593p,methanol,1-butanol,CO,CCCCO,methanol__1-butanol,0.6993,19.63,0.03
1508993,je800593p,methanol,1-butanol,CO,CCCCO,methanol__1-butanol,0.7498,19.2,0.03
1508994,je800593p,methanol,1-butanol,CO,CCCCO,methanol__1-butanol,0.7975,18.8,0.03
1508995,je800593p,methanol,1-butanol,CO,CCCCO,methanol__1-butanol,0.8513,18.42,0.03
1508996,je800593p,methanol,1-butanol,CO,CCCCO,methanol__1-butanol,0.8991,18.09,0.03
1508997,je800593p,methanol,1-butanol,CO,CCCCO,methanol__1-butanol,0.9477,17.84,0.03
1508998,je800593p,methanol,1-butanol,CO,CCCCO,methanol__1-butanol,1,17.58,0.03
1508999,je800593p,methanol,1-butanol,CO,CCCCO,methanol__1-butanol,0,31.65,0.03
1509000,je800593p,methanol,1-butanol,CO,CCCCO,methanol__1-butanol,0.0504,29.97,0.03
1509001,je800593p,methanol,1-butanol,CO,CCCCO,methanol__1-butanol,0.0999,28.47,0.03
1509002,je800593p,methanol,1-butanol,CO,CCCCO,methanol__1-butanol,0.1503,27.16,0.03
1509003,je800593p,methanol,1-butanol,CO,CCCCO,methanol__1-butanol,0.199,25.99,0.03
1509004,je800593p,methanol,1-butanol,CO,CCCCO,methanol__1-butanol,0.2491,24.96,0.03
1509005,je800593p,methanol,1-butanol,CO,CCCCO,methanol__1-butanol,0.2993,24,0.03
1509006,je800593p,methanol,1-butanol,CO,CCCCO,methanol__1-butanol,0.3502,23.16,0.03
1509007,je800593p,methanol,1-butanol,CO,CCCCO,methanol__1-butanol,0.3999,22.38,0.03
1509008,je800593p,methanol,1-butanol,CO,CCCCO,methanol__1-butanol,0.4506,21.7,0.03
1509009,je800593p,methanol,1-butanol,CO,CCCCO,methanol__1-butanol,0.4969,21.1,0.03
1509010,je800593p,methanol,1-butanol,CO,CCCCO,methanol__1-butanol,0.5503,20.5,0.03
1509011,je800593p,methanol,1-butanol,CO,CCCCO,methanol__1-butanol,0.5993,19.95,0.03
1509012,je800593p,methanol,1-butanol,CO,CCCCO,methanol__1-butanol,0.6505,19.46,0.03
1509013,je800593p,methanol,1-butanol,CO,CCCCO,methanol__1-butanol,0.6993,18.98,0.03
1509014,je800593p,methanol,1-butanol,CO,CCCCO,methanol__1-butanol,0.7498,18.57,0.03
1509015,je800593p,methanol,1-butanol,CO,CCCCO,methanol__1-butanol,0.7975,18.16,0.03
1509016,je800593p,methanol,1-butanol,CO,CCCCO,methanol__1-butanol,0.8513,17.79,0.03
1509017,je800593p,methanol,1-butanol,CO,CCCCO,methanol__1-butanol,0.8991,17.45,0.03
1509018,je800593p,methanol,1-butanol,CO,CCCCO,methanol__1-butanol,0.9477,17.18,0.03
1509019,je800593p,methanol,1-butanol,CO,CCCCO,methanol__1-butanol,1,16.91,0.03
1509020,je800593p,methanol,1-butanol,CO,CCCCO,methanol__1-butanol,0,30.72,0.03
1509021,je800593p,methanol,1-butanol,CO,CCCCO,methanol__1-butanol,0.0504,29.08,0.03
1509022,je800593p,methanol,1-butanol,CO,CCCCO,methanol__1-butanol,0.0999,27.65,0.03
1509023,je800593p,methanol,1-butanol,CO,CCCCO,methanol__1-butanol,0.1503,26.33,0.03
1509024,je800593p,methanol,1-butanol,CO,CCCCO,methanol__1-butanol,0.199,25.24,0.03
1509025,je800593p,methanol,1-butanol,CO,CCCCO,methanol__1-butanol,0.2491,24.19,0.03
1509026,je800593p,methanol,1-butanol,CO,CCCCO,methanol__1-butanol,0.2993,23.29,0.03
1509027,je800593p,methanol,1-butanol,CO,CCCCO,methanol__1-butanol,0.3502,22.43,0.03
1509028,je800593p,methanol,1-butanol,CO,CCCCO,methanol__1-butanol,0.3999,21.71,0.03
1509029,je800593p,methanol,1-butanol,CO,CCCCO,methanol__1-butanol,0.4506,21.01,0.03
1509030,je800593p,methanol,1-butanol,CO,CCCCO,methanol__1-butanol,0.4969,20.46,0.03
1509031,je800593p,methanol,1-butanol,CO,CCCCO,methanol__1-butanol,0.5503,19.83,0.03
1509032,je800593p,methanol,1-butanol,CO,CCCCO,methanol__1-butanol,0.5993,19.33,0.03
1509033,je800593p,methanol,1-butanol,CO,CCCCO,methanol__1-butanol,0.6505,18.81,0.03
1509034,je800593p,methanol,1-butanol,CO,CCCCO,methanol__1-butanol,0.6993,18.38,0.03
1509035,je800593p,methanol,1-butanol,CO,CCCCO,methanol__1-butanol,0.7498,17.93,0.03
1509036,je800593p,methanol,1-butanol,CO,CCCCO,methanol__1-butanol,0.7975,17.57,0.03
1509037,je800593p,methanol,1-butanol,CO,CCCCO,methanol__1-butanol,0.8513,17.15,0.03
1509038,je800593p,methanol,1-butanol,CO,CCCCO,methanol__1-butanol,0.8991,16.85,0.03
1509039,je800593p,methanol,1-butanol,CO,CCCCO,methanol__1-butanol,0.9477,16.53,0.03
1509040,je800593p,methanol,1-butanol,CO,CCCCO,methanol__1-butanol,1,16.26,0.03
1509041,je800593p,methanol,2-methyl-1-propanol,CO,CC(C)CO,methanol__2-methyl-1-propanol,0,34.62,0.03
1509042,je800593p,methanol,2-methyl-1-propanol,CO,CC(C)CO,methanol__2-methyl-1-propanol,0.0503,32.7,0.03
1509043,je800593p,methanol,2-methyl-1-propanol,CO,CC(C)CO,methanol__2-methyl-1-propanol,0.1,31,0.03
1509044,je800593p,methanol,2-methyl-1-propanol,CO,CC(C)CO,methanol__2-methyl-1-propanol,0.1502,29.54,0.03
1509045,je800593p,methanol,2-methyl-1-propanol,CO,CC(C)CO,methanol__2-methyl-1-propanol,0.1999,28.23,0.03
1509046,je800593p,methanol,2-methyl-1-propanol,CO,CC(C)CO,methanol__2-methyl-1-propanol,0.2499,27.11,0.03
1509047,je800593p,methanol,2-methyl-1-propanol,CO,CC(C)CO,methanol__2-methyl-1-propanol,0.2998,26.08,0.03
1509048,je800593p,methanol,2-methyl-1-propanol,CO,CC(C)CO,methanol__2-methyl-1-propanol,0.3502,25.19,0.03
1509049,je800593p,methanol,2-methyl-1-propanol,CO,CC(C)CO,methanol__2-methyl-1-propanol,0.3995,24.38,0.03
1509050,je800593p,methanol,2-methyl-1-propanol,CO,CC(C)CO,methanol__2-methyl-1-propanol,0.4502,23.68,0.03
1509051,je800593p,methanol,2-methyl-1-propanol,CO,CC(C)CO,methanol__2-methyl-1-propanol,0.4996,23.02,0.03
1509052,je800593p,methanol,2-methyl-1-propanol,CO,CC(C)CO,methanol__2-methyl-1-propanol,0.5502,22.46,0.03
1509053,je800593p,methanol,2-methyl-1-propanol,CO,CC(C)CO,methanol__2-methyl-1-propanol,0.5992,21.93,0.03
1509054,je800593p,methanol,2-methyl-1-propanol,CO,CC(C)CO,methanol__2-methyl-1-propanol,0.6501,21.47,0.03
1509055,je800593p,methanol,2-methyl-1-propanol,CO,CC(C)CO,methanol__2-methyl-1-propanol,0.6991,21.05,0.03
1509056,je800593p,methanol,2-methyl-1-propanol,CO,CC(C)CO,methanol__2-methyl-1-propanol,0.749,20.7,0.03
1509057,je800593p,methanol,2-methyl-1-propanol,CO,CC(C)CO,methanol__2-methyl-1-propanol,0.7997,20.36,0.03
1509058,je800593p,methanol,2-methyl-1-propanol,CO,CC(C)CO,methanol__2-methyl-1-propanol,0.8501,20.1,0.03
1509059,je800593p,methanol,2-methyl-1-propanol,CO,CC(C)CO,methanol__2-methyl-1-propanol,0.8998,19.85,0.03
1509060,je800593p,methanol,2-methyl-1-propanol,CO,CC(C)CO,methanol__2-methyl-1-propanol,0.95,19.67,0.03
1509061,je800593p,methanol,2-methyl-1-propanol,CO,CC(C)CO,methanol__2-methyl-1-propanol,1,19.51,0.03
1509062,je800593p,methanol,2-methyl-1-propanol,CO,CC(C)CO,methanol__2-methyl-1-propanol,0,33.6,0.03
1509063,je800593p,methanol,2-methyl-1-propanol,CO,CC(C)CO,methanol__2-methyl-1-propanol,0.0503,31.75,0.03
1509064,je800593p,methanol,2-methyl-1-propanol,CO,CC(C)CO,methanol__2-methyl-1-propanol,0.1,30.11,0.03
1509065,je800593p,methanol,2-methyl-1-propanol,CO,CC(C)CO,methanol__2-methyl-1-propanol,0.1502,28.68,0.03
1509066,je800593p,methanol,2-methyl-1-propanol,CO,CC(C)CO,methanol__2-methyl-1-propanol,0.1999,27.39,0.03
1509067,je800593p,methanol,2-methyl-1-propanol,CO,CC(C)CO,methanol__2-methyl-1-propanol,0.2499,26.29,0.03
1509068,je800593p,methanol,2-methyl-1-propanol,CO,CC(C)CO,methanol__2-methyl-1-propanol,0.2998,25.27,0.03
1509069,je800593p,methanol,2-methyl-1-propanol,CO,CC(C)CO,methanol__2-methyl-1-propanol,0.3502,24.4,0.03
1509070,je800593p,methanol,2-methyl-1-propanol,CO,CC(C)CO,methanol__2-methyl-1-propanol,0.3995,23.61,0.03
1509071,je800593p,methanol,2-methyl-1-propanol,CO,CC(C)CO,methanol__2-methyl-1-propanol,0.4502,22.92,0.03
1509072,je800593p,methanol,2-methyl-1-propanol,CO,CC(C)CO,methanol__2-methyl-1-propanol,0.4996,22.28,0.03
1509073,je800593p,methanol,2-methyl-1-propanol,CO,CC(C)CO,methanol__2-methyl-1-propanol,0.5502,21.73,0.03
1509074,je800593p,methanol,2-methyl-1-propanol,CO,CC(C)CO,methanol__2-methyl-1-propanol,0.5992,21.22,0.03
1509075,je800593p,methanol,2-methyl-1-propanol,CO,CC(C)CO,methanol__2-methyl-1-propanol,0.6501,20.77,0.03
1509076,je800593p,methanol,2-methyl-1-propanol,CO,CC(C)CO,methanol__2-methyl-1-propanol,0.6991,20.34,0.03
1509077,je800593p,methanol,2-methyl-1-propanol,CO,CC(C)CO,methanol__2-methyl-1-propanol,0.749,19.99,0.03
1509078,je800593p,methanol,2-methyl-1-propanol,CO,CC(C)CO,methanol__2-methyl-1-propanol,0.7997,19.63,0.03
1509079,je800593p,methanol,2-methyl-1-propanol,CO,CC(C)CO,methanol__2-methyl-1-propanol,0.8501,19.35,0.03
1509080,je800593p,methanol,2-methyl-1-propanol,CO,CC(C)CO,methanol__2-methyl-1-propanol,0.8998,19.08,0.03
1509081,je800593p,methanol,2-methyl-1-propanol,CO,CC(C)CO,methanol__2-methyl-1-propanol,0.95,18.89,0.03
1509082,je800593p,methanol,2-methyl-1-propanol,CO,CC(C)CO,methanol__2-methyl-1-propanol,1,18.71,0.03
1509083,je800593p,methanol,2-methyl-1-propanol,CO,CC(C)CO,methanol__2-methyl-1-propanol,0,32.6,0.03
1509084,je800593p,methanol,2-methyl-1-propanol,CO,CC(C)CO,methanol__2-methyl-1-propanol,0.0503,30.82,0.03
1509085,je800593p,methanol,2-methyl-1-propanol,CO,CC(C)CO,methanol__2-methyl-1-propanol,0.1,29.22,0.03
1509086,je800593p,methanol,2-methyl-1-propanol,CO,CC(C)CO,methanol__2-methyl-1-propanol,0.1502,27.83,0.03
1509087,je800593p,methanol,2-methyl-1-propanol,CO,CC(C)CO,methanol__2-methyl-1-propanol,0.1999,26.58,0.03
1509088,je800593p,methanol,2-methyl-1-propanol,CO,CC(C)CO,methanol__2-methyl-1-propanol,0.2499,25.5,0.03
1509089,je800593p,methanol,2-methyl-1-propanol,CO,CC(C)CO,methanol__2-methyl-1-propanol,0.2998,24.5,0.03
1509090,je800593p,methanol,2-methyl-1-propanol,CO,CC(C)CO,methanol__2-methyl-1-propanol,0.3502,23.65,0.03
1509091,je800593p,methanol,2-methyl-1-propanol,CO,CC(C)CO,methanol__2-methyl-1-propanol,0.3995,22.87,0.03
1509092,je800593p,methanol,2-methyl-1-propanol,CO,CC(C)CO,methanol__2-methyl-1-propanol,0.4502,22.2,0.03
1509093,je800593p,methanol,2-methyl-1-propanol,CO,CC(C)CO,methanol__2-methyl-1-propanol,0.4996,21.57,0.03
1509094,je800593p,methanol,2-methyl-1-propanol,CO,CC(C)CO,methanol__2-methyl-1-propanol,0.5502,21.03,0.03
1509095,je800593p,methanol,2-methyl-1-propanol,CO,CC(C)CO,methanol__2-methyl-1-propanol,0.5992,20.52,0.03
1509096,je800593p,methanol,2-methyl-1-propanol,CO,CC(C)CO,methanol__2-methyl-1-propanol,0.6501,20.07,0.03
1509097,je800593p,methanol,2-methyl-1-propanol,CO,CC(C)CO,methanol__2-methyl-1-propanol,0.6991,19.65,0.03
1509098,je800593p,methanol,2-methyl-1-propanol,CO,CC(C)CO,methanol__2-methyl-1-propanol,0.749,19.29,0.03
1509099,je800593p,methanol,2-methyl-1-propanol,CO,CC(C)CO,methanol__2-methyl-1-propanol,0.7997,18.93,0.03
1509100,je800593p,methanol,2-methyl-1-propanol,CO,CC(C)CO,methanol__2-methyl-1-propanol,0.8501,18.64,0.03
1509101,je800593p,methanol,2-methyl-1-propanol,CO,CC(C)CO,methanol__2-methyl-1-propanol,0.8998,18.36,0.03
1509102,je800593p,methanol,2-methyl-1-propanol,CO,CC(C)CO,methanol__2-methyl-1-propanol,0.95,18.15,0.03
1509103,je800593p,methanol,2-methyl-1-propanol,CO,CC(C)CO,methanol__2-methyl-1-propanol,1,17.96,0.03
1509104,je800593p,methanol,2-methyl-1-propanol,CO,CC(C)CO,methanol__2-methyl-1-propanol,0,31.65,0.03
1509105,je800593p,methanol,2-methyl-1-propanol,CO,CC(C)CO,methanol__2-methyl-1-propanol,0.0503,29.91,0.03
1509106,je800593p,methanol,2-methyl-1-propanol,CO,CC(C)CO,methanol__2-methyl-1-propanol,0.1,28.36,0.03
1509107,je800593p,methanol,2-methyl-1-propanol,CO,CC(C)CO,methanol__2-methyl-1-propanol,0.1502,27.01,0.03
1509108,je800593p,methanol,2-methyl-1-propanol,CO,CC(C)CO,methanol__2-methyl-1-propanol,0.1999,25.79,0.03
1509109,je800593p,methanol,2-methyl-1-propanol,CO,CC(C)CO,methanol__2-methyl-1-propanol,0.2499,24.73,0.03
1509110,je800593p,methanol,2-methyl-1-propanol,CO,CC(C)CO,methanol__2-methyl-1-propanol,0.2998,23.76,0.03
1509111,je800593p,methanol,2-methyl-1-propanol,CO,CC(C)CO,methanol__2-methyl-1-propanol,0.3502,22.93,0.03
1509112,je800593p,methanol,2-methyl-1-propanol,CO,CC(C)CO,methanol__2-methyl-1-propanol,0.3995,22.16,0.03
1509113,je800593p,methanol,2-methyl-1-propanol,CO,CC(C)CO,methanol__2-methyl-1-propanol,0.4502,21.5,0.03
1509114,je800593p,methanol,2-methyl-1-propanol,CO,CC(C)CO,methanol__2-methyl-1-propanol,0.4996,20.88,0.03
1509115,je800593p,methanol,2-methyl-1-propanol,CO,CC(C)CO,methanol__2-methyl-1-propanol,0.5502,20.34,0.03
1509116,je800593p,methanol,2-methyl-1-propanol,CO,CC(C)CO,methanol__2-methyl-1-propanol,0.5992,19.84,0.03
1509117,je800593p,methanol,2-methyl-1-propanol,CO,CC(C)CO,methanol__2-methyl-1-propanol,0.6501,19.4,0.03
1509118,je800593p,methanol,2-methyl-1-propanol,CO,CC(C)CO,methanol__2-methyl-1-propanol,0.6991,18.97,0.03
1509119,je800593p,methanol,2-methyl-1-propanol,CO,CC(C)CO,methanol__2-methyl-1-propanol,0.749,18.62,0.03
1509120,je800593p,methanol,2-methyl-1-propanol,CO,CC(C)CO,methanol__2-methyl-1-propanol,0.7997,18.25,0.03
1509121,je800593p,methanol,2-methyl-1-propanol,CO,CC(C)CO,methanol__2-methyl-1-propanol,0.8501,17.96,0.03
1509122,je800593p,methanol,2-methyl-1-propanol,CO,CC(C)CO,methanol__2-methyl-1-propanol,0.8998,17.67,0.03
1509123,je800593p,methanol,2-methyl-1-propanol,CO,CC(C)CO,methanol__2-methyl-1-propanol,0.95,17.45,0.03
1509124,je800593p,methanol,2-methyl-1-propanol,CO,CC(C)CO,methanol__2-methyl-1-propanol,1,17.23,0.03
1509125,je800593p,methanol,2-methyl-1-propanol,CO,CC(C)CO,methanol__2-methyl-1-propanol,0,30.72,0.03
1509126,je800593p,methanol,2-methyl-1-propanol,CO,CC(C)CO,methanol__2-methyl-1-propanol,0.0503,29.03,0.03
1509127,je800593p,methanol,2-methyl-1-propanol,CO,CC(C)CO,methanol__2-methyl-1-propanol,0.1,27.55,0.03
1509128,je800593p,methanol,2-methyl-1-propanol,CO,CC(C)CO,methanol__2-methyl-1-propanol,0.1502,26.19,0.03
1509129,je800593p,methanol,2-methyl-1-propanol,CO,CC(C)CO,methanol__2-methyl-1-propanol,0.1999,25.04,0.03
1509130,je800593p,methanol,2-methyl-1-propanol,CO,CC(C)CO,methanol__2-methyl-1-propanol,0.2499,23.97,0.03
1509131,je800593p,methanol,2-methyl-1-propanol,CO,CC(C)CO,methanol__2-methyl-1-propanol,0.2998,23.06,0.03
1509132,je800593p,methanol,2-methyl-1-propanol,CO,CC(C)CO,methanol__2-methyl-1-propanol,0.3502,22.2,0.03
1509133,je800593p,methanol,2-methyl-1-propanol,CO,CC(C)CO,methanol__2-methyl-1-propanol,0.3995,21.49,0.03
1509134,je800593p,methanol,2-methyl-1-propanol,CO,CC(C)CO,methanol__2-methyl-1-propanol,0.4502,20.8,0.03
1509135,je800593p,methanol,2-methyl-1-propanol,CO,CC(C)CO,methanol__2-methyl-1-propanol,0.4996,20.23,0.03
1509136,je800593p,methanol,2-methyl-1-propanol,CO,CC(C)CO,methanol__2-methyl-1-propanol,0.5502,19.66,0.03
1509137,je800593p,methanol,2-methyl-1-propanol,CO,CC(C)CO,methanol__2-methyl-1-propanol,0.5992,19.2,0.03
1509138,je800593p,methanol,2-methyl-1-propanol,CO,CC(C)CO,methanol__2-methyl-1-propanol,0.6501,18.73,0.03
1509139,je800593p,methanol,2-methyl-1-propanol,CO,CC(C)CO,methanol__2-methyl-1-propanol,0.6991,18.35,0.03
1509140,je800593p,methanol,2-methyl-1-propanol,CO,CC(C)CO,methanol__2-methyl-1-propanol,0.749,17.95,0.03
1509141,je800593p,methanol,2-methyl-1-propanol,CO,CC(C)CO,methanol__2-methyl-1-propanol,0.7997,17.62,0.03
1509142,je800593p,methanol,2-methyl-1-propanol,CO,CC(C)CO,methanol__2-methyl-1-propanol,0.8501,17.29,0.03
1509143,je800593p,methanol,2-methyl-1-propanol,CO,CC(C)CO,methanol__2-methyl-1-propanol,0.8998,17.02,0.03
1509144,je800593p,methanol,2-methyl-1-propanol,CO,CC(C)CO,methanol__2-methyl-1-propanol,0.95,16.75,0.03
1509145,je800593p,methanol,2-methyl-1-propanol,CO,CC(C)CO,methanol__2-methyl-1-propanol,1,16.53,0.03
1509251,je800593p,methanol,tert-butanol,CO,CC(C)(C)O,methanol__2-methyl-2-propanol,0,34.62,0.03
1509252,je800593p,methanol,tert-butanol,CO,CC(C)(C)O,methanol__2-methyl-2-propanol,0.0503,32.62,0.03
1509253,je800593p,methanol,tert-butanol,CO,CC(C)(C)O,methanol__2-methyl-2-propanol,0.0989,30.9,0.03
1509254,je800593p,methanol,tert-butanol,CO,CC(C)(C)O,methanol__2-methyl-2-propanol,0.1505,29.28,0.03
1509255,je800593p,methanol,tert-butanol,CO,CC(C)(C)O,methanol__2-methyl-2-propanol,0.201,27.86,0.03
1509256,je800593p,methanol,tert-butanol,CO,CC(C)(C)O,methanol__2-methyl-2-propanol,0.249,26.66,0.03
1509257,je800593p,methanol,tert-butanol,CO,CC(C)(C)O,methanol__2-methyl-2-propanol,0.3012,25.49,0.03
1509258,je800593p,methanol,tert-butanol,CO,CC(C)(C)O,methanol__2-methyl-2-propanol,0.3488,24.52,0.03
1509259,je800593p,methanol,tert-butanol,CO,CC(C)(C)O,methanol__2-methyl-2-propanol,0.3999,23.58,0.03
1509260,je800593p,methanol,tert-butanol,CO,CC(C)(C)O,methanol__2-methyl-2-propanol,0.4505,22.73,0.03
1509261,je800593p,methanol,tert-butanol,CO,CC(C)(C)O,methanol__2-methyl-2-propanol,0.4998,21.96,0.03
1509262,je800593p,methanol,tert-butanol,CO,CC(C)(C)O,methanol__2-methyl-2-propanol,0.5503,21.21,0.03
1509263,je800593p,methanol,tert-butanol,CO,CC(C)(C)O,methanol__2-methyl-2-propanol,0.5977,20.55,0.03
1509264,je800593p,methanol,tert-butanol,CO,CC(C)(C)O,methanol__2-methyl-2-propanol,0.6478,19.86,0.03
1509265,je800593p,methanol,tert-butanol,CO,CC(C)(C)O,methanol__2-methyl-2-propanol,0.7014,19.14,0.03
1509266,je800593p,methanol,tert-butanol,CO,CC(C)(C)O,methanol__2-methyl-2-propanol,0.7508,18.47,0.03
1509267,je800593p,methanol,tert-butanol,CO,CC(C)(C)O,methanol__2-methyl-2-propanol,0.798,17.82,0.03
1509268,je800593p,methanol,tert-butanol,CO,CC(C)(C)O,methanol__2-methyl-2-propanol,0.8487,17.1,0.03
1509269,je800593p,methanol,tert-butanol,CO,CC(C)(C)O,methanol__2-methyl-2-propanol,0.9011,16.32,0.03
1509270,je800593p,methanol,tert-butanol,CO,CC(C)(C)O,methanol__2-methyl-2-propanol,0,33.6,0.03
1509271,je800593p,methanol,tert-butanol,CO,CC(C)(C)O,methanol__2-methyl-2-propanol,0.0503,31.63,0.03
1509272,je800593p,methanol,tert-butanol,CO,CC(C)(C)O,methanol__2-methyl-2-propanol,0.0989,29.94,0.03
1509273,je800593p,methanol,tert-butanol,CO,CC(C)(C)O,methanol__2-methyl-2-propanol,0.1505,28.34,0.03
1509274,je800593p,methanol,tert-butanol,CO,CC(C)(C)O,methanol__2-methyl-2-propanol,0.201,26.95,0.03
1509275,je800593p,methanol,tert-butanol,CO,CC(C)(C)O,methanol__2-methyl-2-propanol,0.249,25.76,0.03
1509276,je800593p,methanol,tert-butanol,CO,CC(C)(C)O,methanol__2-methyl-2-propanol,0.3012,24.6,0.03
1509277,je800593p,methanol,tert-butanol,CO,CC(C)(C)O,methanol__2-methyl-2-propanol,0.3488,23.65,0.03
1509278,je800593p,methanol,tert-butanol,CO,CC(C)(C)O,methanol__2-methyl-2-propanol,0.3999,22.72,0.03
1509279,je800593p,methanol,tert-butanol,CO,CC(C)(C)O,methanol__2-methyl-2-propanol,0.4505,21.87,0.03
1509280,je800593p,methanol,tert-butanol,CO,CC(C)(C)O,methanol__2-methyl-2-propanol,0.4998,21.1,0.03
1509281,je800593p,methanol,tert-butanol,CO,CC(C)(C)O,methanol__2-methyl-2-propanol,0.5503,20.36,0.03
1509282,je800593p,methanol,tert-butanol,CO,CC(C)(C)O,methanol__2-methyl-2-propanol,0.5977,19.68,0.03
1509283,je800593p,methanol,tert-butanol,CO,CC(C)(C)O,methanol__2-methyl-2-propanol,0.6478,18.98,0.03
1509284,je800593p,methanol,tert-butanol,CO,CC(C)(C)O,methanol__2-methyl-2-propanol,0.7014,18.23,0.03
1509285,je800593p,methanol,tert-butanol,CO,CC(C)(C)O,methanol__2-methyl-2-propanol,0.7508,17.54,0.03
1509286,je800593p,methanol,tert-butanol,CO,CC(C)(C)O,methanol__2-methyl-2-propanol,0.798,16.85,0.03
1509287,je800593p,methanol,tert-butanol,CO,CC(C)(C)O,methanol__2-methyl-2-propanol,0.8487,16.09,0.03
1509288,je800593p,methanol,tert-butanol,CO,CC(C)(C)O,methanol__2-methyl-2-propanol,0.9011,15.25,0.03
1509289,je800593p,methanol,tert-butanol,CO,CC(C)(C)O,methanol__2-methyl-2-propanol,0,32.6,0.03
1509290,je800593p,methanol,tert-butanol,CO,CC(C)(C)O,methanol__2-methyl-2-propanol,0.0503,30.68,0.03
1509291,je800593p,methanol,tert-butanol,CO,CC(C)(C)O,methanol__2-methyl-2-propanol,0.0989,29.01,0.03
1509292,je800593p,methanol,tert-butanol,CO,CC(C)(C)O,methanol__2-methyl-2-propanol,0.1505,27.45,0.03
1509293,je800593p,methanol,tert-butanol,CO,CC(C)(C)O,methanol__2-methyl-2-propanol,0.201,26.06,0.03
1509294,je800593p,methanol,tert-butanol,CO,CC(C)(C)O,methanol__2-methyl-2-propanol,0.249,24.91,0.03
1509295,je800593p,methanol,tert-butanol,CO,CC(C)(C)O,methanol__2-methyl-2-propanol,0.3012,23.76,0.03
1509296,je800593p,methanol,tert-butanol,CO,CC(C)(C)O,methanol__2-methyl-2-propanol,0.3488,22.84,0.03
1509297,je800593p,methanol,tert-butanol,CO,CC(C)(C)O,methanol__2-methyl-2-propanol,0.3999,21.9,0.03
1509298,je800593p,methanol,tert-butanol,CO,CC(C)(C)O,methanol__2-methyl-2-propanol,0.4505,21.09,0.03
1509299,je800593p,methanol,tert-butanol,CO,CC(C)(C)O,methanol__2-methyl-2-propanol,0.4998,20.3,0.03
1509300,je800593p,methanol,tert-butanol,CO,CC(C)(C)O,methanol__2-methyl-2-propanol,0.5503,19.57,0.03
1509301,je800593p,methanol,tert-butanol,CO,CC(C)(C)O,methanol__2-methyl-2-propanol,0.5977,18.88,0.03
1509302,je800593p,methanol,tert-butanol,CO,CC(C)(C)O,methanol__2-methyl-2-propanol,0.6478,18.19,0.03
1509303,je800593p,methanol,tert-butanol,CO,CC(C)(C)O,methanol__2-methyl-2-propanol,0.7014,17.4,0.03
1509304,je800593p,methanol,tert-butanol,CO,CC(C)(C)O,methanol__2-methyl-2-propanol,0.7508,16.7,0.03
1509305,je800593p,methanol,tert-butanol,CO,CC(C)(C)O,methanol__2-methyl-2-propanol,0.798,15.98,0.03
1509306,je800593p,methanol,tert-butanol,CO,CC(C)(C)O,methanol__2-methyl-2-propanol,0.8487,15.19,0.03
1509307,je800593p,methanol,tert-butanol,CO,CC(C)(C)O,methanol__2-methyl-2-propanol,0.9011,14.29,0.03
1509308,je800593p,methanol,tert-butanol,CO,CC(C)(C)O,methanol__2-methyl-2-propanol,0,31.65,0.03
1509309,je800593p,methanol,tert-butanol,CO,CC(C)(C)O,methanol__2-methyl-2-propanol,0.0503,29.75,0.03
1509310,je800593p,methanol,tert-butanol,CO,CC(C)(C)O,methanol__2-methyl-2-propanol,0.0989,28.1,0.03
1509311,je800593p,methanol,tert-butanol,CO,CC(C)(C)O,methanol__2-methyl-2-propanol,0.1505,26.56,0.03
1509312,je800593p,methanol,tert-butanol,CO,CC(C)(C)O,methanol__2-methyl-2-propanol,0.201,25.21,0.03
1509313,je800593p,methanol,tert-butanol,CO,CC(C)(C)O,methanol__2-methyl-2-propanol,0.249,24.06,0.03
1509314,je800593p,methanol,tert-butanol,CO,CC(C)(C)O,methanol__2-methyl-2-propanol,0.3012,22.93,0.03
1509315,je800593p,methanol,tert-butanol,CO,CC(C)(C)O,methanol__2-methyl-2-propanol,0.3488,22,0.03
1509316,je800593p,methanol,tert-butanol,CO,CC(C)(C)O,methanol__2-methyl-2-propanol,0.3999,21.09,0.03
1509317,je800593p,methanol,tert-butanol,CO,CC(C)(C)O,methanol__2-methyl-2-propanol,0.4505,20.26,0.03
1509318,je800593p,methanol,tert-butanol,CO,CC(C)(C)O,methanol__2-methyl-2-propanol,0.4998,19.49,0.03
1509319,je800593p,methanol,tert-butanol,CO,CC(C)(C)O,methanol__2-methyl-2-propanol,0.5503,18.74,0.03
1509320,je800593p,methanol,tert-butanol,CO,CC(C)(C)O,methanol__2-methyl-2-propanol,0.5977,18.05,0.03
1509321,je800593p,methanol,tert-butanol,CO,CC(C)(C)O,methanol__2-methyl-2-propanol,0.6478,17.33,0.03
1509322,je800593p,methanol,tert-butanol,CO,CC(C)(C)O,methanol__2-methyl-2-propanol,0.7014,16.55,0.03
1509323,je800593p,methanol,tert-butanol,CO,CC(C)(C)O,methanol__2-methyl-2-propanol,0.7508,15.81,0.03
1509324,je800593p,methanol,tert-butanol,CO,CC(C)(C)O,methanol__2-methyl-2-propanol,0.798,15.07,0.03
1509325,je800593p,methanol,tert-butanol,CO,CC(C)(C)O,methanol__2-methyl-2-propanol,0.8487,14.23,0.03
1509326,je800593p,methanol,tert-butanol,CO,CC(C)(C)O,methanol__2-methyl-2-propanol,0.9011,13.31,0.03
1509327,je800593p,methanol,tert-butanol,CO,CC(C)(C)O,methanol__2-methyl-2-propanol,0,30.72,0.03
1509328,je800593p,methanol,tert-butanol,CO,CC(C)(C)O,methanol__2-methyl-2-propanol,0.0503,28.85,0.03
1509329,je800593p,methanol,tert-butanol,CO,CC(C)(C)O,methanol__2-methyl-2-propanol,0.0989,27.23,0.03
1509330,je800593p,methanol,tert-butanol,CO,CC(C)(C)O,methanol__2-methyl-2-propanol,0.1505,25.7,0.03
1509331,je800593p,methanol,tert-butanol,CO,CC(C)(C)O,methanol__2-methyl-2-propanol,0.201,24.38,0.03
1509332,je800593p,methanol,tert-butanol,CO,CC(C)(C)O,methanol__2-methyl-2-propanol,0.249,23.25,0.03
1509333,je800593p,methanol,tert-butanol,CO,CC(C)(C)O,methanol__2-methyl-2-propanol,0.3012,22.14,0.03
1509334,je800593p,methanol,tert-butanol,CO,CC(C)(C)O,methanol__2-methyl-2-propanol,0.3488,21.22,0.03
1509335,je800593p,methanol,tert-butanol,CO,CC(C)(C)O,methanol__2-methyl-2-propanol,0.3999,20.32,0.03
1509336,je800593p,methanol,tert-butanol,CO,CC(C)(C)O,methanol__2-methyl-2-propanol,0.4505,19.49,0.03
1509337,je800593p,methanol,tert-butanol,CO,CC(C)(C)O,methanol__2-methyl-2-propanol,0.4998,18.73,0.03
1509338,je800593p,methanol,tert-butanol,CO,CC(C)(C)O,methanol__2-methyl-2-propanol,0.5503,17.98,0.03
1509339,je800593p,methanol,tert-butanol,CO,CC(C)(C)O,methanol__2-methyl-2-propanol,0.5977,17.29,0.03
1509340,je800593p,methanol,tert-butanol,CO,CC(C)(C)O,methanol__2-methyl-2-propanol,0.6478,16.56,0.03
1509341,je800593p,methanol,tert-butanol,CO,CC(C)(C)O,methanol__2-methyl-2-propanol,0.7014,15.77,0.03
1509342,je800593p,methanol,tert-butanol,CO,CC(C)(C)O,methanol__2-methyl-2-propanol,0.7508,15.01,0.03
1509343,je800593p,methanol,tert-butanol,CO,CC(C)(C)O,methanol__2-methyl-2-propanol,0.798,14.25,0.03
1509344,je800593p,methanol,tert-butanol,CO,CC(C)(C)O,methanol__2-methyl-2-propanol,0.8487,13.39,0.03
1509345,je800593p,methanol,tert-butanol,CO,CC(C)(C)O,methanol__2-methyl-2-propanol,0.9011,12.44,0.03
1713296,j.tca.2012.05.036,1-pentanol,octane,CCCCCO,CCCCCCCC,pentan-1-ol__n-octane,0.1008,2.104,0.06312
1713297,j.tca.2012.05.036,1-pentanol,octane,CCCCCO,CCCCCCCC,pentan-1-ol__n-octane,0.2034,2.331,0.06993
1713298,j.tca.2012.05.036,1-pentanol,octane,CCCCCO,CCCCCCCC,pentan-1-ol__n-octane,0.3004,2.766,0.08298
1713299,j.tca.2012.05.036,1-pentanol,octane,CCCCCO,CCCCCCCC,pentan-1-ol__n-octane,0.3808,3.405,0.10215
1713300,j.tca.2012.05.036,1-pentanol,octane,CCCCCO,CCCCCCCC,pentan-1-ol__n-octane,0.4885,4.798,0.14394
1713301,j.tca.2012.05.036,1-pentanol,octane,CCCCCO,CCCCCCCC,pentan-1-ol__n-octane,0.593,6.675,0.20025
1713302,j.tca.2012.05.036,1-pentanol,octane,CCCCCO,CCCCCCCC,pentan-1-ol__n-octane,0.6992,8.743,0.26229
1713303,j.tca.2012.05.036,1-pentanol,octane,CCCCCO,CCCCCCCC,pentan-1-ol__n-octane,0.7922,11.143,0.33429
1713304,j.tca.2012.05.036,1-pentanol,octane,CCCCCO,CCCCCCCC,pentan-1-ol__n-octane,0.8967,13.734,0.41202
1713305,j.tca.2012.05.036,1-pentanol,octane,CCCCCO,CCCCCCCC,pentan-1-ol__n-octane,0.1008,2.1,0.063
1713306,j.tca.2012.05.036,1-pentanol,octane,CCCCCO,CCCCCCCC,pentan-1-ol__n-octane,0.2034,2.321,0.06963
1713307,j.tca.2012.05.036,1-pentanol,octane,CCCCCO,CCCCCCCC,pentan-1-ol__n-octane,0.3004,2.731,0.08193
1713308,j.tca.2012.05.036,1-pentanol,octane,CCCCCO,CCCCCCCC,pentan-1-ol__n-octane,0.3808,3.32,0.0996
1713309,j.tca.2012.05.036,1-pentanol,octane,CCCCCO,CCCCCCCC,pentan-1-ol__n-octane,0.4885,4.601,0.13803
1713310,j.tca.2012.05.036,1-pentanol,octane,CCCCCO,CCCCCCCC,pentan-1-ol__n-octane,0.593,6.358,0.19074
1713311,j.tca.2012.05.036,1-pentanol,octane,CCCCCO,CCCCCCCC,pentan-1-ol__n-octane,0.6992,8.332,0.24996
1713312,j.tca.2012.05.036,1-pentanol,octane,CCCCCO,CCCCCCCC,pentan-1-ol__n-octane,0.7922,10.654,0.31962
1713313,j.tca.2012.05.036,1-pentanol,octane,CCCCCO,CCCCCCCC,pentan-1-ol__n-octane,0.8967,13.179,0.39537
1713314,j.tca.2012.05.036,1-pentanol,octane,CCCCCO,CCCCCCCC,pentan-1-ol__n-octane,0.1008,2.096,0.06288
1713315,j.tca.2012.05.036,1-pentanol,octane,CCCCCO,CCCCCCCC,pentan-1-ol__n-octane,0.2034,2.312,0.06936
1713316,j.tca.2012.05.036,1-pentanol,octane,CCCCCO,CCCCCCCC,pentan-1-ol__n-octane,0.3004,2.699,0.08097
1713317,j.tca.2012.05.036,1-pentanol,octane,CCCCCO,CCCCCCCC,pentan-1-ol__n-octane,0.3808,3.243,0.09729
1713318,j.tca.2012.05.036,1-pentanol,octane,CCCCCO,CCCCCCCC,pentan-1-ol__n-octane,0.4885,4.421,0.13263
1713319,j.tca.2012.05.036,1-pentanol,octane,CCCCCO,CCCCCCCC,pentan-1-ol__n-octane,0.593,6.053,0.18159
1713320,j.tca.2012.05.036,1-pentanol,octane,CCCCCO,CCCCCCCC,pentan-1-ol__n-octane,0.6992,7.936,0.23808
1713321,j.tca.2012.05.036,1-pentanol,octane,CCCCCO,CCCCCCCC,pentan-1-ol__n-octane,0.7922,10.175,0.30525
1713322,j.tca.2012.05.036,1-pentanol,octane,CCCCCO,CCCCCCCC,pentan-1-ol__n-octane,0.8967,12.634,0.37902
1713323,j.tca.2012.05.036,1-pentanol,octane,CCCCCO,CCCCCCCC,pentan-1-ol__n-octane,0.1008,2.092,0.06276
1713324,j.tca.2012.05.036,1-pentanol,octane,CCCCCO,CCCCCCCC,pentan-1-ol__n-octane,0.2034,2.304,0.06912
1713325,j.tca.2012.05.036,1-pentanol,octane,CCCCCO,CCCCCCCC,pentan-1-ol__n-octane,0.3004,2.669,0.08007
1713326,j.tca.2012.05.036,1-pentanol,octane,CCCCCO,CCCCCCCC,pentan-1-ol__n-octane,0.3808,3.173,0.09519
1713327,j.tca.2012.05.036,1-pentanol,octane,CCCCCO,CCCCCCCC,pentan-1-ol__n-octane,0.4885,4.257,0.12771
1713328,j.tca.2012.05.036,1-pentanol,octane,CCCCCO,CCCCCCCC,pentan-1-ol__n-octane,0.593,5.774,0.17322
1713329,j.tca.2012.05.036,1-pentanol,octane,CCCCCO,CCCCCCCC,pentan-1-ol__n-octane,0.6992,7.559,0.22677
1713330,j.tca.2012.05.036,1-pentanol,octane,CCCCCO,CCCCCCCC,pentan-1-ol__n-octane,0.7922,9.712,0.29136
1713331,j.tca.2012.05.036,1-pentanol,octane,CCCCCO,CCCCCCCC,pentan-1-ol__n-octane,0.8967,12.103,0.36309
1713332,j.tca.2012.05.036,1-pentanol,octane,CCCCCO,CCCCCCCC,pentan-1-ol__n-octane,0.1008,2.088,0.06264
1713333,j.tca.2012.05.036,1-pentanol,octane,CCCCCO,CCCCCCCC,pentan-1-ol__n-octane,0.2034,2.297,0.06891
1713334,j.tca.2012.05.036,1-pentanol,octane,CCCCCO,CCCCCCCC,pentan-1-ol__n-octane,0.3004,2.643,0.07929
1713335,j.tca.2012.05.036,1-pentanol,octane,CCCCCO,CCCCCCCC,pentan-1-ol__n-octane,0.3808,3.111,0.09333
1713336,j.tca.2012.05.036,1-pentanol,octane,CCCCCO,CCCCCCCC,pentan-1-ol__n-octane,0.4885,4.109,0.12327
1713337,j.tca.2012.05.036,1-pentanol,octane,CCCCCO,CCCCCCCC,pentan-1-ol__n-octane,0.593,5.516,0.16548
1713338,j.tca.2012.05.036,1-pentanol,octane,CCCCCO,CCCCCCCC,pentan-1-ol__n-octane,0.6992,7.204,0.21612
1713339,j.tca.2012.05.036,1-pentanol,octane,CCCCCO,CCCCCCCC,pentan-1-ol__n-octane,0.7922,9.267,0.27801
1713340,j.tca.2012.05.036,1-pentanol,octane,CCCCCO,CCCCCCCC,pentan-1-ol__n-octane,0.8967,11.585,0.34755
1713368,j.tca.2012.05.036,1-pentanol,dibutyl ether,CCCCCO,CCCCOCCCC,pentan-1-ol__butyl oxide,0.1104,3.61,0.1083
1713369,j.tca.2012.05.036,1-pentanol,dibutyl ether,CCCCCO,CCCCOCCCC,pentan-1-ol__butyl oxide,0.1877,4.008,0.12024
1713370,j.tca.2012.05.036,1-pentanol,dibutyl ether,CCCCCO,CCCCOCCCC,pentan-1-ol__butyl oxide,0.3047,4.628,0.13884
1713371,j.tca.2012.05.036,1-pentanol,dibutyl ether,CCCCCO,CCCCOCCCC,pentan-1-ol__butyl oxide,0.4064,5.426,0.16278
1713372,j.tca.2012.05.036,1-pentanol,dibutyl ether,CCCCCO,CCCCOCCCC,pentan-1-ol__butyl oxide,0.5075,6.482,0.19446
1713373,j.tca.2012.05.036,1-pentanol,dibutyl ether,CCCCCO,CCCCOCCCC,pentan-1-ol__butyl oxide,0.6034,7.776,0.23328
1713374,j.tca.2012.05.036,1-pentanol,dibutyl ether,CCCCCO,CCCCOCCCC,pentan-1-ol__butyl oxide,0.7038,9.464,0.28392
1713375,j.tca.2012.05.036,1-pentanol,dibutyl ether,CCCCCO,CCCCOCCCC,pentan-1-ol__butyl oxide,0.8018,11.446,0.34338
1713376,j.tca.2012.05.036,1-pentanol,dibutyl ether,CCCCCO,CCCCOCCCC,pentan-1-ol__butyl oxide,0.9048,13.846,0.41538
1713377,j.tca.2012.05.036,1-pentanol,dibutyl ether,CCCCCO,CCCCOCCCC,pentan-1-ol__butyl oxide,0.1104,3.556,0.10668
1713378,j.tca.2012.05.036,1-pentanol,dibutyl ether,CCCCCO,CCCCOCCCC,pentan-1-ol__butyl oxide,0.1877,3.939,0.11817
1713379,j.tca.2012.05.036,1-pentanol,dibutyl ether,CCCCCO,CCCCOCCCC,pentan-1-ol__butyl oxide,0.3047,4.528,0.13584
1713380,j.tca.2012.05.036,1-pentanol,dibutyl ether,CCCCCO,CCCCOCCCC,pentan-1-ol__butyl oxide,0.4064,5.285,0.15855
1713381,j.tca.2012.05.036,1-pentanol,dibutyl ether,CCCCCO,CCCCOCCCC,pentan-1-ol__butyl oxide,0.5075,6.281,0.18843
1713382,j.tca.2012.05.036,1-pentanol,dibutyl ether,CCCCCO,CCCCOCCCC,pentan-1-ol__butyl oxide,0.6034,7.505,0.22515
1713383,j.tca.2012.05.036,1-pentanol,dibutyl ether,CCCCCO,CCCCOCCCC,pentan-1-ol__butyl oxide,0.7038,9.112,0.27336
1713384,j.tca.2012.05.036,1-pentanol,dibutyl ether,CCCCCO,CCCCOCCCC,pentan-1-ol__butyl oxide,0.8018,11.011,0.33033
1713385,j.tca.2012.05.036,1-pentanol,dibutyl ether,CCCCCO,CCCCOCCCC,pentan-1-ol__butyl oxide,0.9048,13.328,0.39984
1713386,j.tca.2012.05.036,1-pentanol,dibutyl ether,CCCCCO,CCCCOCCCC,pentan-1-ol__butyl oxide,0.1104,3.502,0.10506
1713387,j.tca.2012.05.036,1-pentanol,dibutyl ether,CCCCCO,CCCCOCCCC,pentan-1-ol__butyl oxide,0.1877,3.871,0.11613
1713388,j.tca.2012.05.036,1-pentanol,dibutyl ether,CCCCCO,CCCCOCCCC,pentan-1-ol__butyl oxide,0.3047,4.431,0.13293
1713389,j.tca.2012.05.036,1-pentanol,dibutyl ether,CCCCCO,CCCCOCCCC,pentan-1-ol__butyl oxide,0.4064,5.147,0.15441
1713390,j.tca.2012.05.036,1-pentanol,dibutyl ether,CCCCCO,CCCCOCCCC,pentan-1-ol__butyl oxide,0.5075,6.087,0.18261
1713391,j.tca.2012.05.036,1-pentanol,dibutyl ether,CCCCCO,CCCCOCCCC,pentan-1-ol__butyl oxide,0.6034,7.242,0.21726
1713392,j.tca.2012.05.036,1-pentanol,dibutyl ether,CCCCCO,CCCCOCCCC,pentan-1-ol__butyl oxide,0.7038,8.768,0.26304
1713393,j.tca.2012.05.036,1-pentanol,dibutyl ether,CCCCCO,CCCCOCCCC,pentan-1-ol__butyl oxide,0.8018,10.583,0.31749
1713394,j.tca.2012.05.036,1-pentanol,dibutyl ether,CCCCCO,CCCCOCCCC,pentan-1-ol__butyl oxide,0.9048,12.812,0.38436
1713395,j.tca.2012.05.036,1-pentanol,dibutyl ether,CCCCCO,CCCCOCCCC,pentan-1-ol__butyl oxide,0.1104,3.449,0.10347
1713396,j.tca.2012.05.036,1-pentanol,dibutyl ether,CCCCCO,CCCCOCCCC,pentan-1-ol__butyl oxide,0.1877,3.805,0.11415
1713397,j.tca.2012.05.036,1-pentanol,dibutyl ether,CCCCCO,CCCCOCCCC,pentan-1-ol__butyl oxide,0.3047,4.338,0.13014
1713398,j.tca.2012.05.036,1-pentanol,dibutyl ether,CCCCCO,CCCCOCCCC,pentan-1-ol__butyl oxide,0.4064,5.015,0.15045
1713399,j.tca.2012.05.036,1-pentanol,dibutyl ether,CCCCCO,CCCCOCCCC,pentan-1-ol__butyl oxide,0.5075,5.901,0.17703
1713400,j.tca.2012.05.036,1-pentanol,dibutyl ether,CCCCCO,CCCCOCCCC,pentan-1-ol__butyl oxide,0.6034,6.992,0.20976
1713401,j.tca.2012.05.036,1-pentanol,dibutyl ether,CCCCCO,CCCCOCCCC,pentan-1-ol__butyl oxide,0.7038,8.437,0.25311
1713402,j.tca.2012.05.036,1-pentanol,dibutyl ether,CCCCCO,CCCCOCCCC,pentan-1-ol__butyl oxide,0.8018,10.169,0.30507
1713403,j.tca.2012.05.036,1-pentanol,dibutyl ether,CCCCCO,CCCCOCCCC,pentan-1-ol__butyl oxide,0.9048,12.313,0.36939
1713404,j.tca.2012.05.036,1-pentanol,dibutyl ether,CCCCCO,CCCCOCCCC,pentan-1-ol__butyl oxide,0.1104,3.399,0.10197
1713405,j.tca.2012.05.036,1-pentanol,dibutyl ether,CCCCCO,CCCCOCCCC,pentan-1-ol__butyl oxide,0.1877,3.741,0.11223
1713406,j.tca.2012.05.036,1-pentanol,dibutyl ether,CCCCCO,CCCCOCCCC,pentan-1-ol__butyl oxide,0.3047,4.249,0.12747
1713407,j.tca.2012.05.036,1-pentanol,dibutyl ether,CCCCCO,CCCCOCCCC,pentan-1-ol__butyl oxide,0.4064,5.018,0.15054
1713408,j.tca.2012.05.036,1-pentanol,dibutyl ether,CCCCCO,CCCCOCCCC,pentan-1-ol__butyl oxide,0.5075,5.725,0.17175
1713409,j.tca.2012.05.036,1-pentanol,dibutyl ether,CCCCCO,CCCCOCCCC,pentan-1-ol__butyl oxide,0.6034,6.752,0.20256
1713410,j.tca.2012.05.036,1-pentanol,dibutyl ether,CCCCCO,CCCCOCCCC,pentan-1-ol__butyl oxide,0.7038,8.123,0.24369
1713411,j.tca.2012.05.036,1-pentanol,dibutyl ether,CCCCCO,CCCCOCCCC,pentan-1-ol__butyl oxide,0.8018,9.771,0.29313
1713412,j.tca.2012.05.036,1-pentanol,dibutyl ether,CCCCCO,CCCCOCCCC,pentan-1-ol__butyl oxide,0.9048,11.828,0.35484
1713440,j.tca.2012.05.036,octane,dibutyl ether,CCCCCCCC,CCCCOCCCC,n-octane__butyl oxide,0.1014,2.074,0.06222
1713441,j.tca.2012.05.036,octane,dibutyl ether,CCCCCCCC,CCCCOCCCC,n-octane__butyl oxide,0.2033,2.18,0.0654
1713442,j.tca.2012.05.036,octane,dibutyl ether,CCCCCCCC,CCCCOCCCC,n-octane__butyl oxide,0.306,2.292,0.06876
1713443,j.tca.2012.05.036,octane,dibutyl ether,CCCCCCCC,CCCCOCCCC,n-octane__butyl oxide,0.406,2.405,0.07215
1713444,j.tca.2012.05.036,octane,dibutyl ether,CCCCCCCC,CCCCOCCCC,n-octane__butyl oxide,0.5063,2.524,0.07572
1713445,j.tca.2012.05.036,octane,dibutyl ether,CCCCCCCC,CCCCOCCCC,n-octane__butyl oxide,0.6002,2.621,0.07863
1713446,j.tca.2012.05.036,octane,dibutyl ether,CCCCCCCC,CCCCOCCCC,n-octane__butyl oxide,0.7036,2.775,0.08325
1713447,j.tca.2012.05.036,octane,dibutyl ether,CCCCCCCC,CCCCOCCCC,n-octane__butyl oxide,0.8029,2.908,0.08724
1713448,j.tca.2012.05.036,octane,dibutyl ether,CCCCCCCC,CCCCOCCCC,n-octane__butyl oxide,0.9003,3.043,0.09129
1713449,j.tca.2012.05.036,octane,dibutyl ether,CCCCCCCC,CCCCOCCCC,n-octane__butyl oxide,0.1014,2.065,0.06195
1713450,j.tca.2012.05.036,octane,dibutyl ether,CCCCCCCC,CCCCOCCCC,n-octane__butyl oxide,0.2033,2.168,0.06504
1713451,j.tca.2012.05.036,octane,dibutyl ether,CCCCCCCC,CCCCOCCCC,n-octane__butyl oxide,0.306,2.278,0.06834
1713452,j.tca.2012.05.036,octane,dibutyl ether,CCCCCCCC,CCCCOCCCC,n-octane__butyl oxide,0.406,2.388,0.07164
1713453,j.tca.2012.05.036,octane,dibutyl ether,CCCCCCCC,CCCCOCCCC,n-octane__butyl oxide,0.5063,2.504,0.07512
1713454,j.tca.2012.05.036,octane,dibutyl ether,CCCCCCCC,CCCCOCCCC,n-octane__butyl oxide,0.6002,2.617,0.07851
1713455,j.tca.2012.05.036,octane,dibutyl ether,CCCCCCCC,CCCCOCCCC,n-octane__butyl oxide,0.7036,2.747,0.08241
1713456,j.tca.2012.05.036,octane,dibutyl ether,CCCCCCCC,CCCCOCCCC,n-octane__butyl oxide,0.8029,2.876,0.08628
1713457,j.tca.2012.05.036,octane,dibutyl ether,CCCCCCCC,CCCCOCCCC,n-octane__butyl oxide,0.9003,3.007,0.09021
1713458,j.tca.2012.05.036,octane,dibutyl ether,CCCCCCCC,CCCCOCCCC,n-octane__butyl oxide,0.1014,2.056,0.06168
1713459,j.tca.2012.05.036,octane,dibutyl ether,CCCCCCCC,CCCCOCCCC,n-octane__butyl oxide,0.2033,2.155,0.06465
1713460,j.tca.2012.05.036,octane,dibutyl ether,CCCCCCCC,CCCCOCCCC,n-octane__butyl oxide,0.306,2.263,0.06789
1713461,j.tca.2012.05.036,octane,dibutyl ether,CCCCCCCC,CCCCOCCCC,n-octane__butyl oxide,0.406,2.371,0.07113
1713462,j.tca.2012.05.036,octane,dibutyl ether,CCCCCCCC,CCCCOCCCC,n-octane__butyl oxide,0.5063,2.484,0.07452
1713463,j.tca.2012.05.036,octane,dibutyl ether,CCCCCCCC,CCCCOCCCC,n-octane__butyl oxide,0.6002,2.594,0.07782
1713464,j.tca.2012.05.036,octane,dibutyl ether,CCCCCCCC,CCCCOCCCC,n-octane__butyl oxide,0.7036,2.719,0.08157
1713465,j.tca.2012.05.036,octane,dibutyl ether,CCCCCCCC,CCCCOCCCC,n-octane__butyl oxide,0.8029,2.844,0.08532
1713466,j.tca.2012.05.036,octane,dibutyl ether,CCCCCCCC,CCCCOCCCC,n-octane__butyl oxide,0.9003,2.972,0.08916
1713467,j.tca.2012.05.036,octane,dibutyl ether,CCCCCCCC,CCCCOCCCC,n-octane__butyl oxide,0.1014,2.047,0.06141
1713468,j.tca.2012.05.036,octane,dibutyl ether,CCCCCCCC,CCCCOCCCC,n-octane__butyl oxide,0.2033,2.144,0.06432
1713469,j.tca.2012.05.036,octane,dibutyl ether,CCCCCCCC,CCCCOCCCC,n-octane__butyl oxide,0.306,2.249,0.06747
1713470,j.tca.2012.05.036,octane,dibutyl ether,CCCCCCCC,CCCCOCCCC,n-octane__butyl oxide,0.406,2.353,0.07059
1713471,j.tca.2012.05.036,octane,dibutyl ether,CCCCCCCC,CCCCOCCCC,n-octane__butyl oxide,0.5063,2.464,0.07392
1713472,j.tca.2012.05.036,octane,dibutyl ether,CCCCCCCC,CCCCOCCCC,n-octane__butyl oxide,0.6002,2.57,0.0771
1713473,j.tca.2012.05.036,octane,dibutyl ether,CCCCCCCC,CCCCOCCCC,n-octane__butyl oxide,0.7036,2.692,0.08076
1713474,j.tca.2012.05.036,octane,dibutyl ether,CCCCCCCC,CCCCOCCCC,n-octane__butyl oxide,0.8029,2.814,0.08442
1713475,j.tca.2012.05.036,octane,dibutyl ether,CCCCCCCC,CCCCOCCCC,n-octane__butyl oxide,0.9003,2.938,0.08814
1713476,j.tca.2012.05.036,octane,dibutyl ether,CCCCCCCC,CCCCOCCCC,n-octane__butyl oxide,0.1014,2.038,0.06114
1713477,j.tca.2012.05.036,octane,dibutyl ether,CCCCCCCC,CCCCOCCCC,n-octane__butyl oxide,0.2033,2.133,0.06399
1713478,j.tca.2012.05.036,octane,dibutyl ether,CCCCCCCC,CCCCOCCCC,n-octane__butyl oxide,0.306,2.235,0.06705
1713479,j.tca.2012.05.036,octane,dibutyl ether,CCCCCCCC,CCCCOCCCC,n-octane__butyl oxide,0.406,2.337,0.07011
1713480,j.tca.2012.05.036,octane,dibutyl ether,CCCCCCCC,CCCCOCCCC,n-octane__butyl oxide,0.5063,2.444,0.07332
1713481,j.tca.2012.05.036,octane,dibutyl ether,CCCCCCCC,CCCCOCCCC,n-octane__butyl oxide,0.6002,2.548,0.07644
1713482,j.tca.2012.05.036,octane,dibutyl ether,CCCCCCCC,CCCCOCCCC,n-octane__butyl oxide,0.7036,2.667,0.08001
1713483,j.tca.2012.05.036,octane,dibutyl ether,CCCCCCCC,CCCCOCCCC,n-octane__butyl oxide,0.8029,2.785,0.08355
1713484,j.tca.2012.05.036,octane,dibutyl ether,CCCCCCCC,CCCCOCCCC,n-octane__butyl oxide,0.9003,2.905,0.08715
