;filename;x1;x2;SMILES1;SMILES2;cas1;cas2;InChI1;InChI2;components;Mole fraction;Temperature, K;Pressure, kPa;Excess molar enthalpy (molar enthalpy of mixing), kJ/mol;Excess molar enthalpy (molar enthalpy of mixing), kJ/mol_std
43421;j.jct.2005.06.018;ethanol;water;CCO;O;121182-78-3;14314-42-2;InChIKey=LFQSCWFLJHTTHZ-UHFFFAOYSA-N;InChIKey=XLYOFNOQVPJJNP-UHFFFAOYSA-N;ethanol__water;0.0582;298.15;101.0;-0.492;-0.00492
43422;j.jct.2005.06.018;ethanol;water;CCO;O;121182-78-3;14314-42-2;InChIKey=LFQSCWFLJHTTHZ-UHFFFAOYSA-N;InChIKey=XLYOFNOQVPJJNP-UHFFFAOYSA-N;ethanol__water;0.1198;298.15;101.0;-0.747;-0.00747
43423;j.jct.2005.06.018;ethanol;water;CCO;O;121182-78-3;14314-42-2;InChIKey=LFQSCWFLJHTTHZ-UHFFFAOYSA-N;InChIKey=XLYOFNOQVPJJNP-UHFFFAOYSA-N;ethanol__water;0.15;298.15;101.0;-0.77;-0.0077
43424;j.jct.2005.06.018;ethanol;water;CCO;O;121182-78-3;14314-42-2;InChIKey=LFQSCWFLJHTTHZ-UHFFFAOYSA-N;InChIKey=XLYOFNOQVPJJNP-UHFFFAOYSA-N;ethanol__water;0.1837;298.15;101.0;-0.767;-0.00767
43425;j.jct.2005.06.018;ethanol;water;CCO;O;121182-78-3;14314-42-2;InChIKey=LFQSCWFLJHTTHZ-UHFFFAOYSA-N;InChIKey=XLYOFNOQVPJJNP-UHFFFAOYSA-N;ethanol__water;0.25;298.15;101.0;-0.702;-0.00702
43426;j.jct.2005.06.018;ethanol;water;CCO;O;121182-78-3;14314-42-2;InChIKey=LFQSCWFLJHTTHZ-UHFFFAOYSA-N;InChIKey=XLYOFNOQVPJJNP-UHFFFAOYSA-N;ethanol__water;0.2981;298.15;101.0;-0.649;-0.00649
43427;j.jct.2005.06.018;ethanol;water;CCO;O;121182-78-3;14314-42-2;InChIKey=LFQSCWFLJHTTHZ-UHFFFAOYSA-N;InChIKey=XLYOFNOQVPJJNP-UHFFFAOYSA-N;ethanol__water;0.4127;298.15;101.0;-0.501;-0.00501
43428;j.jct.2005.06.018;ethanol;water;CCO;O;121182-78-3;14314-42-2;InChIKey=LFQSCWFLJHTTHZ-UHFFFAOYSA-N;InChIKey=XLYOFNOQVPJJNP-UHFFFAOYSA-N;ethanol__water;0.5;298.15;101.0;-0.391;-0.00391
43429;j.jct.2005.06.018;ethanol;water;CCO;O;121182-78-3;14314-42-2;InChIKey=LFQSCWFLJHTTHZ-UHFFFAOYSA-N;InChIKey=XLYOFNOQVPJJNP-UHFFFAOYSA-N;ethanol__water;0.607;298.15;101.0;-0.323;-0.00323
43430;j.jct.2005.06.018;ethanol;water;CCO;O;121182-78-3;14314-42-2;InChIKey=LFQSCWFLJHTTHZ-UHFFFAOYSA-N;InChIKey=XLYOFNOQVPJJNP-UHFFFAOYSA-N;ethanol__water;0.701;298.15;101.0;-0.271;-0.00271
43431;j.jct.2005.06.018;ethanol;water;CCO;O;121182-78-3;14314-42-2;InChIKey=LFQSCWFLJHTTHZ-UHFFFAOYSA-N;InChIKey=XLYOFNOQVPJJNP-UHFFFAOYSA-N;ethanol__water;0.812;298.15;101.0;-0.206;-0.00206
43432;j.jct.2005.06.018;ethanol;water;CCO;O;121182-78-3;14314-42-2;InChIKey=LFQSCWFLJHTTHZ-UHFFFAOYSA-N;InChIKey=XLYOFNOQVPJJNP-UHFFFAOYSA-N;ethanol__water;0.9;298.15;101.0;-0.148;-0.00148
43433;j.jct.2005.06.018;ethanol;water;CCO;O;121182-78-3;14314-42-2;InChIKey=LFQSCWFLJHTTHZ-UHFFFAOYSA-N;InChIKey=XLYOFNOQVPJJNP-UHFFFAOYSA-N;ethanol__water;0.033;323.15;101.0;-0.192;-0.00192
43434;j.jct.2005.06.018;ethanol;water;CCO;O;121182-78-3;14314-42-2;InChIKey=LFQSCWFLJHTTHZ-UHFFFAOYSA-N;InChIKey=XLYOFNOQVPJJNP-UHFFFAOYSA-N;ethanol__water;0.072;323.15;101.0;-0.349;-0.00349
43435;j.jct.2005.06.018;ethanol;water;CCO;O;121182-78-3;14314-42-2;InChIKey=LFQSCWFLJHTTHZ-UHFFFAOYSA-N;InChIKey=XLYOFNOQVPJJNP-UHFFFAOYSA-N;ethanol__water;0.107;323.15;101.0;-0.409;-0.00409
43436;j.jct.2005.06.018;ethanol;water;CCO;O;121182-78-3;14314-42-2;InChIKey=LFQSCWFLJHTTHZ-UHFFFAOYSA-N;InChIKey=XLYOFNOQVPJJNP-UHFFFAOYSA-N;ethanol__water;0.148;323.15;101.0;-0.414;-0.00414
43437;j.jct.2005.06.018;ethanol;water;CCO;O;121182-78-3;14314-42-2;InChIKey=LFQSCWFLJHTTHZ-UHFFFAOYSA-N;InChIKey=XLYOFNOQVPJJNP-UHFFFAOYSA-N;ethanol__water;0.228;323.15;101.0;-0.357;-0.00357
43438;j.jct.2005.06.018;ethanol;water;CCO;O;121182-78-3;14314-42-2;InChIKey=LFQSCWFLJHTTHZ-UHFFFAOYSA-N;InChIKey=XLYOFNOQVPJJNP-UHFFFAOYSA-N;ethanol__water;0.296;323.15;101.0;-0.304;-0.00304
43439;j.jct.2005.06.018;ethanol;water;CCO;O;121182-78-3;14314-42-2;InChIKey=LFQSCWFLJHTTHZ-UHFFFAOYSA-N;InChIKey=XLYOFNOQVPJJNP-UHFFFAOYSA-N;ethanol__water;0.355;323.15;101.0;-0.24;-0.0024
43440;j.jct.2005.06.018;ethanol;water;CCO;O;121182-78-3;14314-42-2;InChIKey=LFQSCWFLJHTTHZ-UHFFFAOYSA-N;InChIKey=XLYOFNOQVPJJNP-UHFFFAOYSA-N;ethanol__water;0.443;323.15;101.0;-0.15;-0.0015
43441;j.jct.2005.06.018;ethanol;water;CCO;O;121182-78-3;14314-42-2;InChIKey=LFQSCWFLJHTTHZ-UHFFFAOYSA-N;InChIKey=XLYOFNOQVPJJNP-UHFFFAOYSA-N;ethanol__water;0.495;323.15;101.0;-0.108;-0.00108
43442;j.jct.2005.06.018;ethanol;water;CCO;O;121182-78-3;14314-42-2;InChIKey=LFQSCWFLJHTTHZ-UHFFFAOYSA-N;InChIKey=XLYOFNOQVPJJNP-UHFFFAOYSA-N;ethanol__water;0.553;323.15;101.0;-0.074;-0.00074
43443;j.jct.2005.06.018;ethanol;water;CCO;O;121182-78-3;14314-42-2;InChIKey=LFQSCWFLJHTTHZ-UHFFFAOYSA-N;InChIKey=XLYOFNOQVPJJNP-UHFFFAOYSA-N;ethanol__water;0.637;323.15;101.0;-0.055;-0.00055
43444;j.jct.2005.06.018;ethanol;water;CCO;O;121182-78-3;14314-42-2;InChIKey=LFQSCWFLJHTTHZ-UHFFFAOYSA-N;InChIKey=XLYOFNOQVPJJNP-UHFFFAOYSA-N;ethanol__water;0.736;323.15;101.0;-0.045;-0.00045
43445;j.jct.2005.06.018;ethanol;water;CCO;O;121182-78-3;14314-42-2;InChIKey=LFQSCWFLJHTTHZ-UHFFFAOYSA-N;InChIKey=XLYOFNOQVPJJNP-UHFFFAOYSA-N;ethanol__water;0.855;323.15;101.0;-0.05;-0.0005
43446;j.jct.2005.06.018;ethanol;water;CCO;O;121182-78-3;14314-42-2;InChIKey=LFQSCWFLJHTTHZ-UHFFFAOYSA-N;InChIKey=XLYOFNOQVPJJNP-UHFFFAOYSA-N;ethanol__water;0.909;323.15;101.0;-0.045;-0.00045
43447;j.jct.2005.06.018;ethanol;water;CCO;O;121182-78-3;14314-42-2;InChIKey=LFQSCWFLJHTTHZ-UHFFFAOYSA-N;InChIKey=XLYOFNOQVPJJNP-UHFFFAOYSA-N;ethanol__water;0.968;323.15;101.0;-0.018;-0.00018
169304;j.jct.2009.07.014;1-butanol;heptane;CCCCO;CCCCCCC;107569-51-7;142-82-5;InChIKey=LRHPLDYGYMQRHN-UHFFFAOYSA-N;InChIKey=IMNFDUFMRHMDMM-UHFFFAOYSA-N;1-butanol__heptane;0.0502;298.15;101.3;0.0736;0.000736
169305;j.jct.2009.07.014;1-butanol;heptane;CCCCO;CCCCCCC;107569-51-7;142-82-5;InChIKey=LRHPLDYGYMQRHN-UHFFFAOYSA-N;InChIKey=IMNFDUFMRHMDMM-UHFFFAOYSA-N;1-butanol__heptane;0.0999;298.15;101.3;0.1472;0.001472
169306;j.jct.2009.07.014;1-butanol;heptane;CCCCO;CCCCCCC;107569-51-7;142-82-5;InChIKey=LRHPLDYGYMQRHN-UHFFFAOYSA-N;InChIKey=IMNFDUFMRHMDMM-UHFFFAOYSA-N;1-butanol__heptane;0.1504;298.15;101.3;0.2172;0.002172
169307;j.jct.2009.07.014;1-butanol;heptane;CCCCO;CCCCCCC;107569-51-7;142-82-5;InChIKey=LRHPLDYGYMQRHN-UHFFFAOYSA-N;InChIKey=IMNFDUFMRHMDMM-UHFFFAOYSA-N;1-butanol__heptane;0.2;298.15;101.3;0.282;0.00282
169308;j.jct.2009.07.014;1-butanol;heptane;CCCCO;CCCCCCC;107569-51-7;142-82-5;InChIKey=LRHPLDYGYMQRHN-UHFFFAOYSA-N;InChIKey=IMNFDUFMRHMDMM-UHFFFAOYSA-N;1-butanol__heptane;0.2498;298.15;101.3;0.3444;0.003444
169309;j.jct.2009.07.014;1-butanol;heptane;CCCCO;CCCCCCC;107569-51-7;142-82-5;InChIKey=LRHPLDYGYMQRHN-UHFFFAOYSA-N;InChIKey=IMNFDUFMRHMDMM-UHFFFAOYSA-N;1-butanol__heptane;0.2998;298.15;101.3;0.4015;0.004015
169310;j.jct.2009.07.014;1-butanol;heptane;CCCCO;CCCCCCC;107569-51-7;142-82-5;InChIKey=LRHPLDYGYMQRHN-UHFFFAOYSA-N;InChIKey=IMNFDUFMRHMDMM-UHFFFAOYSA-N;1-butanol__heptane;0.3497;298.15;101.3;0.4526;0.004526
169311;j.jct.2009.07.014;1-butanol;heptane;CCCCO;CCCCCCC;107569-51-7;142-82-5;InChIKey=LRHPLDYGYMQRHN-UHFFFAOYSA-N;InChIKey=IMNFDUFMRHMDMM-UHFFFAOYSA-N;1-butanol__heptane;0.4004;298.15;101.3;0.4991;0.004991
169312;j.jct.2009.07.014;1-butanol;heptane;CCCCO;CCCCCCC;107569-51-7;142-82-5;InChIKey=LRHPLDYGYMQRHN-UHFFFAOYSA-N;InChIKey=IMNFDUFMRHMDMM-UHFFFAOYSA-N;1-butanol__heptane;0.4496;298.15;101.3;0.54;0.0054
169313;j.jct.2009.07.014;1-butanol;heptane;CCCCO;CCCCCCC;107569-51-7;142-82-5;InChIKey=LRHPLDYGYMQRHN-UHFFFAOYSA-N;InChIKey=IMNFDUFMRHMDMM-UHFFFAOYSA-N;1-butanol__heptane;0.5001;298.15;101.3;0.5751;0.005751
169314;j.jct.2009.07.014;1-butanol;heptane;CCCCO;CCCCCCC;107569-51-7;142-82-5;InChIKey=LRHPLDYGYMQRHN-UHFFFAOYSA-N;InChIKey=IMNFDUFMRHMDMM-UHFFFAOYSA-N;1-butanol__heptane;0.5498;298.15;101.3;0.6009;0.006009
169315;j.jct.2009.07.014;1-butanol;heptane;CCCCO;CCCCCCC;107569-51-7;142-82-5;InChIKey=LRHPLDYGYMQRHN-UHFFFAOYSA-N;InChIKey=IMNFDUFMRHMDMM-UHFFFAOYSA-N;1-butanol__heptane;0.5996;298.15;101.3;0.6177;0.006177
169316;j.jct.2009.07.014;1-butanol;heptane;CCCCO;CCCCCCC;107569-51-7;142-82-5;InChIKey=LRHPLDYGYMQRHN-UHFFFAOYSA-N;InChIKey=IMNFDUFMRHMDMM-UHFFFAOYSA-N;1-butanol__heptane;0.6504;298.15;101.3;0.6231;0.006231
169317;j.jct.2009.07.014;1-butanol;heptane;CCCCO;CCCCCCC;107569-51-7;142-82-5;InChIKey=LRHPLDYGYMQRHN-UHFFFAOYSA-N;InChIKey=IMNFDUFMRHMDMM-UHFFFAOYSA-N;1-butanol__heptane;0.6999;298.15;101.3;0.6166;0.006166
169318;j.jct.2009.07.014;1-butanol;heptane;CCCCO;CCCCCCC;107569-51-7;142-82-5;InChIKey=LRHPLDYGYMQRHN-UHFFFAOYSA-N;InChIKey=IMNFDUFMRHMDMM-UHFFFAOYSA-N;1-butanol__heptane;0.7501;298.15;101.3;0.5981;0.005981
169319;j.jct.2009.07.014;1-butanol;heptane;CCCCO;CCCCCCC;107569-51-7;142-82-5;InChIKey=LRHPLDYGYMQRHN-UHFFFAOYSA-N;InChIKey=IMNFDUFMRHMDMM-UHFFFAOYSA-N;1-butanol__heptane;0.7998;298.15;101.3;0.5668;0.005668
169320;j.jct.2009.07.014;1-butanol;heptane;CCCCO;CCCCCCC;107569-51-7;142-82-5;InChIKey=LRHPLDYGYMQRHN-UHFFFAOYSA-N;InChIKey=IMNFDUFMRHMDMM-UHFFFAOYSA-N;1-butanol__heptane;0.8502;298.15;101.3;0.5221;0.005221
169321;j.jct.2009.07.014;1-butanol;heptane;CCCCO;CCCCCCC;107569-51-7;142-82-5;InChIKey=LRHPLDYGYMQRHN-UHFFFAOYSA-N;InChIKey=IMNFDUFMRHMDMM-UHFFFAOYSA-N;1-butanol__heptane;0.8998;298.15;101.3;0.4587;0.004587
169322;j.jct.2009.07.014;1-butanol;heptane;CCCCO;CCCCCCC;107569-51-7;142-82-5;InChIKey=LRHPLDYGYMQRHN-UHFFFAOYSA-N;InChIKey=IMNFDUFMRHMDMM-UHFFFAOYSA-N;1-butanol__heptane;0.9497;298.15;101.3;0.3611;0.003611
169323;j.jct.2009.07.014;1-butanol;heptane;CCCCO;CCCCCCC;107569-51-7;142-82-5;InChIKey=LRHPLDYGYMQRHN-UHFFFAOYSA-N;InChIKey=IMNFDUFMRHMDMM-UHFFFAOYSA-N;1-butanol__heptane;0.0502;313.15;101.3;0.1031;0.001031
169324;j.jct.2009.07.014;1-butanol;heptane;CCCCO;CCCCCCC;107569-51-7;142-82-5;InChIKey=LRHPLDYGYMQRHN-UHFFFAOYSA-N;InChIKey=IMNFDUFMRHMDMM-UHFFFAOYSA-N;1-butanol__heptane;0.1;313.15;101.3;0.205;0.00205
169325;j.jct.2009.07.014;1-butanol;heptane;CCCCO;CCCCCCC;107569-51-7;142-82-5;InChIKey=LRHPLDYGYMQRHN-UHFFFAOYSA-N;InChIKey=IMNFDUFMRHMDMM-UHFFFAOYSA-N;1-butanol__heptane;0.1505;313.15;101.3;0.3041;0.003041
169326;j.jct.2009.07.014;1-butanol;heptane;CCCCO;CCCCCCC;107569-51-7;142-82-5;InChIKey=LRHPLDYGYMQRHN-UHFFFAOYSA-N;InChIKey=IMNFDUFMRHMDMM-UHFFFAOYSA-N;1-butanol__heptane;0.2001;313.15;101.3;0.395;0.00395
169327;j.jct.2009.07.014;1-butanol;heptane;CCCCO;CCCCCCC;107569-51-7;142-82-5;InChIKey=LRHPLDYGYMQRHN-UHFFFAOYSA-N;InChIKey=IMNFDUFMRHMDMM-UHFFFAOYSA-N;1-butanol__heptane;0.2499;313.15;101.3;0.4805;0.004805
169328;j.jct.2009.07.014;1-butanol;heptane;CCCCO;CCCCCCC;107569-51-7;142-82-5;InChIKey=LRHPLDYGYMQRHN-UHFFFAOYSA-N;InChIKey=IMNFDUFMRHMDMM-UHFFFAOYSA-N;1-butanol__heptane;0.2999;313.15;101.3;0.5605;0.005605
169329;j.jct.2009.07.014;1-butanol;heptane;CCCCO;CCCCCCC;107569-51-7;142-82-5;InChIKey=LRHPLDYGYMQRHN-UHFFFAOYSA-N;InChIKey=IMNFDUFMRHMDMM-UHFFFAOYSA-N;1-butanol__heptane;0.3498;313.15;101.3;0.6322;0.006322
169330;j.jct.2009.07.014;1-butanol;heptane;CCCCO;CCCCCCC;107569-51-7;142-82-5;InChIKey=LRHPLDYGYMQRHN-UHFFFAOYSA-N;InChIKey=IMNFDUFMRHMDMM-UHFFFAOYSA-N;1-butanol__heptane;0.4004;313.15;101.3;0.6965;0.006965
169331;j.jct.2009.07.014;1-butanol;heptane;CCCCO;CCCCCCC;107569-51-7;142-82-5;InChIKey=LRHPLDYGYMQRHN-UHFFFAOYSA-N;InChIKey=IMNFDUFMRHMDMM-UHFFFAOYSA-N;1-butanol__heptane;0.4496;313.15;101.3;0.7508;0.007508
169332;j.jct.2009.07.014;1-butanol;heptane;CCCCO;CCCCCCC;107569-51-7;142-82-5;InChIKey=LRHPLDYGYMQRHN-UHFFFAOYSA-N;InChIKey=IMNFDUFMRHMDMM-UHFFFAOYSA-N;1-butanol__heptane;0.5002;313.15;101.3;0.7952;0.007952
169333;j.jct.2009.07.014;1-butanol;heptane;CCCCO;CCCCCCC;107569-51-7;142-82-5;InChIKey=LRHPLDYGYMQRHN-UHFFFAOYSA-N;InChIKey=IMNFDUFMRHMDMM-UHFFFAOYSA-N;1-butanol__heptane;0.5499;313.15;101.3;0.8268;0.008268
169334;j.jct.2009.07.014;1-butanol;heptane;CCCCO;CCCCCCC;107569-51-7;142-82-5;InChIKey=LRHPLDYGYMQRHN-UHFFFAOYSA-N;InChIKey=IMNFDUFMRHMDMM-UHFFFAOYSA-N;1-butanol__heptane;0.5997;313.15;101.3;0.8469;0.008469
169335;j.jct.2009.07.014;1-butanol;heptane;CCCCO;CCCCCCC;107569-51-7;142-82-5;InChIKey=LRHPLDYGYMQRHN-UHFFFAOYSA-N;InChIKey=IMNFDUFMRHMDMM-UHFFFAOYSA-N;1-butanol__heptane;0.6505;313.15;101.3;0.854;0.00854
169336;j.jct.2009.07.014;1-butanol;heptane;CCCCO;CCCCCCC;107569-51-7;142-82-5;InChIKey=LRHPLDYGYMQRHN-UHFFFAOYSA-N;InChIKey=IMNFDUFMRHMDMM-UHFFFAOYSA-N;1-butanol__heptane;0.6999;313.15;101.3;0.8467;0.008467
169337;j.jct.2009.07.014;1-butanol;heptane;CCCCO;CCCCCCC;107569-51-7;142-82-5;InChIKey=LRHPLDYGYMQRHN-UHFFFAOYSA-N;InChIKey=IMNFDUFMRHMDMM-UHFFFAOYSA-N;1-butanol__heptane;0.7501;313.15;101.3;0.8252;0.008252
169338;j.jct.2009.07.014;1-butanol;heptane;CCCCO;CCCCCCC;107569-51-7;142-82-5;InChIKey=LRHPLDYGYMQRHN-UHFFFAOYSA-N;InChIKey=IMNFDUFMRHMDMM-UHFFFAOYSA-N;1-butanol__heptane;0.7998;313.15;101.3;0.7888;0.007888
169339;j.jct.2009.07.014;1-butanol;heptane;CCCCO;CCCCCCC;107569-51-7;142-82-5;InChIKey=LRHPLDYGYMQRHN-UHFFFAOYSA-N;InChIKey=IMNFDUFMRHMDMM-UHFFFAOYSA-N;1-butanol__heptane;0.8502;313.15;101.3;0.7329;0.007329
169340;j.jct.2009.07.014;1-butanol;heptane;CCCCO;CCCCCCC;107569-51-7;142-82-5;InChIKey=LRHPLDYGYMQRHN-UHFFFAOYSA-N;InChIKey=IMNFDUFMRHMDMM-UHFFFAOYSA-N;1-butanol__heptane;0.8997;313.15;101.3;0.6496;0.006496
169341;j.jct.2009.07.014;1-butanol;heptane;CCCCO;CCCCCCC;107569-51-7;142-82-5;InChIKey=LRHPLDYGYMQRHN-UHFFFAOYSA-N;InChIKey=IMNFDUFMRHMDMM-UHFFFAOYSA-N;1-butanol__heptane;0.9497;313.15;101.3;0.5083;0.005083
200122;j.jct.2010.10.002;neohexane;tetrahydrofuran;CCC(C)(C)C;C1CCOC1;75-83-2;77392-70-2;InChIKey=HNRMPXKDFBEGFZ-UHFFFAOYSA-N;InChIKey=WYURNTSHIVDZCO-UHFFFAOYSA-N;neohexane__tetrahydrofuran;0.05;298.15;101.0;0.1284;0.000642
200123;j.jct.2010.10.002;neohexane;tetrahydrofuran;CCC(C)(C)C;C1CCOC1;75-83-2;77392-70-2;InChIKey=HNRMPXKDFBEGFZ-UHFFFAOYSA-N;InChIKey=WYURNTSHIVDZCO-UHFFFAOYSA-N;neohexane__tetrahydrofuran;0.1;298.15;101.0;0.2404;0.001202
200124;j.jct.2010.10.002;neohexane;tetrahydrofuran;CCC(C)(C)C;C1CCOC1;75-83-2;77392-70-2;InChIKey=HNRMPXKDFBEGFZ-UHFFFAOYSA-N;InChIKey=WYURNTSHIVDZCO-UHFFFAOYSA-N;neohexane__tetrahydrofuran;0.15;298.15;101.0;0.3443;0.0017215
200125;j.jct.2010.10.002;neohexane;tetrahydrofuran;CCC(C)(C)C;C1CCOC1;75-83-2;77392-70-2;InChIKey=HNRMPXKDFBEGFZ-UHFFFAOYSA-N;InChIKey=WYURNTSHIVDZCO-UHFFFAOYSA-N;neohexane__tetrahydrofuran;0.2;298.15;101.0;0.4315;0.0021575
200126;j.jct.2010.10.002;neohexane;tetrahydrofuran;CCC(C)(C)C;C1CCOC1;75-83-2;77392-70-2;InChIKey=HNRMPXKDFBEGFZ-UHFFFAOYSA-N;InChIKey=WYURNTSHIVDZCO-UHFFFAOYSA-N;neohexane__tetrahydrofuran;0.2505;298.15;101.0;0.5077;0.0025385
200127;j.jct.2010.10.002;neohexane;tetrahydrofuran;CCC(C)(C)C;C1CCOC1;75-83-2;77392-70-2;InChIKey=HNRMPXKDFBEGFZ-UHFFFAOYSA-N;InChIKey=WYURNTSHIVDZCO-UHFFFAOYSA-N;neohexane__tetrahydrofuran;0.2999;298.15;101.0;0.5684;0.002842
200128;j.jct.2010.10.002;neohexane;tetrahydrofuran;CCC(C)(C)C;C1CCOC1;75-83-2;77392-70-2;InChIKey=HNRMPXKDFBEGFZ-UHFFFAOYSA-N;InChIKey=WYURNTSHIVDZCO-UHFFFAOYSA-N;neohexane__tetrahydrofuran;0.3498;298.15;101.0;0.6194;0.003097
200129;j.jct.2010.10.002;neohexane;tetrahydrofuran;CCC(C)(C)C;C1CCOC1;75-83-2;77392-70-2;InChIKey=HNRMPXKDFBEGFZ-UHFFFAOYSA-N;InChIKey=WYURNTSHIVDZCO-UHFFFAOYSA-N;neohexane__tetrahydrofuran;0.4;298.15;101.0;0.6558;0.003279
200130;j.jct.2010.10.002;neohexane;tetrahydrofuran;CCC(C)(C)C;C1CCOC1;75-83-2;77392-70-2;InChIKey=HNRMPXKDFBEGFZ-UHFFFAOYSA-N;InChIKey=WYURNTSHIVDZCO-UHFFFAOYSA-N;neohexane__tetrahydrofuran;0.45;298.15;101.0;0.6754;0.003377
200131;j.jct.2010.10.002;neohexane;tetrahydrofuran;CCC(C)(C)C;C1CCOC1;75-83-2;77392-70-2;InChIKey=HNRMPXKDFBEGFZ-UHFFFAOYSA-N;InChIKey=WYURNTSHIVDZCO-UHFFFAOYSA-N;neohexane__tetrahydrofuran;0.5002;298.15;101.0;0.6847;0.0034235
200132;j.jct.2010.10.002;neohexane;tetrahydrofuran;CCC(C)(C)C;C1CCOC1;75-83-2;77392-70-2;InChIKey=HNRMPXKDFBEGFZ-UHFFFAOYSA-N;InChIKey=WYURNTSHIVDZCO-UHFFFAOYSA-N;neohexane__tetrahydrofuran;0.5001;298.15;101.0;0.685;0.003425
200133;j.jct.2010.10.002;neohexane;tetrahydrofuran;CCC(C)(C)C;C1CCOC1;75-83-2;77392-70-2;InChIKey=HNRMPXKDFBEGFZ-UHFFFAOYSA-N;InChIKey=WYURNTSHIVDZCO-UHFFFAOYSA-N;neohexane__tetrahydrofuran;0.55;298.15;101.0;0.6795;0.0033975
200134;j.jct.2010.10.002;neohexane;tetrahydrofuran;CCC(C)(C)C;C1CCOC1;75-83-2;77392-70-2;InChIKey=HNRMPXKDFBEGFZ-UHFFFAOYSA-N;InChIKey=WYURNTSHIVDZCO-UHFFFAOYSA-N;neohexane__tetrahydrofuran;0.6003;298.15;101.0;0.6602;0.003301
200135;j.jct.2010.10.002;neohexane;tetrahydrofuran;CCC(C)(C)C;C1CCOC1;75-83-2;77392-70-2;InChIKey=HNRMPXKDFBEGFZ-UHFFFAOYSA-N;InChIKey=WYURNTSHIVDZCO-UHFFFAOYSA-N;neohexane__tetrahydrofuran;0.6499;298.15;101.0;0.6281;0.0031405
200136;j.jct.2010.10.002;neohexane;tetrahydrofuran;CCC(C)(C)C;C1CCOC1;75-83-2;77392-70-2;InChIKey=HNRMPXKDFBEGFZ-UHFFFAOYSA-N;InChIKey=WYURNTSHIVDZCO-UHFFFAOYSA-N;neohexane__tetrahydrofuran;0.7;298.15;101.0;0.5842;0.002921
200137;j.jct.2010.10.002;neohexane;tetrahydrofuran;CCC(C)(C)C;C1CCOC1;75-83-2;77392-70-2;InChIKey=HNRMPXKDFBEGFZ-UHFFFAOYSA-N;InChIKey=WYURNTSHIVDZCO-UHFFFAOYSA-N;neohexane__tetrahydrofuran;0.75;298.15;101.0;0.525;0.002625
200138;j.jct.2010.10.002;neohexane;tetrahydrofuran;CCC(C)(C)C;C1CCOC1;75-83-2;77392-70-2;InChIKey=HNRMPXKDFBEGFZ-UHFFFAOYSA-N;InChIKey=WYURNTSHIVDZCO-UHFFFAOYSA-N;neohexane__tetrahydrofuran;0.8002;298.15;101.0;0.4484;0.002242
200139;j.jct.2010.10.002;neohexane;tetrahydrofuran;CCC(C)(C)C;C1CCOC1;75-83-2;77392-70-2;InChIKey=HNRMPXKDFBEGFZ-UHFFFAOYSA-N;InChIKey=WYURNTSHIVDZCO-UHFFFAOYSA-N;neohexane__tetrahydrofuran;0.8501;298.15;101.0;0.3599;0.0017995
200140;j.jct.2010.10.002;neohexane;tetrahydrofuran;CCC(C)(C)C;C1CCOC1;75-83-2;77392-70-2;InChIKey=HNRMPXKDFBEGFZ-UHFFFAOYSA-N;InChIKey=WYURNTSHIVDZCO-UHFFFAOYSA-N;neohexane__tetrahydrofuran;0.9;298.15;101.0;0.2553;0.0012765
200141;j.jct.2010.10.002;neohexane;tetrahydrofuran;CCC(C)(C)C;C1CCOC1;75-83-2;77392-70-2;InChIKey=HNRMPXKDFBEGFZ-UHFFFAOYSA-N;InChIKey=WYURNTSHIVDZCO-UHFFFAOYSA-N;neohexane__tetrahydrofuran;0.95;298.15;101.0;0.1364;0.000682
200142;j.jct.2010.10.002;neohexane;tetrahydrofuran;CCC(C)(C)C;C1CCOC1;75-83-2;77392-70-2;InChIKey=HNRMPXKDFBEGFZ-UHFFFAOYSA-N;InChIKey=WYURNTSHIVDZCO-UHFFFAOYSA-N;neohexane__tetrahydrofuran;;298.15;101.0;0.5072;0.002536
200143;j.jct.2010.10.002;neohexane;tetrahydrofuran;CCC(C)(C)C;C1CCOC1;75-83-2;77392-70-2;InChIKey=HNRMPXKDFBEGFZ-UHFFFAOYSA-N;InChIKey=WYURNTSHIVDZCO-UHFFFAOYSA-N;neohexane__tetrahydrofuran;;298.15;101.0;0.6847;0.0034235
200144;j.jct.2010.10.002;neohexane;tetrahydrofuran;CCC(C)(C)C;C1CCOC1;75-83-2;77392-70-2;InChIKey=HNRMPXKDFBEGFZ-UHFFFAOYSA-N;InChIKey=WYURNTSHIVDZCO-UHFFFAOYSA-N;neohexane__tetrahydrofuran;;298.15;101.0;0.5234;0.002617
200145;j.jct.2010.10.002;diisopropyl;tetrahydrofuran;CC(C)C(C)C;C1CCOC1;79-29-8;77392-70-2;InChIKey=ZFFMLCVRJBZUDZ-UHFFFAOYSA-N;InChIKey=WYURNTSHIVDZCO-UHFFFAOYSA-N;diisopropyl__tetrahydrofuran;0.05;298.15;101.0;0.1267;0.0006335
200146;j.jct.2010.10.002;diisopropyl;tetrahydrofuran;CC(C)C(C)C;C1CCOC1;79-29-8;77392-70-2;InChIKey=ZFFMLCVRJBZUDZ-UHFFFAOYSA-N;InChIKey=WYURNTSHIVDZCO-UHFFFAOYSA-N;diisopropyl__tetrahydrofuran;0.0999;298.15;101.0;0.2417;0.0012085
200147;j.jct.2010.10.002;diisopropyl;tetrahydrofuran;CC(C)C(C)C;C1CCOC1;79-29-8;77392-70-2;InChIKey=ZFFMLCVRJBZUDZ-UHFFFAOYSA-N;InChIKey=WYURNTSHIVDZCO-UHFFFAOYSA-N;diisopropyl__tetrahydrofuran;0.15;298.15;101.0;0.3433;0.0017165
200148;j.jct.2010.10.002;diisopropyl;tetrahydrofuran;CC(C)C(C)C;C1CCOC1;79-29-8;77392-70-2;InChIKey=ZFFMLCVRJBZUDZ-UHFFFAOYSA-N;InChIKey=WYURNTSHIVDZCO-UHFFFAOYSA-N;diisopropyl__tetrahydrofuran;0.2;298.15;101.0;0.4316;0.002158
200149;j.jct.2010.10.002;diisopropyl;tetrahydrofuran;CC(C)C(C)C;C1CCOC1;79-29-8;77392-70-2;InChIKey=ZFFMLCVRJBZUDZ-UHFFFAOYSA-N;InChIKey=WYURNTSHIVDZCO-UHFFFAOYSA-N;diisopropyl__tetrahydrofuran;0.25;298.15;101.0;0.5071;0.0025355
200150;j.jct.2010.10.002;diisopropyl;tetrahydrofuran;CC(C)C(C)C;C1CCOC1;79-29-8;77392-70-2;InChIKey=ZFFMLCVRJBZUDZ-UHFFFAOYSA-N;InChIKey=WYURNTSHIVDZCO-UHFFFAOYSA-N;diisopropyl__tetrahydrofuran;0.3;298.15;101.0;0.5667;0.0028335
200151;j.jct.2010.10.002;diisopropyl;tetrahydrofuran;CC(C)C(C)C;C1CCOC1;79-29-8;77392-70-2;InChIKey=ZFFMLCVRJBZUDZ-UHFFFAOYSA-N;InChIKey=WYURNTSHIVDZCO-UHFFFAOYSA-N;diisopropyl__tetrahydrofuran;0.35;298.15;101.0;0.6147;0.0030735
200152;j.jct.2010.10.002;diisopropyl;tetrahydrofuran;CC(C)C(C)C;C1CCOC1;79-29-8;77392-70-2;InChIKey=ZFFMLCVRJBZUDZ-UHFFFAOYSA-N;InChIKey=WYURNTSHIVDZCO-UHFFFAOYSA-N;diisopropyl__tetrahydrofuran;0.4;298.15;101.0;0.6481;0.0032405
200153;j.jct.2010.10.002;diisopropyl;tetrahydrofuran;CC(C)C(C)C;C1CCOC1;79-29-8;77392-70-2;InChIKey=ZFFMLCVRJBZUDZ-UHFFFAOYSA-N;InChIKey=WYURNTSHIVDZCO-UHFFFAOYSA-N;diisopropyl__tetrahydrofuran;0.4499;298.15;101.0;0.6695;0.0033475
200154;j.jct.2010.10.002;diisopropyl;tetrahydrofuran;CC(C)C(C)C;C1CCOC1;79-29-8;77392-70-2;InChIKey=ZFFMLCVRJBZUDZ-UHFFFAOYSA-N;InChIKey=WYURNTSHIVDZCO-UHFFFAOYSA-N;diisopropyl__tetrahydrofuran;0.5002;298.15;101.0;0.6779;0.0033895
200155;j.jct.2010.10.002;diisopropyl;tetrahydrofuran;CC(C)C(C)C;C1CCOC1;79-29-8;77392-70-2;InChIKey=ZFFMLCVRJBZUDZ-UHFFFAOYSA-N;InChIKey=WYURNTSHIVDZCO-UHFFFAOYSA-N;diisopropyl__tetrahydrofuran;0.5002;298.15;101.0;0.678;0.00339
200156;j.jct.2010.10.002;diisopropyl;tetrahydrofuran;CC(C)C(C)C;C1CCOC1;79-29-8;77392-70-2;InChIKey=ZFFMLCVRJBZUDZ-UHFFFAOYSA-N;InChIKey=WYURNTSHIVDZCO-UHFFFAOYSA-N;diisopropyl__tetrahydrofuran;0.5502;298.15;101.0;0.6712;0.003356
200157;j.jct.2010.10.002;diisopropyl;tetrahydrofuran;CC(C)C(C)C;C1CCOC1;79-29-8;77392-70-2;InChIKey=ZFFMLCVRJBZUDZ-UHFFFAOYSA-N;InChIKey=WYURNTSHIVDZCO-UHFFFAOYSA-N;diisopropyl__tetrahydrofuran;0.6;298.15;101.0;0.6521;0.0032605
200158;j.jct.2010.10.002;diisopropyl;tetrahydrofuran;CC(C)C(C)C;C1CCOC1;79-29-8;77392-70-2;InChIKey=ZFFMLCVRJBZUDZ-UHFFFAOYSA-N;InChIKey=WYURNTSHIVDZCO-UHFFFAOYSA-N;diisopropyl__tetrahydrofuran;0.6502;298.15;101.0;0.619;0.003095
200159;j.jct.2010.10.002;diisopropyl;tetrahydrofuran;CC(C)C(C)C;C1CCOC1;79-29-8;77392-70-2;InChIKey=ZFFMLCVRJBZUDZ-UHFFFAOYSA-N;InChIKey=WYURNTSHIVDZCO-UHFFFAOYSA-N;diisopropyl__tetrahydrofuran;0.6999;298.15;101.0;0.5763;0.0028815
200160;j.jct.2010.10.002;diisopropyl;tetrahydrofuran;CC(C)C(C)C;C1CCOC1;79-29-8;77392-70-2;InChIKey=ZFFMLCVRJBZUDZ-UHFFFAOYSA-N;InChIKey=WYURNTSHIVDZCO-UHFFFAOYSA-N;diisopropyl__tetrahydrofuran;0.75;298.15;101.0;0.5166;0.002583
200161;j.jct.2010.10.002;diisopropyl;tetrahydrofuran;CC(C)C(C)C;C1CCOC1;79-29-8;77392-70-2;InChIKey=ZFFMLCVRJBZUDZ-UHFFFAOYSA-N;InChIKey=WYURNTSHIVDZCO-UHFFFAOYSA-N;diisopropyl__tetrahydrofuran;0.7999;298.15;101.0;0.445;0.002225
200162;j.jct.2010.10.002;diisopropyl;tetrahydrofuran;CC(C)C(C)C;C1CCOC1;79-29-8;77392-70-2;InChIKey=ZFFMLCVRJBZUDZ-UHFFFAOYSA-N;InChIKey=WYURNTSHIVDZCO-UHFFFAOYSA-N;diisopropyl__tetrahydrofuran;0.85;298.15;101.0;0.3569;0.0017845
200163;j.jct.2010.10.002;diisopropyl;tetrahydrofuran;CC(C)C(C)C;C1CCOC1;79-29-8;77392-70-2;InChIKey=ZFFMLCVRJBZUDZ-UHFFFAOYSA-N;InChIKey=WYURNTSHIVDZCO-UHFFFAOYSA-N;diisopropyl__tetrahydrofuran;0.9;298.15;101.0;0.2557;0.0012785
200164;j.jct.2010.10.002;diisopropyl;tetrahydrofuran;CC(C)C(C)C;C1CCOC1;79-29-8;77392-70-2;InChIKey=ZFFMLCVRJBZUDZ-UHFFFAOYSA-N;InChIKey=WYURNTSHIVDZCO-UHFFFAOYSA-N;diisopropyl__tetrahydrofuran;0.95;298.15;101.0;0.1371;0.0006855
200165;j.jct.2010.10.002;diisopropyl;tetrahydrofuran;CC(C)C(C)C;C1CCOC1;79-29-8;77392-70-2;InChIKey=ZFFMLCVRJBZUDZ-UHFFFAOYSA-N;InChIKey=WYURNTSHIVDZCO-UHFFFAOYSA-N;diisopropyl__tetrahydrofuran;;298.15;101.0;0.5108;0.002554
200166;j.jct.2010.10.002;diisopropyl;tetrahydrofuran;CC(C)C(C)C;C1CCOC1;79-29-8;77392-70-2;InChIKey=ZFFMLCVRJBZUDZ-UHFFFAOYSA-N;InChIKey=WYURNTSHIVDZCO-UHFFFAOYSA-N;diisopropyl__tetrahydrofuran;;298.15;101.0;0.6769;0.0033845
200167;j.jct.2010.10.002;diisopropyl;tetrahydrofuran;CC(C)C(C)C;C1CCOC1;79-29-8;77392-70-2;InChIKey=ZFFMLCVRJBZUDZ-UHFFFAOYSA-N;InChIKey=WYURNTSHIVDZCO-UHFFFAOYSA-N;diisopropyl__tetrahydrofuran;;298.15;101.0;0.5121;0.0025605
564672;j.fluid.2009.11.010;1-butanol;2,2,4-trimethylpentane;CCCCO;CC(C)CC(C)(C)C;107569-51-7;31921-36-5;InChIKey=LRHPLDYGYMQRHN-UHFFFAOYSA-N;InChIKey=NHTMVDHEPJAVLT-UHFFFAOYSA-N;1-butanol__2,2,4-trimethylpentane;0.0502;298.15;101.0;0.06715;0.0006715
564673;j.fluid.2009.11.010;1-butanol;2,2,4-trimethylpentane;CCCCO;CC(C)CC(C)(C)C;107569-51-7;31921-36-5;InChIKey=LRHPLDYGYMQRHN-UHFFFAOYSA-N;InChIKey=NHTMVDHEPJAVLT-UHFFFAOYSA-N;1-butanol__2,2,4-trimethylpentane;0.1001;298.15;101.0;0.14002;0.0014002
564674;j.fluid.2009.11.010;1-butanol;2,2,4-trimethylpentane;CCCCO;CC(C)CC(C)(C)C;107569-51-7;31921-36-5;InChIKey=LRHPLDYGYMQRHN-UHFFFAOYSA-N;InChIKey=NHTMVDHEPJAVLT-UHFFFAOYSA-N;1-butanol__2,2,4-trimethylpentane;0.1504;298.15;101.0;0.21084;0.0021084
564675;j.fluid.2009.11.010;1-butanol;2,2,4-trimethylpentane;CCCCO;CC(C)CC(C)(C)C;107569-51-7;31921-36-5;InChIKey=LRHPLDYGYMQRHN-UHFFFAOYSA-N;InChIKey=NHTMVDHEPJAVLT-UHFFFAOYSA-N;1-butanol__2,2,4-trimethylpentane;0.2002;298.15;101.0;0.27646;0.0027646
564676;j.fluid.2009.11.010;1-butanol;2,2,4-trimethylpentane;CCCCO;CC(C)CC(C)(C)C;107569-51-7;31921-36-5;InChIKey=LRHPLDYGYMQRHN-UHFFFAOYSA-N;InChIKey=NHTMVDHEPJAVLT-UHFFFAOYSA-N;1-butanol__2,2,4-trimethylpentane;0.2504;298.15;101.0;0.33899;0.0033899
564677;j.fluid.2009.11.010;1-butanol;2,2,4-trimethylpentane;CCCCO;CC(C)CC(C)(C)C;107569-51-7;31921-36-5;InChIKey=LRHPLDYGYMQRHN-UHFFFAOYSA-N;InChIKey=NHTMVDHEPJAVLT-UHFFFAOYSA-N;1-butanol__2,2,4-trimethylpentane;0.3;298.15;101.0;0.39564;0.0039564
564678;j.fluid.2009.11.010;1-butanol;2,2,4-trimethylpentane;CCCCO;CC(C)CC(C)(C)C;107569-51-7;31921-36-5;InChIKey=LRHPLDYGYMQRHN-UHFFFAOYSA-N;InChIKey=NHTMVDHEPJAVLT-UHFFFAOYSA-N;1-butanol__2,2,4-trimethylpentane;0.3502;298.15;101.0;0.44914;0.0044914
564679;j.fluid.2009.11.010;1-butanol;2,2,4-trimethylpentane;CCCCO;CC(C)CC(C)(C)C;107569-51-7;31921-36-5;InChIKey=LRHPLDYGYMQRHN-UHFFFAOYSA-N;InChIKey=NHTMVDHEPJAVLT-UHFFFAOYSA-N;1-butanol__2,2,4-trimethylpentane;0.4;298.15;101.0;0.49767;0.0049767
564680;j.fluid.2009.11.010;1-butanol;2,2,4-trimethylpentane;CCCCO;CC(C)CC(C)(C)C;107569-51-7;31921-36-5;InChIKey=LRHPLDYGYMQRHN-UHFFFAOYSA-N;InChIKey=NHTMVDHEPJAVLT-UHFFFAOYSA-N;1-butanol__2,2,4-trimethylpentane;0.4498;298.15;101.0;0.5404;0.005404
564681;j.fluid.2009.11.010;1-butanol;2,2,4-trimethylpentane;CCCCO;CC(C)CC(C)(C)C;107569-51-7;31921-36-5;InChIKey=LRHPLDYGYMQRHN-UHFFFAOYSA-N;InChIKey=NHTMVDHEPJAVLT-UHFFFAOYSA-N;1-butanol__2,2,4-trimethylpentane;0.5006;298.15;101.0;0.57891;0.0057891
564682;j.fluid.2009.11.010;1-butanol;2,2,4-trimethylpentane;CCCCO;CC(C)CC(C)(C)C;107569-51-7;31921-36-5;InChIKey=LRHPLDYGYMQRHN-UHFFFAOYSA-N;InChIKey=NHTMVDHEPJAVLT-UHFFFAOYSA-N;1-butanol__2,2,4-trimethylpentane;0.55;298.15;101.0;0.60564;0.0060564
564683;j.fluid.2009.11.010;1-butanol;2,2,4-trimethylpentane;CCCCO;CC(C)CC(C)(C)C;107569-51-7;31921-36-5;InChIKey=LRHPLDYGYMQRHN-UHFFFAOYSA-N;InChIKey=NHTMVDHEPJAVLT-UHFFFAOYSA-N;1-butanol__2,2,4-trimethylpentane;0.5997;298.15;101.0;0.62363;0.0062363
564684;j.fluid.2009.11.010;1-butanol;2,2,4-trimethylpentane;CCCCO;CC(C)CC(C)(C)C;107569-51-7;31921-36-5;InChIKey=LRHPLDYGYMQRHN-UHFFFAOYSA-N;InChIKey=NHTMVDHEPJAVLT-UHFFFAOYSA-N;1-butanol__2,2,4-trimethylpentane;0.6497;298.15;101.0;0.63088;0.0063088
564685;j.fluid.2009.11.010;1-butanol;2,2,4-trimethylpentane;CCCCO;CC(C)CC(C)(C)C;107569-51-7;31921-36-5;InChIKey=LRHPLDYGYMQRHN-UHFFFAOYSA-N;InChIKey=NHTMVDHEPJAVLT-UHFFFAOYSA-N;1-butanol__2,2,4-trimethylpentane;0.6998;298.15;101.0;0.62475;0.0062475
564686;j.fluid.2009.11.010;1-butanol;2,2,4-trimethylpentane;CCCCO;CC(C)CC(C)(C)C;107569-51-7;31921-36-5;InChIKey=LRHPLDYGYMQRHN-UHFFFAOYSA-N;InChIKey=NHTMVDHEPJAVLT-UHFFFAOYSA-N;1-butanol__2,2,4-trimethylpentane;0.7498;298.15;101.0;0.60868;0.0060868
564687;j.fluid.2009.11.010;1-butanol;2,2,4-trimethylpentane;CCCCO;CC(C)CC(C)(C)C;107569-51-7;31921-36-5;InChIKey=LRHPLDYGYMQRHN-UHFFFAOYSA-N;InChIKey=NHTMVDHEPJAVLT-UHFFFAOYSA-N;1-butanol__2,2,4-trimethylpentane;0.7995;298.15;101.0;0.57993;0.0057993
564688;j.fluid.2009.11.010;1-butanol;2,2,4-trimethylpentane;CCCCO;CC(C)CC(C)(C)C;107569-51-7;31921-36-5;InChIKey=LRHPLDYGYMQRHN-UHFFFAOYSA-N;InChIKey=NHTMVDHEPJAVLT-UHFFFAOYSA-N;1-butanol__2,2,4-trimethylpentane;0.8501;298.15;101.0;0.53622;0.0053622
564689;j.fluid.2009.11.010;1-butanol;2,2,4-trimethylpentane;CCCCO;CC(C)CC(C)(C)C;107569-51-7;31921-36-5;InChIKey=LRHPLDYGYMQRHN-UHFFFAOYSA-N;InChIKey=NHTMVDHEPJAVLT-UHFFFAOYSA-N;1-butanol__2,2,4-trimethylpentane;0.9;298.15;101.0;0.47331;0.0047331
564690;j.fluid.2009.11.010;1-butanol;2,2,4-trimethylpentane;CCCCO;CC(C)CC(C)(C)C;107569-51-7;31921-36-5;InChIKey=LRHPLDYGYMQRHN-UHFFFAOYSA-N;InChIKey=NHTMVDHEPJAVLT-UHFFFAOYSA-N;1-butanol__2,2,4-trimethylpentane;0.9506;298.15;101.0;0.37388;0.0037388
586261;j.fluid.2010.08.024;1-butanol;isopropyl ether;CCCCO;CC(C)OC(C)C;107569-51-7;108-20-3;InChIKey=LRHPLDYGYMQRHN-UHFFFAOYSA-N;InChIKey=ZAFNJMIOTHYJRJ-UHFFFAOYSA-N;1-butanol__1-methyl-1-(1-methylethoxy)ethane;0.07;303.15;101.0;0.0462;0.000924
586262;j.fluid.2010.08.024;1-butanol;isopropyl ether;CCCCO;CC(C)OC(C)C;107569-51-7;108-20-3;InChIKey=LRHPLDYGYMQRHN-UHFFFAOYSA-N;InChIKey=ZAFNJMIOTHYJRJ-UHFFFAOYSA-N;1-butanol__1-methyl-1-(1-methylethoxy)ethane;0.113;303.15;101.0;0.0782;0.001564
586263;j.fluid.2010.08.024;1-butanol;isopropyl ether;CCCCO;CC(C)OC(C)C;107569-51-7;108-20-3;InChIKey=LRHPLDYGYMQRHN-UHFFFAOYSA-N;InChIKey=ZAFNJMIOTHYJRJ-UHFFFAOYSA-N;1-butanol__1-methyl-1-(1-methylethoxy)ethane;0.151;303.15;101.0;0.1046;0.002092
586264;j.fluid.2010.08.024;1-butanol;isopropyl ether;CCCCO;CC(C)OC(C)C;107569-51-7;108-20-3;InChIKey=LRHPLDYGYMQRHN-UHFFFAOYSA-N;InChIKey=ZAFNJMIOTHYJRJ-UHFFFAOYSA-N;1-butanol__1-methyl-1-(1-methylethoxy)ethane;0.171;303.15;101.0;0.12;0.0024
586265;j.fluid.2010.08.024;1-butanol;isopropyl ether;CCCCO;CC(C)OC(C)C;107569-51-7;108-20-3;InChIKey=LRHPLDYGYMQRHN-UHFFFAOYSA-N;InChIKey=ZAFNJMIOTHYJRJ-UHFFFAOYSA-N;1-butanol__1-methyl-1-(1-methylethoxy)ethane;0.27;303.15;101.0;0.1907;0.003814
586266;j.fluid.2010.08.024;1-butanol;isopropyl ether;CCCCO;CC(C)OC(C)C;107569-51-7;108-20-3;InChIKey=LRHPLDYGYMQRHN-UHFFFAOYSA-N;InChIKey=ZAFNJMIOTHYJRJ-UHFFFAOYSA-N;1-butanol__1-methyl-1-(1-methylethoxy)ethane;0.356;303.15;101.0;0.2431;0.004862
586267;j.fluid.2010.08.024;1-butanol;isopropyl ether;CCCCO;CC(C)OC(C)C;107569-51-7;108-20-3;InChIKey=LRHPLDYGYMQRHN-UHFFFAOYSA-N;InChIKey=ZAFNJMIOTHYJRJ-UHFFFAOYSA-N;1-butanol__1-methyl-1-(1-methylethoxy)ethane;0.495;303.15;101.0;0.3199;0.006398
586268;j.fluid.2010.08.024;1-butanol;isopropyl ether;CCCCO;CC(C)OC(C)C;107569-51-7;108-20-3;InChIKey=LRHPLDYGYMQRHN-UHFFFAOYSA-N;InChIKey=ZAFNJMIOTHYJRJ-UHFFFAOYSA-N;1-butanol__1-methyl-1-(1-methylethoxy)ethane;0.558;303.15;101.0;0.3608;0.007216
586269;j.fluid.2010.08.024;1-butanol;isopropyl ether;CCCCO;CC(C)OC(C)C;107569-51-7;108-20-3;InChIKey=LRHPLDYGYMQRHN-UHFFFAOYSA-N;InChIKey=ZAFNJMIOTHYJRJ-UHFFFAOYSA-N;1-butanol__1-methyl-1-(1-methylethoxy)ethane;0.646;303.15;101.0;0.3769;0.007538
586270;j.fluid.2010.08.024;1-butanol;isopropyl ether;CCCCO;CC(C)OC(C)C;107569-51-7;108-20-3;InChIKey=LRHPLDYGYMQRHN-UHFFFAOYSA-N;InChIKey=ZAFNJMIOTHYJRJ-UHFFFAOYSA-N;1-butanol__1-methyl-1-(1-methylethoxy)ethane;0.71;303.15;101.0;0.3875;0.00775
586271;j.fluid.2010.08.024;1-butanol;isopropyl ether;CCCCO;CC(C)OC(C)C;107569-51-7;108-20-3;InChIKey=LRHPLDYGYMQRHN-UHFFFAOYSA-N;InChIKey=ZAFNJMIOTHYJRJ-UHFFFAOYSA-N;1-butanol__1-methyl-1-(1-methylethoxy)ethane;0.772;303.15;101.0;0.3792;0.007584
586272;j.fluid.2010.08.024;1-butanol;isopropyl ether;CCCCO;CC(C)OC(C)C;107569-51-7;108-20-3;InChIKey=LRHPLDYGYMQRHN-UHFFFAOYSA-N;InChIKey=ZAFNJMIOTHYJRJ-UHFFFAOYSA-N;1-butanol__1-methyl-1-(1-methylethoxy)ethane;0.842;303.15;101.0;0.3218;0.006436
586273;j.fluid.2010.08.024;1-butanol;isopropyl ether;CCCCO;CC(C)OC(C)C;107569-51-7;108-20-3;InChIKey=LRHPLDYGYMQRHN-UHFFFAOYSA-N;InChIKey=ZAFNJMIOTHYJRJ-UHFFFAOYSA-N;1-butanol__1-methyl-1-(1-methylethoxy)ethane;0.5;303.15;101.0;0.3266;0.009798
586328;j.fluid.2010.08.024;isopropyl ether;heptane;CC(C)OC(C)C;CCCCCCC;108-20-3;142-82-5;InChIKey=ZAFNJMIOTHYJRJ-UHFFFAOYSA-N;InChIKey=IMNFDUFMRHMDMM-UHFFFAOYSA-N;1-methyl-1-(1-methylethoxy)ethane__heptane;0.5;303.15;101.0;0.2564;0.007692
586329;j.fluid.2010.08.024;isopropyl ether;heptane;CC(C)OC(C)C;CCCCCCC;108-20-3;142-82-5;InChIKey=ZAFNJMIOTHYJRJ-UHFFFAOYSA-N;InChIKey=IMNFDUFMRHMDMM-UHFFFAOYSA-N;1-methyl-1-(1-methylethoxy)ethane__heptane;0.089;303.15;101.0;0.0844;0.002532
586330;j.fluid.2010.08.024;isopropyl ether;heptane;CC(C)OC(C)C;CCCCCCC;108-20-3;142-82-5;InChIKey=ZAFNJMIOTHYJRJ-UHFFFAOYSA-N;InChIKey=IMNFDUFMRHMDMM-UHFFFAOYSA-N;1-methyl-1-(1-methylethoxy)ethane__heptane;0.167;303.15;101.0;0.1443;0.004329
586331;j.fluid.2010.08.024;isopropyl ether;heptane;CC(C)OC(C)C;CCCCCCC;108-20-3;142-82-5;InChIKey=ZAFNJMIOTHYJRJ-UHFFFAOYSA-N;InChIKey=IMNFDUFMRHMDMM-UHFFFAOYSA-N;1-methyl-1-(1-methylethoxy)ethane__heptane;0.248;303.15;101.0;0.1922;0.005766
586332;j.fluid.2010.08.024;isopropyl ether;heptane;CC(C)OC(C)C;CCCCCCC;108-20-3;142-82-5;InChIKey=ZAFNJMIOTHYJRJ-UHFFFAOYSA-N;InChIKey=IMNFDUFMRHMDMM-UHFFFAOYSA-N;1-methyl-1-(1-methylethoxy)ethane__heptane;0.304;303.15;101.0;0.2187;0.006561
586333;j.fluid.2010.08.024;isopropyl ether;heptane;CC(C)OC(C)C;CCCCCCC;108-20-3;142-82-5;InChIKey=ZAFNJMIOTHYJRJ-UHFFFAOYSA-N;InChIKey=IMNFDUFMRHMDMM-UHFFFAOYSA-N;1-methyl-1-(1-methylethoxy)ethane__heptane;0.39;303.15;101.0;0.2456;0.007368
586334;j.fluid.2010.08.024;isopropyl ether;heptane;CC(C)OC(C)C;CCCCCCC;108-20-3;142-82-5;InChIKey=ZAFNJMIOTHYJRJ-UHFFFAOYSA-N;InChIKey=IMNFDUFMRHMDMM-UHFFFAOYSA-N;1-methyl-1-(1-methylethoxy)ethane__heptane;0.497;303.15;101.0;0.2559;0.007677
586335;j.fluid.2010.08.024;isopropyl ether;heptane;CC(C)OC(C)C;CCCCCCC;108-20-3;142-82-5;InChIKey=ZAFNJMIOTHYJRJ-UHFFFAOYSA-N;InChIKey=IMNFDUFMRHMDMM-UHFFFAOYSA-N;1-methyl-1-(1-methylethoxy)ethane__heptane;0.584;303.15;101.0;0.2486;0.007458
586336;j.fluid.2010.08.024;isopropyl ether;heptane;CC(C)OC(C)C;CCCCCCC;108-20-3;142-82-5;InChIKey=ZAFNJMIOTHYJRJ-UHFFFAOYSA-N;InChIKey=IMNFDUFMRHMDMM-UHFFFAOYSA-N;1-methyl-1-(1-methylethoxy)ethane__heptane;0.694;303.15;101.0;0.2173;0.006519
586337;j.fluid.2010.08.024;isopropyl ether;heptane;CC(C)OC(C)C;CCCCCCC;108-20-3;142-82-5;InChIKey=ZAFNJMIOTHYJRJ-UHFFFAOYSA-N;InChIKey=IMNFDUFMRHMDMM-UHFFFAOYSA-N;1-methyl-1-(1-methylethoxy)ethane__heptane;0.779;303.15;101.0;0.1753;0.005259
586338;j.fluid.2010.08.024;isopropyl ether;heptane;CC(C)OC(C)C;CCCCCCC;108-20-3;142-82-5;InChIKey=ZAFNJMIOTHYJRJ-UHFFFAOYSA-N;InChIKey=IMNFDUFMRHMDMM-UHFFFAOYSA-N;1-methyl-1-(1-methylethoxy)ethane__heptane;0.865;303.15;101.0;0.12;0.0036
586339;j.fluid.2010.08.024;isopropyl ether;heptane;CC(C)OC(C)C;CCCCCCC;108-20-3;142-82-5;InChIKey=ZAFNJMIOTHYJRJ-UHFFFAOYSA-N;InChIKey=IMNFDUFMRHMDMM-UHFFFAOYSA-N;1-methyl-1-(1-methylethoxy)ethane__heptane;0.911;303.15;101.0;0.0837;0.002511
609478;j.fluid.2011.11.005;1-butanol;2,2,4-trimethylpentane;CCCCO;CC(C)CC(C)(C)C;107569-51-7;31921-36-5;InChIKey=LRHPLDYGYMQRHN-UHFFFAOYSA-N;InChIKey=NHTMVDHEPJAVLT-UHFFFAOYSA-N;1-butanol__2,2,4-trimethylpentane;0.0502;313.15;101.0;0.1049;0.001049
609479;j.fluid.2011.11.005;1-butanol;2,2,4-trimethylpentane;CCCCO;CC(C)CC(C)(C)C;107569-51-7;31921-36-5;InChIKey=LRHPLDYGYMQRHN-UHFFFAOYSA-N;InChIKey=NHTMVDHEPJAVLT-UHFFFAOYSA-N;1-butanol__2,2,4-trimethylpentane;0.1001;313.15;101.0;0.2036;0.002036
609480;j.fluid.2011.11.005;1-butanol;2,2,4-trimethylpentane;CCCCO;CC(C)CC(C)(C)C;107569-51-7;31921-36-5;InChIKey=LRHPLDYGYMQRHN-UHFFFAOYSA-N;InChIKey=NHTMVDHEPJAVLT-UHFFFAOYSA-N;1-butanol__2,2,4-trimethylpentane;0.1505;313.15;101.0;0.3013;0.003013
609481;j.fluid.2011.11.005;1-butanol;2,2,4-trimethylpentane;CCCCO;CC(C)CC(C)(C)C;107569-51-7;31921-36-5;InChIKey=LRHPLDYGYMQRHN-UHFFFAOYSA-N;InChIKey=NHTMVDHEPJAVLT-UHFFFAOYSA-N;1-butanol__2,2,4-trimethylpentane;0.2003;313.15;101.0;0.3928;0.003928
609482;j.fluid.2011.11.005;1-butanol;2,2,4-trimethylpentane;CCCCO;CC(C)CC(C)(C)C;107569-51-7;31921-36-5;InChIKey=LRHPLDYGYMQRHN-UHFFFAOYSA-N;InChIKey=NHTMVDHEPJAVLT-UHFFFAOYSA-N;1-butanol__2,2,4-trimethylpentane;0.2505;313.15;101.0;0.4803;0.004803
609483;j.fluid.2011.11.005;1-butanol;2,2,4-trimethylpentane;CCCCO;CC(C)CC(C)(C)C;107569-51-7;31921-36-5;InChIKey=LRHPLDYGYMQRHN-UHFFFAOYSA-N;InChIKey=NHTMVDHEPJAVLT-UHFFFAOYSA-N;1-butanol__2,2,4-trimethylpentane;0.3001;313.15;101.0;0.5599;0.005599
609484;j.fluid.2011.11.005;1-butanol;2,2,4-trimethylpentane;CCCCO;CC(C)CC(C)(C)C;107569-51-7;31921-36-5;InChIKey=LRHPLDYGYMQRHN-UHFFFAOYSA-N;InChIKey=NHTMVDHEPJAVLT-UHFFFAOYSA-N;1-butanol__2,2,4-trimethylpentane;0.3504;313.15;101.0;0.6347;0.006347
609485;j.fluid.2011.11.005;1-butanol;2,2,4-trimethylpentane;CCCCO;CC(C)CC(C)(C)C;107569-51-7;31921-36-5;InChIKey=LRHPLDYGYMQRHN-UHFFFAOYSA-N;InChIKey=NHTMVDHEPJAVLT-UHFFFAOYSA-N;1-butanol__2,2,4-trimethylpentane;0.4001;313.15;101.0;0.7006;0.007006
609486;j.fluid.2011.11.005;1-butanol;2,2,4-trimethylpentane;CCCCO;CC(C)CC(C)(C)C;107569-51-7;31921-36-5;InChIKey=LRHPLDYGYMQRHN-UHFFFAOYSA-N;InChIKey=NHTMVDHEPJAVLT-UHFFFAOYSA-N;1-butanol__2,2,4-trimethylpentane;0.4499;313.15;101.0;0.7567;0.007567
609487;j.fluid.2011.11.005;1-butanol;2,2,4-trimethylpentane;CCCCO;CC(C)CC(C)(C)C;107569-51-7;31921-36-5;InChIKey=LRHPLDYGYMQRHN-UHFFFAOYSA-N;InChIKey=NHTMVDHEPJAVLT-UHFFFAOYSA-N;1-butanol__2,2,4-trimethylpentane;0.5008;313.15;101.0;0.8024;0.008024
609488;j.fluid.2011.11.005;1-butanol;2,2,4-trimethylpentane;CCCCO;CC(C)CC(C)(C)C;107569-51-7;31921-36-5;InChIKey=LRHPLDYGYMQRHN-UHFFFAOYSA-N;InChIKey=NHTMVDHEPJAVLT-UHFFFAOYSA-N;1-butanol__2,2,4-trimethylpentane;0.5501;313.15;101.0;0.8372;0.008372
609489;j.fluid.2011.11.005;1-butanol;2,2,4-trimethylpentane;CCCCO;CC(C)CC(C)(C)C;107569-51-7;31921-36-5;InChIKey=LRHPLDYGYMQRHN-UHFFFAOYSA-N;InChIKey=NHTMVDHEPJAVLT-UHFFFAOYSA-N;1-butanol__2,2,4-trimethylpentane;0.5999;313.15;101.0;0.8594;0.008594
609490;j.fluid.2011.11.005;1-butanol;2,2,4-trimethylpentane;CCCCO;CC(C)CC(C)(C)C;107569-51-7;31921-36-5;InChIKey=LRHPLDYGYMQRHN-UHFFFAOYSA-N;InChIKey=NHTMVDHEPJAVLT-UHFFFAOYSA-N;1-butanol__2,2,4-trimethylpentane;0.6498;313.15;101.0;0.8669;0.008669
609491;j.fluid.2011.11.005;1-butanol;2,2,4-trimethylpentane;CCCCO;CC(C)CC(C)(C)C;107569-51-7;31921-36-5;InChIKey=LRHPLDYGYMQRHN-UHFFFAOYSA-N;InChIKey=NHTMVDHEPJAVLT-UHFFFAOYSA-N;1-butanol__2,2,4-trimethylpentane;0.7;313.15;101.0;0.8618;0.008618
609492;j.fluid.2011.11.005;1-butanol;2,2,4-trimethylpentane;CCCCO;CC(C)CC(C)(C)C;107569-51-7;31921-36-5;InChIKey=LRHPLDYGYMQRHN-UHFFFAOYSA-N;InChIKey=NHTMVDHEPJAVLT-UHFFFAOYSA-N;1-butanol__2,2,4-trimethylpentane;0.75;313.15;101.0;0.841;0.00841
609493;j.fluid.2011.11.005;1-butanol;2,2,4-trimethylpentane;CCCCO;CC(C)CC(C)(C)C;107569-51-7;31921-36-5;InChIKey=LRHPLDYGYMQRHN-UHFFFAOYSA-N;InChIKey=NHTMVDHEPJAVLT-UHFFFAOYSA-N;1-butanol__2,2,4-trimethylpentane;0.7996;313.15;101.0;0.8058;0.008058
609494;j.fluid.2011.11.005;1-butanol;2,2,4-trimethylpentane;CCCCO;CC(C)CC(C)(C)C;107569-51-7;31921-36-5;InChIKey=LRHPLDYGYMQRHN-UHFFFAOYSA-N;InChIKey=NHTMVDHEPJAVLT-UHFFFAOYSA-N;1-butanol__2,2,4-trimethylpentane;0.8502;313.15;101.0;0.7501;0.007501
609495;j.fluid.2011.11.005;1-butanol;2,2,4-trimethylpentane;CCCCO;CC(C)CC(C)(C)C;107569-51-7;31921-36-5;InChIKey=LRHPLDYGYMQRHN-UHFFFAOYSA-N;InChIKey=NHTMVDHEPJAVLT-UHFFFAOYSA-N;1-butanol__2,2,4-trimethylpentane;0.9001;313.15;101.0;0.6672;0.006672
609496;j.fluid.2011.11.005;1-butanol;2,2,4-trimethylpentane;CCCCO;CC(C)CC(C)(C)C;107569-51-7;31921-36-5;InChIKey=LRHPLDYGYMQRHN-UHFFFAOYSA-N;InChIKey=NHTMVDHEPJAVLT-UHFFFAOYSA-N;1-butanol__2,2,4-trimethylpentane;0.9506;313.15;101.0;0.5226;0.005226
675545;j.fluid.2014.05.031;ethanol;water;CCO;O;121182-78-3;14314-42-2;InChIKey=LFQSCWFLJHTTHZ-UHFFFAOYSA-N;InChIKey=XLYOFNOQVPJJNP-UHFFFAOYSA-N;ethanol__water;0.0079;333.15;1824.0;-0.0399;0.002
675546;j.fluid.2014.05.031;ethanol;water;CCO;O;121182-78-3;14314-42-2;InChIKey=LFQSCWFLJHTTHZ-UHFFFAOYSA-N;InChIKey=XLYOFNOQVPJJNP-UHFFFAOYSA-N;ethanol__water;0.016;333.15;1824.0;-0.0795;0.002
675547;j.fluid.2014.05.031;ethanol;water;CCO;O;121182-78-3;14314-42-2;InChIKey=LFQSCWFLJHTTHZ-UHFFFAOYSA-N;InChIKey=XLYOFNOQVPJJNP-UHFFFAOYSA-N;ethanol__water;0.0333;333.15;1824.0;-0.155;0.002
675548;j.fluid.2014.05.031;ethanol;water;CCO;O;121182-78-3;14314-42-2;InChIKey=LFQSCWFLJHTTHZ-UHFFFAOYSA-N;InChIKey=XLYOFNOQVPJJNP-UHFFFAOYSA-N;ethanol__water;0.0519;333.15;1824.0;-0.217;0.002
675549;j.fluid.2014.05.031;ethanol;water;CCO;O;121182-78-3;14314-42-2;InChIKey=LFQSCWFLJHTTHZ-UHFFFAOYSA-N;InChIKey=XLYOFNOQVPJJNP-UHFFFAOYSA-N;ethanol__water;0.0719;333.15;1824.0;-0.266;0.002
675550;j.fluid.2014.05.031;ethanol;water;CCO;O;121182-78-3;14314-42-2;InChIKey=LFQSCWFLJHTTHZ-UHFFFAOYSA-N;InChIKey=XLYOFNOQVPJJNP-UHFFFAOYSA-N;ethanol__water;0.0936;333.15;1824.0;-0.297;0.002
675551;j.fluid.2014.05.031;ethanol;water;CCO;O;121182-78-3;14314-42-2;InChIKey=LFQSCWFLJHTTHZ-UHFFFAOYSA-N;InChIKey=XLYOFNOQVPJJNP-UHFFFAOYSA-N;ethanol__water;0.1172;333.15;1824.0;-0.308;0.002
675552;j.fluid.2014.05.031;ethanol;water;CCO;O;121182-78-3;14314-42-2;InChIKey=LFQSCWFLJHTTHZ-UHFFFAOYSA-N;InChIKey=XLYOFNOQVPJJNP-UHFFFAOYSA-N;ethanol__water;0.143;333.15;1824.0;-0.306;0.002
675553;j.fluid.2014.05.031;ethanol;water;CCO;O;121182-78-3;14314-42-2;InChIKey=LFQSCWFLJHTTHZ-UHFFFAOYSA-N;InChIKey=XLYOFNOQVPJJNP-UHFFFAOYSA-N;ethanol__water;0.1712;333.15;1824.0;-0.288;0.002
675554;j.fluid.2014.05.031;ethanol;water;CCO;O;121182-78-3;14314-42-2;InChIKey=LFQSCWFLJHTTHZ-UHFFFAOYSA-N;InChIKey=XLYOFNOQVPJJNP-UHFFFAOYSA-N;ethanol__water;0.2023;333.15;1824.0;-0.259;0.002
675555;j.fluid.2014.05.031;ethanol;water;CCO;O;121182-78-3;14314-42-2;InChIKey=LFQSCWFLJHTTHZ-UHFFFAOYSA-N;InChIKey=XLYOFNOQVPJJNP-UHFFFAOYSA-N;ethanol__water;0.2366;333.15;1824.0;-0.231;0.002
675556;j.fluid.2014.05.031;ethanol;water;CCO;O;121182-78-3;14314-42-2;InChIKey=LFQSCWFLJHTTHZ-UHFFFAOYSA-N;InChIKey=XLYOFNOQVPJJNP-UHFFFAOYSA-N;ethanol__water;0.2747;333.15;1824.0;-0.19;0.002
675557;j.fluid.2014.05.031;ethanol;water;CCO;O;121182-78-3;14314-42-2;InChIKey=LFQSCWFLJHTTHZ-UHFFFAOYSA-N;InChIKey=XLYOFNOQVPJJNP-UHFFFAOYSA-N;ethanol__water;0.3173;333.15;1824.0;-0.147;0.002
675558;j.fluid.2014.05.031;ethanol;water;CCO;O;121182-78-3;14314-42-2;InChIKey=LFQSCWFLJHTTHZ-UHFFFAOYSA-N;InChIKey=XLYOFNOQVPJJNP-UHFFFAOYSA-N;ethanol__water;0.3653;333.15;1824.0;-0.101;0.002
675559;j.fluid.2014.05.031;ethanol;water;CCO;O;121182-78-3;14314-42-2;InChIKey=LFQSCWFLJHTTHZ-UHFFFAOYSA-N;InChIKey=XLYOFNOQVPJJNP-UHFFFAOYSA-N;ethanol__water;0.4196;333.15;1824.0;-0.0523;0.002
675560;j.fluid.2014.05.031;ethanol;water;CCO;O;121182-78-3;14314-42-2;InChIKey=LFQSCWFLJHTTHZ-UHFFFAOYSA-N;InChIKey=XLYOFNOQVPJJNP-UHFFFAOYSA-N;ethanol__water;0.4818;333.15;1824.0;-0.0073;0.002
675561;j.fluid.2014.05.031;ethanol;water;CCO;O;121182-78-3;14314-42-2;InChIKey=LFQSCWFLJHTTHZ-UHFFFAOYSA-N;InChIKey=XLYOFNOQVPJJNP-UHFFFAOYSA-N;ethanol__water;0.5535;333.15;1824.0;0.0274;0.002
675562;j.fluid.2014.05.031;ethanol;water;CCO;O;121182-78-3;14314-42-2;InChIKey=LFQSCWFLJHTTHZ-UHFFFAOYSA-N;InChIKey=XLYOFNOQVPJJNP-UHFFFAOYSA-N;ethanol__water;0.6372;333.15;1824.0;0.0418;0.002
675563;j.fluid.2014.05.031;ethanol;water;CCO;O;121182-78-3;14314-42-2;InChIKey=LFQSCWFLJHTTHZ-UHFFFAOYSA-N;InChIKey=XLYOFNOQVPJJNP-UHFFFAOYSA-N;ethanol__water;0.7361;333.15;1824.0;0.0312;0.002
675564;j.fluid.2014.05.031;ethanol;water;CCO;O;121182-78-3;14314-42-2;InChIKey=LFQSCWFLJHTTHZ-UHFFFAOYSA-N;InChIKey=XLYOFNOQVPJJNP-UHFFFAOYSA-N;ethanol__water;0.8548;333.15;1824.0;0.0006;0.002
675565;j.fluid.2014.05.031;ethanol;water;CCO;O;121182-78-3;14314-42-2;InChIKey=LFQSCWFLJHTTHZ-UHFFFAOYSA-N;InChIKey=XLYOFNOQVPJJNP-UHFFFAOYSA-N;ethanol__water;0.9236;333.15;1824.0;-0.0155;0.002
675566;j.fluid.2014.05.031;ethanol;water;CCO;O;121182-78-3;14314-42-2;InChIKey=LFQSCWFLJHTTHZ-UHFFFAOYSA-N;InChIKey=XLYOFNOQVPJJNP-UHFFFAOYSA-N;ethanol__water;0.9608;333.15;1824.0;-0.0121;0.002
675567;j.fluid.2014.05.031;ethanol;water;CCO;O;121182-78-3;14314-42-2;InChIKey=LFQSCWFLJHTTHZ-UHFFFAOYSA-N;InChIKey=XLYOFNOQVPJJNP-UHFFFAOYSA-N;ethanol__water;0.0079;363.15;1203.0;-0.0112;0.002
675568;j.fluid.2014.05.031;ethanol;water;CCO;O;121182-78-3;14314-42-2;InChIKey=LFQSCWFLJHTTHZ-UHFFFAOYSA-N;InChIKey=XLYOFNOQVPJJNP-UHFFFAOYSA-N;ethanol__water;0.016;363.15;1203.0;-0.0235;0.002
675569;j.fluid.2014.05.031;ethanol;water;CCO;O;121182-78-3;14314-42-2;InChIKey=LFQSCWFLJHTTHZ-UHFFFAOYSA-N;InChIKey=XLYOFNOQVPJJNP-UHFFFAOYSA-N;ethanol__water;0.0333;363.15;1203.0;-0.0465;0.002
675570;j.fluid.2014.05.031;ethanol;water;CCO;O;121182-78-3;14314-42-2;InChIKey=LFQSCWFLJHTTHZ-UHFFFAOYSA-N;InChIKey=XLYOFNOQVPJJNP-UHFFFAOYSA-N;ethanol__water;0.0518;363.15;1203.0;-0.0592;0.002
675571;j.fluid.2014.05.031;ethanol;water;CCO;O;121182-78-3;14314-42-2;InChIKey=LFQSCWFLJHTTHZ-UHFFFAOYSA-N;InChIKey=XLYOFNOQVPJJNP-UHFFFAOYSA-N;ethanol__water;0.0719;363.15;1203.0;-0.0586;0.002
675572;j.fluid.2014.05.031;ethanol;water;CCO;O;121182-78-3;14314-42-2;InChIKey=LFQSCWFLJHTTHZ-UHFFFAOYSA-N;InChIKey=XLYOFNOQVPJJNP-UHFFFAOYSA-N;ethanol__water;0.0936;363.15;1203.0;-0.0453;0.002
675573;j.fluid.2014.05.031;ethanol;water;CCO;O;121182-78-3;14314-42-2;InChIKey=LFQSCWFLJHTTHZ-UHFFFAOYSA-N;InChIKey=XLYOFNOQVPJJNP-UHFFFAOYSA-N;ethanol__water;0.1172;363.15;1203.0;-0.0202;0.002
675574;j.fluid.2014.05.031;ethanol;water;CCO;O;121182-78-3;14314-42-2;InChIKey=LFQSCWFLJHTTHZ-UHFFFAOYSA-N;InChIKey=XLYOFNOQVPJJNP-UHFFFAOYSA-N;ethanol__water;0.143;363.15;1203.0;0.0157;0.002
675575;j.fluid.2014.05.031;ethanol;water;CCO;O;121182-78-3;14314-42-2;InChIKey=LFQSCWFLJHTTHZ-UHFFFAOYSA-N;InChIKey=XLYOFNOQVPJJNP-UHFFFAOYSA-N;ethanol__water;0.1712;363.15;1203.0;0.0549;0.002
675576;j.fluid.2014.05.031;ethanol;water;CCO;O;121182-78-3;14314-42-2;InChIKey=LFQSCWFLJHTTHZ-UHFFFAOYSA-N;InChIKey=XLYOFNOQVPJJNP-UHFFFAOYSA-N;ethanol__water;0.2022;363.15;1203.0;0.0991;0.002
675577;j.fluid.2014.05.031;ethanol;water;CCO;O;121182-78-3;14314-42-2;InChIKey=LFQSCWFLJHTTHZ-UHFFFAOYSA-N;InChIKey=XLYOFNOQVPJJNP-UHFFFAOYSA-N;ethanol__water;0.2365;363.15;1203.0;0.144;0.002
675578;j.fluid.2014.05.031;ethanol;water;CCO;O;121182-78-3;14314-42-2;InChIKey=LFQSCWFLJHTTHZ-UHFFFAOYSA-N;InChIKey=XLYOFNOQVPJJNP-UHFFFAOYSA-N;ethanol__water;0.2746;363.15;1203.0;0.191;0.002
675579;j.fluid.2014.05.031;ethanol;water;CCO;O;121182-78-3;14314-42-2;InChIKey=LFQSCWFLJHTTHZ-UHFFFAOYSA-N;InChIKey=XLYOFNOQVPJJNP-UHFFFAOYSA-N;ethanol__water;0.3173;363.15;1203.0;0.241;0.002
675580;j.fluid.2014.05.031;ethanol;water;CCO;O;121182-78-3;14314-42-2;InChIKey=LFQSCWFLJHTTHZ-UHFFFAOYSA-N;InChIKey=XLYOFNOQVPJJNP-UHFFFAOYSA-N;ethanol__water;0.3652;363.15;1203.0;0.288;0.002
675581;j.fluid.2014.05.031;ethanol;water;CCO;O;121182-78-3;14314-42-2;InChIKey=LFQSCWFLJHTTHZ-UHFFFAOYSA-N;InChIKey=XLYOFNOQVPJJNP-UHFFFAOYSA-N;ethanol__water;0.4196;363.15;1203.0;0.332;0.002
675582;j.fluid.2014.05.031;ethanol;water;CCO;O;121182-78-3;14314-42-2;InChIKey=LFQSCWFLJHTTHZ-UHFFFAOYSA-N;InChIKey=XLYOFNOQVPJJNP-UHFFFAOYSA-N;ethanol__water;0.4817;363.15;1203.0;0.359;0.002
675583;j.fluid.2014.05.031;ethanol;water;CCO;O;121182-78-3;14314-42-2;InChIKey=LFQSCWFLJHTTHZ-UHFFFAOYSA-N;InChIKey=XLYOFNOQVPJJNP-UHFFFAOYSA-N;ethanol__water;0.5534;363.15;1203.0;0.366;0.002
675584;j.fluid.2014.05.031;ethanol;water;CCO;O;121182-78-3;14314-42-2;InChIKey=LFQSCWFLJHTTHZ-UHFFFAOYSA-N;InChIKey=XLYOFNOQVPJJNP-UHFFFAOYSA-N;ethanol__water;0.6371;363.15;1203.0;0.34;0.002
675585;j.fluid.2014.05.031;ethanol;water;CCO;O;121182-78-3;14314-42-2;InChIKey=LFQSCWFLJHTTHZ-UHFFFAOYSA-N;InChIKey=XLYOFNOQVPJJNP-UHFFFAOYSA-N;ethanol__water;0.736;363.15;1203.0;0.268;0.002
675586;j.fluid.2014.05.031;ethanol;water;CCO;O;121182-78-3;14314-42-2;InChIKey=LFQSCWFLJHTTHZ-UHFFFAOYSA-N;InChIKey=XLYOFNOQVPJJNP-UHFFFAOYSA-N;ethanol__water;0.8548;363.15;1203.0;0.147;0.002
675587;j.fluid.2014.05.031;ethanol;water;CCO;O;121182-78-3;14314-42-2;InChIKey=LFQSCWFLJHTTHZ-UHFFFAOYSA-N;InChIKey=XLYOFNOQVPJJNP-UHFFFAOYSA-N;ethanol__water;0.9236;363.15;1203.0;0.0752;0.002
675588;j.fluid.2014.05.031;ethanol;water;CCO;O;121182-78-3;14314-42-2;InChIKey=LFQSCWFLJHTTHZ-UHFFFAOYSA-N;InChIKey=XLYOFNOQVPJJNP-UHFFFAOYSA-N;ethanol__water;0.0333;383.15;1500.0;0.012;0.002
675589;j.fluid.2014.05.031;ethanol;water;CCO;O;121182-78-3;14314-42-2;InChIKey=LFQSCWFLJHTTHZ-UHFFFAOYSA-N;InChIKey=XLYOFNOQVPJJNP-UHFFFAOYSA-N;ethanol__water;0.0719;383.15;1500.0;0.0617;0.002
675590;j.fluid.2014.05.031;ethanol;water;CCO;O;121182-78-3;14314-42-2;InChIKey=LFQSCWFLJHTTHZ-UHFFFAOYSA-N;InChIKey=XLYOFNOQVPJJNP-UHFFFAOYSA-N;ethanol__water;0.1172;383.15;1500.0;0.142;0.002
675591;j.fluid.2014.05.031;ethanol;water;CCO;O;121182-78-3;14314-42-2;InChIKey=LFQSCWFLJHTTHZ-UHFFFAOYSA-N;InChIKey=XLYOFNOQVPJJNP-UHFFFAOYSA-N;ethanol__water;0.1712;383.15;1500.0;0.246;0.002
675592;j.fluid.2014.05.031;ethanol;water;CCO;O;121182-78-3;14314-42-2;InChIKey=LFQSCWFLJHTTHZ-UHFFFAOYSA-N;InChIKey=XLYOFNOQVPJJNP-UHFFFAOYSA-N;ethanol__water;0.2365;383.15;1500.0;0.359;0.002
675593;j.fluid.2014.05.031;ethanol;water;CCO;O;121182-78-3;14314-42-2;InChIKey=LFQSCWFLJHTTHZ-UHFFFAOYSA-N;InChIKey=XLYOFNOQVPJJNP-UHFFFAOYSA-N;ethanol__water;0.3173;383.15;1500.0;0.469;0.002
675594;j.fluid.2014.05.031;ethanol;water;CCO;O;121182-78-3;14314-42-2;InChIKey=LFQSCWFLJHTTHZ-UHFFFAOYSA-N;InChIKey=XLYOFNOQVPJJNP-UHFFFAOYSA-N;ethanol__water;0.4196;383.15;1500.0;0.554;0.002
675595;j.fluid.2014.05.031;ethanol;water;CCO;O;121182-78-3;14314-42-2;InChIKey=LFQSCWFLJHTTHZ-UHFFFAOYSA-N;InChIKey=XLYOFNOQVPJJNP-UHFFFAOYSA-N;ethanol__water;0.5534;383.15;1500.0;0.579;0.002
675596;j.fluid.2014.05.031;ethanol;water;CCO;O;121182-78-3;14314-42-2;InChIKey=LFQSCWFLJHTTHZ-UHFFFAOYSA-N;InChIKey=XLYOFNOQVPJJNP-UHFFFAOYSA-N;ethanol__water;0.6371;383.15;1500.0;0.544;0.002
675597;j.fluid.2014.05.031;ethanol;water;CCO;O;121182-78-3;14314-42-2;InChIKey=LFQSCWFLJHTTHZ-UHFFFAOYSA-N;InChIKey=XLYOFNOQVPJJNP-UHFFFAOYSA-N;ethanol__water;0.736;383.15;1500.0;0.445;0.002
675598;j.fluid.2014.05.031;ethanol;water;CCO;O;121182-78-3;14314-42-2;InChIKey=LFQSCWFLJHTTHZ-UHFFFAOYSA-N;InChIKey=XLYOFNOQVPJJNP-UHFFFAOYSA-N;ethanol__water;0.7926;383.15;1500.0;0.371;0.002
675599;j.fluid.2014.05.031;ethanol;water;CCO;O;121182-78-3;14314-42-2;InChIKey=LFQSCWFLJHTTHZ-UHFFFAOYSA-N;InChIKey=XLYOFNOQVPJJNP-UHFFFAOYSA-N;ethanol__water;0.8548;383.15;1500.0;0.27;0.002
675600;j.fluid.2014.05.031;ethanol;water;CCO;O;121182-78-3;14314-42-2;InChIKey=LFQSCWFLJHTTHZ-UHFFFAOYSA-N;InChIKey=XLYOFNOQVPJJNP-UHFFFAOYSA-N;ethanol__water;0.9236;383.15;1500.0;0.146;0.002
1435214;je7005743;ethanol;2,2,4-trimethylpentane;CCO;CC(C)CC(C)(C)C;121182-78-3;31921-36-5;InChIKey=LFQSCWFLJHTTHZ-UHFFFAOYSA-N;InChIKey=NHTMVDHEPJAVLT-UHFFFAOYSA-N;ethanol__2,2,4-trimethylpentane;0.1291;303.15;101.0;0.542853;0.00542853
1435215;je7005743;ethanol;2,2,4-trimethylpentane;CCO;CC(C)CC(C)(C)C;121182-78-3;31921-36-5;InChIKey=LFQSCWFLJHTTHZ-UHFFFAOYSA-N;InChIKey=NHTMVDHEPJAVLT-UHFFFAOYSA-N;ethanol__2,2,4-trimethylpentane;0.2383;303.15;101.0;0.634022;0.00634022
1435216;je7005743;ethanol;2,2,4-trimethylpentane;CCO;CC(C)CC(C)(C)C;121182-78-3;31921-36-5;InChIKey=LFQSCWFLJHTTHZ-UHFFFAOYSA-N;InChIKey=NHTMVDHEPJAVLT-UHFFFAOYSA-N;ethanol__2,2,4-trimethylpentane;0.332;303.15;101.0;0.661968;0.00661968
1435217;je7005743;ethanol;2,2,4-trimethylpentane;CCO;CC(C)CC(C)(C)C;121182-78-3;31921-36-5;InChIKey=LFQSCWFLJHTTHZ-UHFFFAOYSA-N;InChIKey=NHTMVDHEPJAVLT-UHFFFAOYSA-N;ethanol__2,2,4-trimethylpentane;0.4132;303.15;101.0;0.658971;0.00658971
1435218;je7005743;ethanol;2,2,4-trimethylpentane;CCO;CC(C)CC(C)(C)C;121182-78-3;31921-36-5;InChIKey=LFQSCWFLJHTTHZ-UHFFFAOYSA-N;InChIKey=NHTMVDHEPJAVLT-UHFFFAOYSA-N;ethanol__2,2,4-trimethylpentane;0.4842;303.15;101.0;0.638973;0.00638973
1435219;je7005743;ethanol;2,2,4-trimethylpentane;CCO;CC(C)CC(C)(C)C;121182-78-3;31921-36-5;InChIKey=LFQSCWFLJHTTHZ-UHFFFAOYSA-N;InChIKey=NHTMVDHEPJAVLT-UHFFFAOYSA-N;ethanol__2,2,4-trimethylpentane;0.5469;303.15;101.0;0.61139;0.0061139
1435220;je7005743;ethanol;2,2,4-trimethylpentane;CCO;CC(C)CC(C)(C)C;121182-78-3;31921-36-5;InChIKey=LFQSCWFLJHTTHZ-UHFFFAOYSA-N;InChIKey=NHTMVDHEPJAVLT-UHFFFAOYSA-N;ethanol__2,2,4-trimethylpentane;0.6026;303.15;101.0;0.577327;0.00577327
1435221;je7005743;ethanol;2,2,4-trimethylpentane;CCO;CC(C)CC(C)(C)C;121182-78-3;31921-36-5;InChIKey=LFQSCWFLJHTTHZ-UHFFFAOYSA-N;InChIKey=NHTMVDHEPJAVLT-UHFFFAOYSA-N;ethanol__2,2,4-trimethylpentane;0.6525;303.15;101.0;0.541007;0.00541007
1435222;je7005743;ethanol;2,2,4-trimethylpentane;CCO;CC(C)CC(C)(C)C;121182-78-3;31921-36-5;InChIKey=LFQSCWFLJHTTHZ-UHFFFAOYSA-N;InChIKey=NHTMVDHEPJAVLT-UHFFFAOYSA-N;ethanol__2,2,4-trimethylpentane;0.6974;303.15;101.0;0.500502;0.00500502
1435223;je7005743;ethanol;2,2,4-trimethylpentane;CCO;CC(C)CC(C)(C)C;121182-78-3;31921-36-5;InChIKey=LFQSCWFLJHTTHZ-UHFFFAOYSA-N;InChIKey=NHTMVDHEPJAVLT-UHFFFAOYSA-N;ethanol__2,2,4-trimethylpentane;0.738;303.15;101.0;0.46121;0.0046121
1435224;je7005743;ethanol;2,2,4-trimethylpentane;CCO;CC(C)CC(C)(C)C;121182-78-3;31921-36-5;InChIKey=LFQSCWFLJHTTHZ-UHFFFAOYSA-N;InChIKey=NHTMVDHEPJAVLT-UHFFFAOYSA-N;ethanol__2,2,4-trimethylpentane;0.7749;303.15;101.0;0.418262;0.00418262
1435225;je7005743;ethanol;2,2,4-trimethylpentane;CCO;CC(C)CC(C)(C)C;121182-78-3;31921-36-5;InChIKey=LFQSCWFLJHTTHZ-UHFFFAOYSA-N;InChIKey=NHTMVDHEPJAVLT-UHFFFAOYSA-N;ethanol__2,2,4-trimethylpentane;0.8086;303.15;101.0;0.375681;0.00375681
1435226;je7005743;ethanol;2,2,4-trimethylpentane;CCO;CC(C)CC(C)(C)C;121182-78-3;31921-36-5;InChIKey=LFQSCWFLJHTTHZ-UHFFFAOYSA-N;InChIKey=NHTMVDHEPJAVLT-UHFFFAOYSA-N;ethanol__2,2,4-trimethylpentane;0.8395;303.15;101.0;0.333464;0.00333464
1435227;je7005743;ethanol;2,2,4-trimethylpentane;CCO;CC(C)CC(C)(C)C;121182-78-3;31921-36-5;InChIKey=LFQSCWFLJHTTHZ-UHFFFAOYSA-N;InChIKey=NHTMVDHEPJAVLT-UHFFFAOYSA-N;ethanol__2,2,4-trimethylpentane;0.8679;303.15;101.0;0.288602;0.00288602
1435228;je7005743;ethanol;2,2,4-trimethylpentane;CCO;CC(C)CC(C)(C)C;121182-78-3;31921-36-5;InChIKey=LFQSCWFLJHTTHZ-UHFFFAOYSA-N;InChIKey=NHTMVDHEPJAVLT-UHFFFAOYSA-N;ethanol__2,2,4-trimethylpentane;0.8942;303.15;101.0;0.243575;0.00243575
1435229;je7005743;ethanol;2,2,4-trimethylpentane;CCO;CC(C)CC(C)(C)C;121182-78-3;31921-36-5;InChIKey=LFQSCWFLJHTTHZ-UHFFFAOYSA-N;InChIKey=NHTMVDHEPJAVLT-UHFFFAOYSA-N;ethanol__2,2,4-trimethylpentane;0.9185;303.15;101.0;0.197762;0.00197762
1435230;je7005743;ethanol;2,2,4-trimethylpentane;CCO;CC(C)CC(C)(C)C;121182-78-3;31921-36-5;InChIKey=LFQSCWFLJHTTHZ-UHFFFAOYSA-N;InChIKey=NHTMVDHEPJAVLT-UHFFFAOYSA-N;ethanol__2,2,4-trimethylpentane;0.941;303.15;101.0;0.149361;0.00149361
1435231;je7005743;ethanol;2,2,4-trimethylpentane;CCO;CC(C)CC(C)(C)C;121182-78-3;31921-36-5;InChIKey=LFQSCWFLJHTTHZ-UHFFFAOYSA-N;InChIKey=NHTMVDHEPJAVLT-UHFFFAOYSA-N;ethanol__2,2,4-trimethylpentane;0.962;303.15;101.0;0.100528;0.00100528
1435232;je7005743;ethanol;2,2,4-trimethylpentane;CCO;CC(C)CC(C)(C)C;121182-78-3;31921-36-5;InChIKey=LFQSCWFLJHTTHZ-UHFFFAOYSA-N;InChIKey=NHTMVDHEPJAVLT-UHFFFAOYSA-N;ethanol__2,2,4-trimethylpentane;0.9817;303.15;101.0;0.050063;0.00050063
1545126;je9001416;ethanol;isopropyl ether;CCO;CC(C)OC(C)C;121182-78-3;108-20-3;InChIKey=LFQSCWFLJHTTHZ-UHFFFAOYSA-N;InChIKey=ZAFNJMIOTHYJRJ-UHFFFAOYSA-N;ethanol__isopropyl ether;0.0212;303.15;101.0;0.010048;0.00010048
1545127;je9001416;ethanol;isopropyl ether;CCO;CC(C)OC(C)C;121182-78-3;108-20-3;InChIKey=LFQSCWFLJHTTHZ-UHFFFAOYSA-N;InChIKey=ZAFNJMIOTHYJRJ-UHFFFAOYSA-N;ethanol__isopropyl ether;0.0437;303.15;101.0;0.021906;0.00021906
1545128;je9001416;ethanol;isopropyl ether;CCO;CC(C)OC(C)C;121182-78-3;108-20-3;InChIKey=LFQSCWFLJHTTHZ-UHFFFAOYSA-N;InChIKey=ZAFNJMIOTHYJRJ-UHFFFAOYSA-N;ethanol__isopropyl ether;0.0676;303.15;101.0;0.037741;0.00037741
1545129;je9001416;ethanol;isopropyl ether;CCO;CC(C)OC(C)C;121182-78-3;108-20-3;InChIKey=LFQSCWFLJHTTHZ-UHFFFAOYSA-N;InChIKey=ZAFNJMIOTHYJRJ-UHFFFAOYSA-N;ethanol__isopropyl ether;0.0931;303.15;101.0;0.057098;0.00057098
1545130;je9001416;ethanol;isopropyl ether;CCO;CC(C)OC(C)C;121182-78-3;108-20-3;InChIKey=LFQSCWFLJHTTHZ-UHFFFAOYSA-N;InChIKey=ZAFNJMIOTHYJRJ-UHFFFAOYSA-N;ethanol__isopropyl ether;0.1204;303.15;101.0;0.079274;0.00079274
1545131;je9001416;ethanol;isopropyl ether;CCO;CC(C)OC(C)C;121182-78-3;108-20-3;InChIKey=LFQSCWFLJHTTHZ-UHFFFAOYSA-N;InChIKey=ZAFNJMIOTHYJRJ-UHFFFAOYSA-N;ethanol__isopropyl ether;0.1497;303.15;101.0;0.105006;0.00105006
1545132;je9001416;ethanol;isopropyl ether;CCO;CC(C)OC(C)C;121182-78-3;108-20-3;InChIKey=LFQSCWFLJHTTHZ-UHFFFAOYSA-N;InChIKey=ZAFNJMIOTHYJRJ-UHFFFAOYSA-N;ethanol__isopropyl ether;0.1811;303.15;101.0;0.134259;0.00134259
1545133;je9001416;ethanol;isopropyl ether;CCO;CC(C)OC(C)C;121182-78-3;108-20-3;InChIKey=LFQSCWFLJHTTHZ-UHFFFAOYSA-N;InChIKey=ZAFNJMIOTHYJRJ-UHFFFAOYSA-N;ethanol__isopropyl ether;0.215;303.15;101.0;0.16678;0.0016678
1545134;je9001416;ethanol;isopropyl ether;CCO;CC(C)OC(C)C;121182-78-3;108-20-3;InChIKey=LFQSCWFLJHTTHZ-UHFFFAOYSA-N;InChIKey=ZAFNJMIOTHYJRJ-UHFFFAOYSA-N;ethanol__isopropyl ether;0.2516;303.15;101.0;0.201984;0.00201984
1545135;je9001416;ethanol;isopropyl ether;CCO;CC(C)OC(C)C;121182-78-3;108-20-3;InChIKey=LFQSCWFLJHTTHZ-UHFFFAOYSA-N;InChIKey=ZAFNJMIOTHYJRJ-UHFFFAOYSA-N;ethanol__isopropyl ether;0.2912;303.15;101.0;0.240109;0.00240109
1545136;je9001416;ethanol;isopropyl ether;CCO;CC(C)OC(C)C;121182-78-3;108-20-3;InChIKey=LFQSCWFLJHTTHZ-UHFFFAOYSA-N;InChIKey=ZAFNJMIOTHYJRJ-UHFFFAOYSA-N;ethanol__isopropyl ether;0.3343;303.15;101.0;0.276573;0.00276573
1545137;je9001416;ethanol;isopropyl ether;CCO;CC(C)OC(C)C;121182-78-3;108-20-3;InChIKey=LFQSCWFLJHTTHZ-UHFFFAOYSA-N;InChIKey=ZAFNJMIOTHYJRJ-UHFFFAOYSA-N;ethanol__isopropyl ether;0.3813;303.15;101.0;0.318279;0.00318279
1545138;je9001416;ethanol;isopropyl ether;CCO;CC(C)OC(C)C;121182-78-3;108-20-3;InChIKey=LFQSCWFLJHTTHZ-UHFFFAOYSA-N;InChIKey=ZAFNJMIOTHYJRJ-UHFFFAOYSA-N;ethanol__isopropyl ether;0.4328;303.15;101.0;0.359941;0.00359941
1545139;je9001416;ethanol;isopropyl ether;CCO;CC(C)OC(C)C;121182-78-3;108-20-3;InChIKey=LFQSCWFLJHTTHZ-UHFFFAOYSA-N;InChIKey=ZAFNJMIOTHYJRJ-UHFFFAOYSA-N;ethanol__isopropyl ether;0.4894;303.15;101.0;0.400777;0.00400777
1545140;je9001416;ethanol;isopropyl ether;CCO;CC(C)OC(C)C;121182-78-3;108-20-3;InChIKey=LFQSCWFLJHTTHZ-UHFFFAOYSA-N;InChIKey=ZAFNJMIOTHYJRJ-UHFFFAOYSA-N;ethanol__isopropyl ether;0.5521;303.15;101.0;0.43413;0.0043413
1545141;je9001416;ethanol;isopropyl ether;CCO;CC(C)OC(C)C;121182-78-3;108-20-3;InChIKey=LFQSCWFLJHTTHZ-UHFFFAOYSA-N;InChIKey=ZAFNJMIOTHYJRJ-UHFFFAOYSA-N;ethanol__isopropyl ether;0.6217;303.15;101.0;0.460345;0.00460345
1545142;je9001416;ethanol;isopropyl ether;CCO;CC(C)OC(C)C;121182-78-3;108-20-3;InChIKey=LFQSCWFLJHTTHZ-UHFFFAOYSA-N;InChIKey=ZAFNJMIOTHYJRJ-UHFFFAOYSA-N;ethanol__isopropyl ether;0.6995;303.15;101.0;0.470996;0.00470996
1545143;je9001416;ethanol;isopropyl ether;CCO;CC(C)OC(C)C;121182-78-3;108-20-3;InChIKey=LFQSCWFLJHTTHZ-UHFFFAOYSA-N;InChIKey=ZAFNJMIOTHYJRJ-UHFFFAOYSA-N;ethanol__isopropyl ether;0.7871;303.15;101.0;0.441139;0.00441139
1545144;je9001416;ethanol;isopropyl ether;CCO;CC(C)OC(C)C;121182-78-3;108-20-3;InChIKey=LFQSCWFLJHTTHZ-UHFFFAOYSA-N;InChIKey=ZAFNJMIOTHYJRJ-UHFFFAOYSA-N;ethanol__isopropyl ether;0.8864;303.15;101.0;0.327487;0.00327487
1545193;je9001416;isopropyl ether;2,2,4-trimethylpentane;CC(C)OC(C)C;CC(C)CC(C)(C)C;108-20-3;31921-36-5;InChIKey=ZAFNJMIOTHYJRJ-UHFFFAOYSA-N;InChIKey=NHTMVDHEPJAVLT-UHFFFAOYSA-N;isopropyl ether__2,2,4-trimethylpentane;0.0577;303.15;101.0;0.038985;0.00038985
1545194;je9001416;isopropyl ether;2,2,4-trimethylpentane;CC(C)OC(C)C;CC(C)CC(C)(C)C;108-20-3;31921-36-5;InChIKey=ZAFNJMIOTHYJRJ-UHFFFAOYSA-N;InChIKey=NHTMVDHEPJAVLT-UHFFFAOYSA-N;isopropyl ether__2,2,4-trimethylpentane;0.1144;303.15;101.0;0.074367;0.00074367
1545195;je9001416;isopropyl ether;2,2,4-trimethylpentane;CC(C)OC(C)C;CC(C)CC(C)(C)C;108-20-3;31921-36-5;InChIKey=ZAFNJMIOTHYJRJ-UHFFFAOYSA-N;InChIKey=NHTMVDHEPJAVLT-UHFFFAOYSA-N;isopropyl ether__2,2,4-trimethylpentane;0.1702;303.15;101.0;0.105905;0.00105905
1545196;je9001416;isopropyl ether;2,2,4-trimethylpentane;CC(C)OC(C)C;CC(C)CC(C)(C)C;108-20-3;31921-36-5;InChIKey=ZAFNJMIOTHYJRJ-UHFFFAOYSA-N;InChIKey=NHTMVDHEPJAVLT-UHFFFAOYSA-N;isopropyl ether__2,2,4-trimethylpentane;0.2252;303.15;101.0;0.132161;0.00132161
1545197;je9001416;isopropyl ether;2,2,4-trimethylpentane;CC(C)OC(C)C;CC(C)CC(C)(C)C;108-20-3;31921-36-5;InChIKey=ZAFNJMIOTHYJRJ-UHFFFAOYSA-N;InChIKey=NHTMVDHEPJAVLT-UHFFFAOYSA-N;isopropyl ether__2,2,4-trimethylpentane;0.2793;303.15;101.0;0.154011;0.00154011
1545198;je9001416;isopropyl ether;2,2,4-trimethylpentane;CC(C)OC(C)C;CC(C)CC(C)(C)C;108-20-3;31921-36-5;InChIKey=ZAFNJMIOTHYJRJ-UHFFFAOYSA-N;InChIKey=NHTMVDHEPJAVLT-UHFFFAOYSA-N;isopropyl ether__2,2,4-trimethylpentane;0.3326;303.15;101.0;0.171411;0.00171411
1545199;je9001416;isopropyl ether;2,2,4-trimethylpentane;CC(C)OC(C)C;CC(C)CC(C)(C)C;108-20-3;31921-36-5;InChIKey=ZAFNJMIOTHYJRJ-UHFFFAOYSA-N;InChIKey=NHTMVDHEPJAVLT-UHFFFAOYSA-N;isopropyl ether__2,2,4-trimethylpentane;0.385;303.15;101.0;0.184701;0.00184701
1545200;je9001416;isopropyl ether;2,2,4-trimethylpentane;CC(C)OC(C)C;CC(C)CC(C)(C)C;108-20-3;31921-36-5;InChIKey=ZAFNJMIOTHYJRJ-UHFFFAOYSA-N;InChIKey=NHTMVDHEPJAVLT-UHFFFAOYSA-N;isopropyl ether__2,2,4-trimethylpentane;0.4367;303.15;101.0;0.192864;0.00192864
1545201;je9001416;isopropyl ether;2,2,4-trimethylpentane;CC(C)OC(C)C;CC(C)CC(C)(C)C;108-20-3;31921-36-5;InChIKey=ZAFNJMIOTHYJRJ-UHFFFAOYSA-N;InChIKey=NHTMVDHEPJAVLT-UHFFFAOYSA-N;isopropyl ether__2,2,4-trimethylpentane;0.4875;303.15;101.0;0.197047;0.00197047
1545202;je9001416;isopropyl ether;2,2,4-trimethylpentane;CC(C)OC(C)C;CC(C)CC(C)(C)C;108-20-3;31921-36-5;InChIKey=ZAFNJMIOTHYJRJ-UHFFFAOYSA-N;InChIKey=NHTMVDHEPJAVLT-UHFFFAOYSA-N;isopropyl ether__2,2,4-trimethylpentane;0.5376;303.15;101.0;0.197589;0.00197589
1545203;je9001416;isopropyl ether;2,2,4-trimethylpentane;CC(C)OC(C)C;CC(C)CC(C)(C)C;108-20-3;31921-36-5;InChIKey=ZAFNJMIOTHYJRJ-UHFFFAOYSA-N;InChIKey=NHTMVDHEPJAVLT-UHFFFAOYSA-N;isopropyl ether__2,2,4-trimethylpentane;0.587;303.15;101.0;0.193209;0.00193209
1545204;je9001416;isopropyl ether;2,2,4-trimethylpentane;CC(C)OC(C)C;CC(C)CC(C)(C)C;108-20-3;31921-36-5;InChIKey=ZAFNJMIOTHYJRJ-UHFFFAOYSA-N;InChIKey=NHTMVDHEPJAVLT-UHFFFAOYSA-N;isopropyl ether__2,2,4-trimethylpentane;0.6356;303.15;101.0;0.185485;0.00185485
1545205;je9001416;isopropyl ether;2,2,4-trimethylpentane;CC(C)OC(C)C;CC(C)CC(C)(C)C;108-20-3;31921-36-5;InChIKey=ZAFNJMIOTHYJRJ-UHFFFAOYSA-N;InChIKey=NHTMVDHEPJAVLT-UHFFFAOYSA-N;isopropyl ether__2,2,4-trimethylpentane;0.6835;303.15;101.0;0.173749;0.00173749
1545206;je9001416;isopropyl ether;2,2,4-trimethylpentane;CC(C)OC(C)C;CC(C)CC(C)(C)C;108-20-3;31921-36-5;InChIKey=ZAFNJMIOTHYJRJ-UHFFFAOYSA-N;InChIKey=NHTMVDHEPJAVLT-UHFFFAOYSA-N;isopropyl ether__2,2,4-trimethylpentane;0.7307;303.15;101.0;0.158983;0.00158983
1545207;je9001416;isopropyl ether;2,2,4-trimethylpentane;CC(C)OC(C)C;CC(C)CC(C)(C)C;108-20-3;31921-36-5;InChIKey=ZAFNJMIOTHYJRJ-UHFFFAOYSA-N;InChIKey=NHTMVDHEPJAVLT-UHFFFAOYSA-N;isopropyl ether__2,2,4-trimethylpentane;0.7772;303.15;101.0;0.141119;0.00141119
1545208;je9001416;isopropyl ether;2,2,4-trimethylpentane;CC(C)OC(C)C;CC(C)CC(C)(C)C;108-20-3;31921-36-5;InChIKey=ZAFNJMIOTHYJRJ-UHFFFAOYSA-N;InChIKey=NHTMVDHEPJAVLT-UHFFFAOYSA-N;isopropyl ether__2,2,4-trimethylpentane;0.823;303.15;101.0;0.118744;0.00118744
1545209;je9001416;isopropyl ether;2,2,4-trimethylpentane;CC(C)OC(C)C;CC(C)CC(C)(C)C;108-20-3;31921-36-5;InChIKey=ZAFNJMIOTHYJRJ-UHFFFAOYSA-N;InChIKey=NHTMVDHEPJAVLT-UHFFFAOYSA-N;isopropyl ether__2,2,4-trimethylpentane;0.8682;303.15;101.0;0.093364;0.00093364
1545210;je9001416;isopropyl ether;2,2,4-trimethylpentane;CC(C)OC(C)C;CC(C)CC(C)(C)C;108-20-3;31921-36-5;InChIKey=ZAFNJMIOTHYJRJ-UHFFFAOYSA-N;InChIKey=NHTMVDHEPJAVLT-UHFFFAOYSA-N;isopropyl ether__2,2,4-trimethylpentane;0.9128;303.15;101.0;0.065084;0.00065084
1545211;je9001416;isopropyl ether;2,2,4-trimethylpentane;CC(C)OC(C)C;CC(C)CC(C)(C)C;108-20-3;31921-36-5;InChIKey=ZAFNJMIOTHYJRJ-UHFFFAOYSA-N;InChIKey=NHTMVDHEPJAVLT-UHFFFAOYSA-N;isopropyl ether__2,2,4-trimethylpentane;0.9567;303.15;101.0;0.033243;0.00033243
