,filename,x1,x2,smiles1,smiles2,components,Mole fraction,"Excess molar heat capacity, J/K/mol","Excess molar heat capacity, J/K/mol_std"
106133,j.jct.2007.04.011,1-butanol,"1,4-butanediol",CCCCO,OCCCCO,"1-butanol__1,4-butanediol",0.0804,0.031,0.00031
106134,j.jct.2007.04.011,1-butanol,"1,4-butanediol",CCCCO,OCCCCO,"1-butanol__1,4-butanediol",0.0804,-0.055,-0.00055
106135,j.jct.2007.04.011,1-butanol,"1,4-butanediol",CCCCO,OCCCCO,"1-butanol__1,4-butanediol",0.0804,-0.07,-0.0007
106136,j.jct.2007.04.011,1-butanol,"1,4-butanediol",CCCCO,OCCCCO,"1-butanol__1,4-butanediol",0.0804,-0.171,-0.00171
106137,j.jct.2007.04.011,1-butanol,"1,4-butanediol",CCCCO,OCCCCO,"1-butanol__1,4-butanediol",0.0804,-0.148,-0.00148
106138,j.jct.2007.04.011,1-butanol,"1,4-butanediol",CCCCO,OCCCCO,"1-butanol__1,4-butanediol",0.0804,-0.178,-0.00178
106139,j.jct.2007.04.011,1-butanol,"1,4-butanediol",CCCCO,OCCCCO,"1-butanol__1,4-butanediol",0.0804,-0.237,-0.00237
106140,j.jct.2007.04.011,1-butanol,"1,4-butanediol",CCCCO,OCCCCO,"1-butanol__1,4-butanediol",0.0804,-0.29,-0.0029
106141,j.jct.2007.04.011,1-butanol,"1,4-butanediol",CCCCO,OCCCCO,"1-butanol__1,4-butanediol",0.0804,-0.457,-0.00457
106142,j.jct.2007.04.011,1-butanol,"1,4-butanediol",CCCCO,OCCCCO,"1-butanol__1,4-butanediol",0.0804,-0.522,-0.00522
106143,j.jct.2007.04.011,1-butanol,"1,4-butanediol",CCCCO,OCCCCO,"1-butanol__1,4-butanediol",0.0804,-0.551,-0.00551
106144,j.jct.2007.04.011,1-butanol,"1,4-butanediol",CCCCO,OCCCCO,"1-butanol__1,4-butanediol",0.0804,-0.651,-0.00651
106145,j.jct.2007.04.011,1-butanol,"1,4-butanediol",CCCCO,OCCCCO,"1-butanol__1,4-butanediol",0.0804,-0.751,-0.00751
106146,j.jct.2007.04.011,1-butanol,"1,4-butanediol",CCCCO,OCCCCO,"1-butanol__1,4-butanediol",0.1099,0.095,0.00095
106147,j.jct.2007.04.011,1-butanol,"1,4-butanediol",CCCCO,OCCCCO,"1-butanol__1,4-butanediol",0.1099,0.096,0.00096
106148,j.jct.2007.04.011,1-butanol,"1,4-butanediol",CCCCO,OCCCCO,"1-butanol__1,4-butanediol",0.1099,0.055,0.00055
106149,j.jct.2007.04.011,1-butanol,"1,4-butanediol",CCCCO,OCCCCO,"1-butanol__1,4-butanediol",0.1099,-0.05,-0.0005
106150,j.jct.2007.04.011,1-butanol,"1,4-butanediol",CCCCO,OCCCCO,"1-butanol__1,4-butanediol",0.1099,-0.13,-0.0013
106151,j.jct.2007.04.011,1-butanol,"1,4-butanediol",CCCCO,OCCCCO,"1-butanol__1,4-butanediol",0.1099,-0.182,-0.00182
106152,j.jct.2007.04.011,1-butanol,"1,4-butanediol",CCCCO,OCCCCO,"1-butanol__1,4-butanediol",0.1099,-0.28,-0.0028
106153,j.jct.2007.04.011,1-butanol,"1,4-butanediol",CCCCO,OCCCCO,"1-butanol__1,4-butanediol",0.1099,-0.428,-0.00428
106154,j.jct.2007.04.011,1-butanol,"1,4-butanediol",CCCCO,OCCCCO,"1-butanol__1,4-butanediol",0.1099,-0.461,-0.00461
106155,j.jct.2007.04.011,1-butanol,"1,4-butanediol",CCCCO,OCCCCO,"1-butanol__1,4-butanediol",0.1099,-0.661,-0.00661
106156,j.jct.2007.04.011,1-butanol,"1,4-butanediol",CCCCO,OCCCCO,"1-butanol__1,4-butanediol",0.1099,-0.786,-0.00786
106157,j.jct.2007.04.011,1-butanol,"1,4-butanediol",CCCCO,OCCCCO,"1-butanol__1,4-butanediol",0.1099,-0.864,-0.00864
106158,j.jct.2007.04.011,1-butanol,"1,4-butanediol",CCCCO,OCCCCO,"1-butanol__1,4-butanediol",0.1099,-0.931,-0.00931
106159,j.jct.2007.04.011,1-butanol,"1,4-butanediol",CCCCO,OCCCCO,"1-butanol__1,4-butanediol",0.1826,0.129,0.00129
106160,j.jct.2007.04.011,1-butanol,"1,4-butanediol",CCCCO,OCCCCO,"1-butanol__1,4-butanediol",0.1826,0.011,0.00011
106161,j.jct.2007.04.011,1-butanol,"1,4-butanediol",CCCCO,OCCCCO,"1-butanol__1,4-butanediol",0.1826,-0.081,-0.00081
106162,j.jct.2007.04.011,1-butanol,"1,4-butanediol",CCCCO,OCCCCO,"1-butanol__1,4-butanediol",0.1826,-0.204,-0.00204
106163,j.jct.2007.04.011,1-butanol,"1,4-butanediol",CCCCO,OCCCCO,"1-butanol__1,4-butanediol",0.1826,-0.267,-0.00267
106164,j.jct.2007.04.011,1-butanol,"1,4-butanediol",CCCCO,OCCCCO,"1-butanol__1,4-butanediol",0.1826,-0.397,-0.00397
106165,j.jct.2007.04.011,1-butanol,"1,4-butanediol",CCCCO,OCCCCO,"1-butanol__1,4-butanediol",0.1826,-0.432,-0.00432
106166,j.jct.2007.04.011,1-butanol,"1,4-butanediol",CCCCO,OCCCCO,"1-butanol__1,4-butanediol",0.1826,-0.591,-0.00591
106167,j.jct.2007.04.011,1-butanol,"1,4-butanediol",CCCCO,OCCCCO,"1-butanol__1,4-butanediol",0.1826,-0.871,-0.00871
106168,j.jct.2007.04.011,1-butanol,"1,4-butanediol",CCCCO,OCCCCO,"1-butanol__1,4-butanediol",0.1826,-1.02,-0.0102
106169,j.jct.2007.04.011,1-butanol,"1,4-butanediol",CCCCO,OCCCCO,"1-butanol__1,4-butanediol",0.1826,-1.15,-0.0115
106170,j.jct.2007.04.011,1-butanol,"1,4-butanediol",CCCCO,OCCCCO,"1-butanol__1,4-butanediol",0.1826,-1.28,-0.0128
106171,j.jct.2007.04.011,1-butanol,"1,4-butanediol",CCCCO,OCCCCO,"1-butanol__1,4-butanediol",0.1826,-1.36,-0.0136
106172,j.jct.2007.04.011,1-butanol,"1,4-butanediol",CCCCO,OCCCCO,"1-butanol__1,4-butanediol",0.2497,0.127,0.00127
106173,j.jct.2007.04.011,1-butanol,"1,4-butanediol",CCCCO,OCCCCO,"1-butanol__1,4-butanediol",0.2497,0.093,0.00093
106174,j.jct.2007.04.011,1-butanol,"1,4-butanediol",CCCCO,OCCCCO,"1-butanol__1,4-butanediol",0.2497,0.025,0.00025
106175,j.jct.2007.04.011,1-butanol,"1,4-butanediol",CCCCO,OCCCCO,"1-butanol__1,4-butanediol",0.2497,-0.14,-0.0014
106176,j.jct.2007.04.011,1-butanol,"1,4-butanediol",CCCCO,OCCCCO,"1-butanol__1,4-butanediol",0.2497,-0.173,-0.00173
106177,j.jct.2007.04.011,1-butanol,"1,4-butanediol",CCCCO,OCCCCO,"1-butanol__1,4-butanediol",0.2497,-0.406,-0.00406
106178,j.jct.2007.04.011,1-butanol,"1,4-butanediol",CCCCO,OCCCCO,"1-butanol__1,4-butanediol",0.2497,-0.493,-0.00493
106179,j.jct.2007.04.011,1-butanol,"1,4-butanediol",CCCCO,OCCCCO,"1-butanol__1,4-butanediol",0.2497,-0.671,-0.00671
106180,j.jct.2007.04.011,1-butanol,"1,4-butanediol",CCCCO,OCCCCO,"1-butanol__1,4-butanediol",0.2497,-0.844,-0.00844
106181,j.jct.2007.04.011,1-butanol,"1,4-butanediol",CCCCO,OCCCCO,"1-butanol__1,4-butanediol",0.2497,-1.06,-0.0106
106182,j.jct.2007.04.011,1-butanol,"1,4-butanediol",CCCCO,OCCCCO,"1-butanol__1,4-butanediol",0.2497,-1.19,-0.0119
106183,j.jct.2007.04.011,1-butanol,"1,4-butanediol",CCCCO,OCCCCO,"1-butanol__1,4-butanediol",0.2497,-1.42,-0.0142
106184,j.jct.2007.04.011,1-butanol,"1,4-butanediol",CCCCO,OCCCCO,"1-butanol__1,4-butanediol",0.2497,-1.52,-0.0152
106185,j.jct.2007.04.011,1-butanol,"1,4-butanediol",CCCCO,OCCCCO,"1-butanol__1,4-butanediol",0.3244,0.089,0.00089
106186,j.jct.2007.04.011,1-butanol,"1,4-butanediol",CCCCO,OCCCCO,"1-butanol__1,4-butanediol",0.3244,0.016,0.00016
106187,j.jct.2007.04.011,1-butanol,"1,4-butanediol",CCCCO,OCCCCO,"1-butanol__1,4-butanediol",0.3244,-0.041,-0.00041
106188,j.jct.2007.04.011,1-butanol,"1,4-butanediol",CCCCO,OCCCCO,"1-butanol__1,4-butanediol",0.3244,-0.212,-0.00212
106189,j.jct.2007.04.011,1-butanol,"1,4-butanediol",CCCCO,OCCCCO,"1-butanol__1,4-butanediol",0.3244,-0.257,-0.00257
106190,j.jct.2007.04.011,1-butanol,"1,4-butanediol",CCCCO,OCCCCO,"1-butanol__1,4-butanediol",0.3244,-0.496,-0.00496
106191,j.jct.2007.04.011,1-butanol,"1,4-butanediol",CCCCO,OCCCCO,"1-butanol__1,4-butanediol",0.3244,-0.537,-0.00537
106192,j.jct.2007.04.011,1-butanol,"1,4-butanediol",CCCCO,OCCCCO,"1-butanol__1,4-butanediol",0.3244,-0.676,-0.00676
106193,j.jct.2007.04.011,1-butanol,"1,4-butanediol",CCCCO,OCCCCO,"1-butanol__1,4-butanediol",0.3244,-0.913,-0.00913
106194,j.jct.2007.04.011,1-butanol,"1,4-butanediol",CCCCO,OCCCCO,"1-butanol__1,4-butanediol",0.3244,-1.11,-0.0111
106195,j.jct.2007.04.011,1-butanol,"1,4-butanediol",CCCCO,OCCCCO,"1-butanol__1,4-butanediol",0.3244,-1.19,-0.0119
106196,j.jct.2007.04.011,1-butanol,"1,4-butanediol",CCCCO,OCCCCO,"1-butanol__1,4-butanediol",0.3244,-1.32,-0.0132
106197,j.jct.2007.04.011,1-butanol,"1,4-butanediol",CCCCO,OCCCCO,"1-butanol__1,4-butanediol",0.3244,-1.52,-0.0152
106198,j.jct.2007.04.011,1-butanol,"1,4-butanediol",CCCCO,OCCCCO,"1-butanol__1,4-butanediol",0.4968,-0.008,-0.00008
106199,j.jct.2007.04.011,1-butanol,"1,4-butanediol",CCCCO,OCCCCO,"1-butanol__1,4-butanediol",0.4968,-0.027,-0.00027
106200,j.jct.2007.04.011,1-butanol,"1,4-butanediol",CCCCO,OCCCCO,"1-butanol__1,4-butanediol",0.4968,-0.104,-0.00104
106201,j.jct.2007.04.011,1-butanol,"1,4-butanediol",CCCCO,OCCCCO,"1-butanol__1,4-butanediol",0.4968,-0.197,-0.00197
106202,j.jct.2007.04.011,1-butanol,"1,4-butanediol",CCCCO,OCCCCO,"1-butanol__1,4-butanediol",0.4968,-0.275,-0.00275
106203,j.jct.2007.04.011,1-butanol,"1,4-butanediol",CCCCO,OCCCCO,"1-butanol__1,4-butanediol",0.4968,-0.473,-0.00473
106204,j.jct.2007.04.011,1-butanol,"1,4-butanediol",CCCCO,OCCCCO,"1-butanol__1,4-butanediol",0.4968,-0.58,-0.0058
106205,j.jct.2007.04.011,1-butanol,"1,4-butanediol",CCCCO,OCCCCO,"1-butanol__1,4-butanediol",0.4968,-0.7,-0.007
106206,j.jct.2007.04.011,1-butanol,"1,4-butanediol",CCCCO,OCCCCO,"1-butanol__1,4-butanediol",0.4968,-0.849,-0.00849
106207,j.jct.2007.04.011,1-butanol,"1,4-butanediol",CCCCO,OCCCCO,"1-butanol__1,4-butanediol",0.4968,-1.03,-0.0103
106208,j.jct.2007.04.011,1-butanol,"1,4-butanediol",CCCCO,OCCCCO,"1-butanol__1,4-butanediol",0.4968,-1.17,-0.0117
106209,j.jct.2007.04.011,1-butanol,"1,4-butanediol",CCCCO,OCCCCO,"1-butanol__1,4-butanediol",0.4968,-1.28,-0.0128
106210,j.jct.2007.04.011,1-butanol,"1,4-butanediol",CCCCO,OCCCCO,"1-butanol__1,4-butanediol",0.4968,-1.4,-0.014
106211,j.jct.2007.04.011,1-butanol,"1,4-butanediol",CCCCO,OCCCCO,"1-butanol__1,4-butanediol",0.5919,0.005,0.00005
106212,j.jct.2007.04.011,1-butanol,"1,4-butanediol",CCCCO,OCCCCO,"1-butanol__1,4-butanediol",0.5919,-0.055,-0.00055
106213,j.jct.2007.04.011,1-butanol,"1,4-butanediol",CCCCO,OCCCCO,"1-butanol__1,4-butanediol",0.5919,-0.125,-0.00125
106214,j.jct.2007.04.011,1-butanol,"1,4-butanediol",CCCCO,OCCCCO,"1-butanol__1,4-butanediol",0.5919,-0.186,-0.00186
106215,j.jct.2007.04.011,1-butanol,"1,4-butanediol",CCCCO,OCCCCO,"1-butanol__1,4-butanediol",0.5919,-0.338,-0.00338
106216,j.jct.2007.04.011,1-butanol,"1,4-butanediol",CCCCO,OCCCCO,"1-butanol__1,4-butanediol",0.5919,-0.442,-0.00442
106217,j.jct.2007.04.011,1-butanol,"1,4-butanediol",CCCCO,OCCCCO,"1-butanol__1,4-butanediol",0.5919,-0.612,-0.00612
106218,j.jct.2007.04.011,1-butanol,"1,4-butanediol",CCCCO,OCCCCO,"1-butanol__1,4-butanediol",0.5919,-0.728,-0.00728
106219,j.jct.2007.04.011,1-butanol,"1,4-butanediol",CCCCO,OCCCCO,"1-butanol__1,4-butanediol",0.5919,-0.837,-0.00837
106220,j.jct.2007.04.011,1-butanol,"1,4-butanediol",CCCCO,OCCCCO,"1-butanol__1,4-butanediol",0.5919,-0.983,-0.00983
106221,j.jct.2007.04.011,1-butanol,"1,4-butanediol",CCCCO,OCCCCO,"1-butanol__1,4-butanediol",0.5919,-1.09,-0.0109
106222,j.jct.2007.04.011,1-butanol,"1,4-butanediol",CCCCO,OCCCCO,"1-butanol__1,4-butanediol",0.5919,-1.19,-0.0119
106223,j.jct.2007.04.011,1-butanol,"1,4-butanediol",CCCCO,OCCCCO,"1-butanol__1,4-butanediol",0.5919,-1.21,-0.0121
106224,j.jct.2007.04.011,1-butanol,"1,4-butanediol",CCCCO,OCCCCO,"1-butanol__1,4-butanediol",0.713,-0.067,-0.00067
106225,j.jct.2007.04.011,1-butanol,"1,4-butanediol",CCCCO,OCCCCO,"1-butanol__1,4-butanediol",0.713,-0.111,-0.00111
106226,j.jct.2007.04.011,1-butanol,"1,4-butanediol",CCCCO,OCCCCO,"1-butanol__1,4-butanediol",0.713,-0.103,-0.00103
106227,j.jct.2007.04.011,1-butanol,"1,4-butanediol",CCCCO,OCCCCO,"1-butanol__1,4-butanediol",0.713,-0.3,-0.003
106228,j.jct.2007.04.011,1-butanol,"1,4-butanediol",CCCCO,OCCCCO,"1-butanol__1,4-butanediol",0.713,-0.191,-0.00191
106229,j.jct.2007.04.011,1-butanol,"1,4-butanediol",CCCCO,OCCCCO,"1-butanol__1,4-butanediol",0.713,-0.455,-0.00455
106230,j.jct.2007.04.011,1-butanol,"1,4-butanediol",CCCCO,OCCCCO,"1-butanol__1,4-butanediol",0.713,-0.583,-0.00583
106231,j.jct.2007.04.011,1-butanol,"1,4-butanediol",CCCCO,OCCCCO,"1-butanol__1,4-butanediol",0.713,-0.633,-0.00633
106232,j.jct.2007.04.011,1-butanol,"1,4-butanediol",CCCCO,OCCCCO,"1-butanol__1,4-butanediol",0.713,-0.713,-0.00713
106233,j.jct.2007.04.011,1-butanol,"1,4-butanediol",CCCCO,OCCCCO,"1-butanol__1,4-butanediol",0.713,-0.814,-0.00814
106234,j.jct.2007.04.011,1-butanol,"1,4-butanediol",CCCCO,OCCCCO,"1-butanol__1,4-butanediol",0.713,-0.888,-0.00888
106235,j.jct.2007.04.011,1-butanol,"1,4-butanediol",CCCCO,OCCCCO,"1-butanol__1,4-butanediol",0.713,-0.977,-0.00977
106236,j.jct.2007.04.011,1-butanol,"1,4-butanediol",CCCCO,OCCCCO,"1-butanol__1,4-butanediol",0.713,-0.958,-0.00958
106237,j.jct.2007.04.011,1-butanol,"1,4-butanediol",CCCCO,OCCCCO,"1-butanol__1,4-butanediol",0.8323,-0.102,-0.00102
106238,j.jct.2007.04.011,1-butanol,"1,4-butanediol",CCCCO,OCCCCO,"1-butanol__1,4-butanediol",0.8323,-0.08,-0.0008
106239,j.jct.2007.04.011,1-butanol,"1,4-butanediol",CCCCO,OCCCCO,"1-butanol__1,4-butanediol",0.8323,-0.086,-0.00086
106240,j.jct.2007.04.011,1-butanol,"1,4-butanediol",CCCCO,OCCCCO,"1-butanol__1,4-butanediol",0.8323,-0.16,-0.0016
106241,j.jct.2007.04.011,1-butanol,"1,4-butanediol",CCCCO,OCCCCO,"1-butanol__1,4-butanediol",0.8323,-0.162,-0.00162
106242,j.jct.2007.04.011,1-butanol,"1,4-butanediol",CCCCO,OCCCCO,"1-butanol__1,4-butanediol",0.8323,-0.218,-0.00218
106243,j.jct.2007.04.011,1-butanol,"1,4-butanediol",CCCCO,OCCCCO,"1-butanol__1,4-butanediol",0.8323,-0.385,-0.00385
106244,j.jct.2007.04.011,1-butanol,"1,4-butanediol",CCCCO,OCCCCO,"1-butanol__1,4-butanediol",0.8323,-0.381,-0.00381
106245,j.jct.2007.04.011,1-butanol,"1,4-butanediol",CCCCO,OCCCCO,"1-butanol__1,4-butanediol",0.8323,-0.434,-0.00434
106246,j.jct.2007.04.011,1-butanol,"1,4-butanediol",CCCCO,OCCCCO,"1-butanol__1,4-butanediol",0.8323,-0.473,-0.00473
106247,j.jct.2007.04.011,1-butanol,"1,4-butanediol",CCCCO,OCCCCO,"1-butanol__1,4-butanediol",0.8323,-0.543,-0.00543
106248,j.jct.2007.04.011,1-butanol,"1,4-butanediol",CCCCO,OCCCCO,"1-butanol__1,4-butanediol",0.8323,-0.599,-0.00599
106249,j.jct.2007.04.011,1-butanol,"1,4-butanediol",CCCCO,OCCCCO,"1-butanol__1,4-butanediol",0.8323,-0.587,-0.00587
106250,j.jct.2007.04.011,1-butanol,"1,4-butanediol",CCCCO,OCCCCO,"1-butanol__1,4-butanediol",0.8892,-0.075,-0.00075
106251,j.jct.2007.04.011,1-butanol,"1,4-butanediol",CCCCO,OCCCCO,"1-butanol__1,4-butanediol",0.8892,-0.083,-0.00083
106252,j.jct.2007.04.011,1-butanol,"1,4-butanediol",CCCCO,OCCCCO,"1-butanol__1,4-butanediol",0.8892,-0.052,-0.00052
106253,j.jct.2007.04.011,1-butanol,"1,4-butanediol",CCCCO,OCCCCO,"1-butanol__1,4-butanediol",0.8892,-0.078,-0.00078
106254,j.jct.2007.04.011,1-butanol,"1,4-butanediol",CCCCO,OCCCCO,"1-butanol__1,4-butanediol",0.8892,-0.128,-0.00128
106255,j.jct.2007.04.011,1-butanol,"1,4-butanediol",CCCCO,OCCCCO,"1-butanol__1,4-butanediol",0.8892,-0.158,-0.00158
106256,j.jct.2007.04.011,1-butanol,"1,4-butanediol",CCCCO,OCCCCO,"1-butanol__1,4-butanediol",0.8892,-0.287,-0.00287
106257,j.jct.2007.04.011,1-butanol,"1,4-butanediol",CCCCO,OCCCCO,"1-butanol__1,4-butanediol",0.8892,-0.244,-0.00244
106258,j.jct.2007.04.011,1-butanol,"1,4-butanediol",CCCCO,OCCCCO,"1-butanol__1,4-butanediol",0.8892,-0.262,-0.00262
106259,j.jct.2007.04.011,1-butanol,"1,4-butanediol",CCCCO,OCCCCO,"1-butanol__1,4-butanediol",0.8892,-0.303,-0.00303
106260,j.jct.2007.04.011,1-butanol,"1,4-butanediol",CCCCO,OCCCCO,"1-butanol__1,4-butanediol",0.8892,-0.369,-0.00369
106261,j.jct.2007.04.011,1-butanol,"1,4-butanediol",CCCCO,OCCCCO,"1-butanol__1,4-butanediol",0.8892,-0.432,-0.00432
106262,j.jct.2007.04.011,1-butanol,"1,4-butanediol",CCCCO,OCCCCO,"1-butanol__1,4-butanediol",0.8892,-0.416,-0.00416
644229,j.fluid.2013.06.041,"1,2-ethanediol",water,OCCO,O,"1,2-ethanediol__water",0.00991,0.43,0.2
644230,j.fluid.2013.06.041,"1,2-ethanediol",water,OCCO,O,"1,2-ethanediol__water",0.02619,0.87,0.2
644231,j.fluid.2013.06.041,"1,2-ethanediol",water,OCCO,O,"1,2-ethanediol__water",0.04637,1.03,0.2
644232,j.fluid.2013.06.041,"1,2-ethanediol",water,OCCO,O,"1,2-ethanediol__water",0.07516,1.32,0.2
644233,j.fluid.2013.06.041,"1,2-ethanediol",water,OCCO,O,"1,2-ethanediol__water",0.10163,1.26,0.2
644234,j.fluid.2013.06.041,"1,2-ethanediol",water,OCCO,O,"1,2-ethanediol__water",0.12445,1.16,0.2
644235,j.fluid.2013.06.041,"1,2-ethanediol",water,OCCO,O,"1,2-ethanediol__water",0.14906,0.94,0.2
644236,j.fluid.2013.06.041,"1,2-ethanediol",water,OCCO,O,"1,2-ethanediol__water",0.17311,0.76,0.2
644237,j.fluid.2013.06.041,"1,2-ethanediol",water,OCCO,O,"1,2-ethanediol__water",0.29027,-0.72,0.2
644238,j.fluid.2013.06.041,"1,2-ethanediol",water,OCCO,O,"1,2-ethanediol__water",0.40764,-1.26,0.2
644239,j.fluid.2013.06.041,"1,2-ethanediol",water,OCCO,O,"1,2-ethanediol__water",0.46407,-1.33,0.2
644240,j.fluid.2013.06.041,"1,2-ethanediol",water,OCCO,O,"1,2-ethanediol__water",0.60656,-1.31,0.2
644241,j.fluid.2013.06.041,"1,2-ethanediol",water,OCCO,O,"1,2-ethanediol__water",0.69588,-1.2,0.2
644242,j.fluid.2013.06.041,"1,2-ethanediol",water,OCCO,O,"1,2-ethanediol__water",0.804,-0.93,0.2
644243,j.fluid.2013.06.041,"1,2-ethanediol",water,OCCO,O,"1,2-ethanediol__water",0.84631,-0.75,0.2
644244,j.fluid.2013.06.041,"1,2-ethanediol",water,OCCO,O,"1,2-ethanediol__water",0.93949,-0.42,0.2
644245,j.fluid.2013.06.041,"1,2-ethanediol",water,OCCO,O,"1,2-ethanediol__water",0.00991,0.3,0.2
644246,j.fluid.2013.06.041,"1,2-ethanediol",water,OCCO,O,"1,2-ethanediol__water",0.02619,0.79,0.2
644247,j.fluid.2013.06.041,"1,2-ethanediol",water,OCCO,O,"1,2-ethanediol__water",0.04637,1.25,0.2
644248,j.fluid.2013.06.041,"1,2-ethanediol",water,OCCO,O,"1,2-ethanediol__water",0.07516,1.72,0.2
644249,j.fluid.2013.06.041,"1,2-ethanediol",water,OCCO,O,"1,2-ethanediol__water",0.12445,1.91,0.2
644250,j.fluid.2013.06.041,"1,2-ethanediol",water,OCCO,O,"1,2-ethanediol__water",0.14906,1.76,0.2
644251,j.fluid.2013.06.041,"1,2-ethanediol",water,OCCO,O,"1,2-ethanediol__water",0.17311,1.68,0.2
644252,j.fluid.2013.06.041,"1,2-ethanediol",water,OCCO,O,"1,2-ethanediol__water",0.29027,0.61,0.2
644253,j.fluid.2013.06.041,"1,2-ethanediol",water,OCCO,O,"1,2-ethanediol__water",0.40764,0.05,0.2
644254,j.fluid.2013.06.041,"1,2-ethanediol",water,OCCO,O,"1,2-ethanediol__water",0.46407,-0.12,0.2
644255,j.fluid.2013.06.041,"1,2-ethanediol",water,OCCO,O,"1,2-ethanediol__water",0.60656,-0.35,0.2
644256,j.fluid.2013.06.041,"1,2-ethanediol",water,OCCO,O,"1,2-ethanediol__water",0.69588,-0.43,0.2
644257,j.fluid.2013.06.041,"1,2-ethanediol",water,OCCO,O,"1,2-ethanediol__water",0.804,-0.36,0.2
644258,j.fluid.2013.06.041,"1,2-ethanediol",water,OCCO,O,"1,2-ethanediol__water",0.84631,-0.36,0.2
644259,j.fluid.2013.06.041,"1,2-ethanediol",water,OCCO,O,"1,2-ethanediol__water",0.93949,-0.19,0.2
644260,j.fluid.2013.06.041,"1,2-ethanediol",water,OCCO,O,"1,2-ethanediol__water",0.00991,0.26,0.2
644261,j.fluid.2013.06.041,"1,2-ethanediol",water,OCCO,O,"1,2-ethanediol__water",0.02619,0.76,0.2
644262,j.fluid.2013.06.041,"1,2-ethanediol",water,OCCO,O,"1,2-ethanediol__water",0.04637,1.33,0.2
644263,j.fluid.2013.06.041,"1,2-ethanediol",water,OCCO,O,"1,2-ethanediol__water",0.07516,1.85,0.2
644264,j.fluid.2013.06.041,"1,2-ethanediol",water,OCCO,O,"1,2-ethanediol__water",0.09514,1.99,0.2
644265,j.fluid.2013.06.041,"1,2-ethanediol",water,OCCO,O,"1,2-ethanediol__water",0.12445,2.17,0.2
644266,j.fluid.2013.06.041,"1,2-ethanediol",water,OCCO,O,"1,2-ethanediol__water",0.14906,2.08,0.2
644267,j.fluid.2013.06.041,"1,2-ethanediol",water,OCCO,O,"1,2-ethanediol__water",0.17311,2.01,0.2
644268,j.fluid.2013.06.041,"1,2-ethanediol",water,OCCO,O,"1,2-ethanediol__water",0.29027,1.14,0.2
644269,j.fluid.2013.06.041,"1,2-ethanediol",water,OCCO,O,"1,2-ethanediol__water",0.40764,0.54,0.2
644270,j.fluid.2013.06.041,"1,2-ethanediol",water,OCCO,O,"1,2-ethanediol__water",0.46407,0.35,0.2
644271,j.fluid.2013.06.041,"1,2-ethanediol",water,OCCO,O,"1,2-ethanediol__water",0.60656,0.02,0.2
644272,j.fluid.2013.06.041,"1,2-ethanediol",water,OCCO,O,"1,2-ethanediol__water",0.69588,-0.12,0.2
644273,j.fluid.2013.06.041,"1,2-ethanediol",water,OCCO,O,"1,2-ethanediol__water",0.804,-0.2,0.2
644274,j.fluid.2013.06.041,"1,2-ethanediol",water,OCCO,O,"1,2-ethanediol__water",0.84631,-0.22,0.2
644275,j.fluid.2013.06.041,"1,2-ethanediol",water,OCCO,O,"1,2-ethanediol__water",0.93949,-0.19,0.2
644276,j.fluid.2013.06.041,"1,2-ethanediol",water,OCCO,O,"1,2-ethanediol__water",0.00991,0.26,0.2
644277,j.fluid.2013.06.041,"1,2-ethanediol",water,OCCO,O,"1,2-ethanediol__water",0.02619,0.75,0.2
644278,j.fluid.2013.06.041,"1,2-ethanediol",water,OCCO,O,"1,2-ethanediol__water",0.04637,1.39,0.2
644279,j.fluid.2013.06.041,"1,2-ethanediol",water,OCCO,O,"1,2-ethanediol__water",0.07516,1.96,0.2
644280,j.fluid.2013.06.041,"1,2-ethanediol",water,OCCO,O,"1,2-ethanediol__water",0.09514,2.2,0.2
644281,j.fluid.2013.06.041,"1,2-ethanediol",water,OCCO,O,"1,2-ethanediol__water",0.12445,2.38,0.2
644282,j.fluid.2013.06.041,"1,2-ethanediol",water,OCCO,O,"1,2-ethanediol__water",0.14906,2.35,0.2
644283,j.fluid.2013.06.041,"1,2-ethanediol",water,OCCO,O,"1,2-ethanediol__water",0.17311,2.29,0.2
644284,j.fluid.2013.06.041,"1,2-ethanediol",water,OCCO,O,"1,2-ethanediol__water",0.29027,1.6,0.2
644285,j.fluid.2013.06.041,"1,2-ethanediol",water,OCCO,O,"1,2-ethanediol__water",0.40764,0.98,0.2
644286,j.fluid.2013.06.041,"1,2-ethanediol",water,OCCO,O,"1,2-ethanediol__water",0.46407,0.78,0.2
644287,j.fluid.2013.06.041,"1,2-ethanediol",water,OCCO,O,"1,2-ethanediol__water",0.60656,0.035,0.2
644288,j.fluid.2013.06.041,"1,2-ethanediol",water,OCCO,O,"1,2-ethanediol__water",0.69588,0.15,0.2
644289,j.fluid.2013.06.041,"1,2-ethanediol",water,OCCO,O,"1,2-ethanediol__water",0.804,-0.07,0.2
644290,j.fluid.2013.06.041,"1,2-ethanediol",water,OCCO,O,"1,2-ethanediol__water",0.88645,-0.3,0.2
644291,j.fluid.2013.06.041,"1,2-ethanediol",water,OCCO,O,"1,2-ethanediol__water",0.93949,-0.21,0.2
644292,j.fluid.2013.06.041,"1,2-ethanediol",water,OCCO,O,"1,2-ethanediol__water",0.00991,0.37,0.2
644293,j.fluid.2013.06.041,"1,2-ethanediol",water,OCCO,O,"1,2-ethanediol__water",0.02619,0.74,0.2
644294,j.fluid.2013.06.041,"1,2-ethanediol",water,OCCO,O,"1,2-ethanediol__water",0.04637,1.5,0.2
644295,j.fluid.2013.06.041,"1,2-ethanediol",water,OCCO,O,"1,2-ethanediol__water",0.07516,2.17,0.2
644296,j.fluid.2013.06.041,"1,2-ethanediol",water,OCCO,O,"1,2-ethanediol__water",0.09514,2.5,0.2
644297,j.fluid.2013.06.041,"1,2-ethanediol",water,OCCO,O,"1,2-ethanediol__water",0.12445,2.76,0.2
644298,j.fluid.2013.06.041,"1,2-ethanediol",water,OCCO,O,"1,2-ethanediol__water",0.14906,2.82,0.2
644299,j.fluid.2013.06.041,"1,2-ethanediol",water,OCCO,O,"1,2-ethanediol__water",0.22025,2.62,0.2
644300,j.fluid.2013.06.041,"1,2-ethanediol",water,OCCO,O,"1,2-ethanediol__water",0.29027,2.42,0.2
644301,j.fluid.2013.06.041,"1,2-ethanediol",water,OCCO,O,"1,2-ethanediol__water",0.40764,1.82,0.2
644302,j.fluid.2013.06.041,"1,2-ethanediol",water,OCCO,O,"1,2-ethanediol__water",0.46407,1.58,0.2
644303,j.fluid.2013.06.041,"1,2-ethanediol",water,OCCO,O,"1,2-ethanediol__water",0.60656,0.96,0.2
644304,j.fluid.2013.06.041,"1,2-ethanediol",water,OCCO,O,"1,2-ethanediol__water",0.69588,0.63,0.2
644305,j.fluid.2013.06.041,"1,2-ethanediol",water,OCCO,O,"1,2-ethanediol__water",0.804,0.18,0.2
644306,j.fluid.2013.06.041,"1,2-ethanediol",water,OCCO,O,"1,2-ethanediol__water",0.88645,-0.14,0.2
644307,j.fluid.2013.06.041,"1,2-ethanediol",water,OCCO,O,"1,2-ethanediol__water",0.93949,-0.09,0.2
644408,j.fluid.2013.06.041,"1,2-propanediol",water,CC(O)CO,O,"1,2-propanediol__water",0.02216,1.78,0.2
644409,j.fluid.2013.06.041,"1,2-propanediol",water,CC(O)CO,O,"1,2-propanediol__water",0.05617,3.3,0.2
644410,j.fluid.2013.06.041,"1,2-propanediol",water,CC(O)CO,O,"1,2-propanediol__water",0.07845,4.67,0.2
644411,j.fluid.2013.06.041,"1,2-propanediol",water,CC(O)CO,O,"1,2-propanediol__water",0.12242,5.38,0.2
644412,j.fluid.2013.06.041,"1,2-propanediol",water,CC(O)CO,O,"1,2-propanediol__water",0.1545,5.22,0.2
644413,j.fluid.2013.06.041,"1,2-propanediol",water,CC(O)CO,O,"1,2-propanediol__water",0.16673,4.94,0.2
644414,j.fluid.2013.06.041,"1,2-propanediol",water,CC(O)CO,O,"1,2-propanediol__water",0.18733,4.62,0.2
644415,j.fluid.2013.06.041,"1,2-propanediol",water,CC(O)CO,O,"1,2-propanediol__water",0.22724,4.15,0.2
644416,j.fluid.2013.06.041,"1,2-propanediol",water,CC(O)CO,O,"1,2-propanediol__water",0.28785,2.67,0.2
644417,j.fluid.2013.06.041,"1,2-propanediol",water,CC(O)CO,O,"1,2-propanediol__water",0.39653,1.6,0.2
644418,j.fluid.2013.06.041,"1,2-propanediol",water,CC(O)CO,O,"1,2-propanediol__water",0.48629,0.67,0.2
644419,j.fluid.2013.06.041,"1,2-propanediol",water,CC(O)CO,O,"1,2-propanediol__water",0.52742,0.69,0.2
644420,j.fluid.2013.06.041,"1,2-propanediol",water,CC(O)CO,O,"1,2-propanediol__water",0.63877,0.77,0.2
644421,j.fluid.2013.06.041,"1,2-propanediol",water,CC(O)CO,O,"1,2-propanediol__water",0.75296,0.72,0.2
644422,j.fluid.2013.06.041,"1,2-propanediol",water,CC(O)CO,O,"1,2-propanediol__water",0.77572,0.8,0.2
644423,j.fluid.2013.06.041,"1,2-propanediol",water,CC(O)CO,O,"1,2-propanediol__water",0.90446,0.26,0.2
644424,j.fluid.2013.06.041,"1,2-propanediol",water,CC(O)CO,O,"1,2-propanediol__water",0.96768,0.09,0.2
644425,j.fluid.2013.06.041,"1,2-propanediol",water,CC(O)CO,O,"1,2-propanediol__water",0.02216,2.01,0.2
644426,j.fluid.2013.06.041,"1,2-propanediol",water,CC(O)CO,O,"1,2-propanediol__water",0.05617,3.57,0.2
644427,j.fluid.2013.06.041,"1,2-propanediol",water,CC(O)CO,O,"1,2-propanediol__water",0.07845,5.18,0.2
644428,j.fluid.2013.06.041,"1,2-propanediol",water,CC(O)CO,O,"1,2-propanediol__water",0.12242,6.18,0.2
644429,j.fluid.2013.06.041,"1,2-propanediol",water,CC(O)CO,O,"1,2-propanediol__water",0.1545,6.19,0.2
644430,j.fluid.2013.06.041,"1,2-propanediol",water,CC(O)CO,O,"1,2-propanediol__water",0.16673,6.02,0.2
644431,j.fluid.2013.06.041,"1,2-propanediol",water,CC(O)CO,O,"1,2-propanediol__water",0.18733,5.79,0.2
644432,j.fluid.2013.06.041,"1,2-propanediol",water,CC(O)CO,O,"1,2-propanediol__water",0.22724,5.41,0.2
644433,j.fluid.2013.06.041,"1,2-propanediol",water,CC(O)CO,O,"1,2-propanediol__water",0.28785,4.01,0.2
644434,j.fluid.2013.06.041,"1,2-propanediol",water,CC(O)CO,O,"1,2-propanediol__water",0.39653,3.11,0.2
644435,j.fluid.2013.06.041,"1,2-propanediol",water,CC(O)CO,O,"1,2-propanediol__water",0.48629,1.88,0.2
644436,j.fluid.2013.06.041,"1,2-propanediol",water,CC(O)CO,O,"1,2-propanediol__water",0.52742,1.74,0.2
644437,j.fluid.2013.06.041,"1,2-propanediol",water,CC(O)CO,O,"1,2-propanediol__water",0.63877,1.63,0.2
644438,j.fluid.2013.06.041,"1,2-propanediol",water,CC(O)CO,O,"1,2-propanediol__water",0.75296,1.32,0.2
644439,j.fluid.2013.06.041,"1,2-propanediol",water,CC(O)CO,O,"1,2-propanediol__water",0.77572,1.04,0.2
644440,j.fluid.2013.06.041,"1,2-propanediol",water,CC(O)CO,O,"1,2-propanediol__water",0.90446,0.38,0.2
644441,j.fluid.2013.06.041,"1,2-propanediol",water,CC(O)CO,O,"1,2-propanediol__water",0.96768,-0.08,0.2
644442,j.fluid.2013.06.041,"1,2-propanediol",water,CC(O)CO,O,"1,2-propanediol__water",0.02216,1.98,0.2
644443,j.fluid.2013.06.041,"1,2-propanediol",water,CC(O)CO,O,"1,2-propanediol__water",0.05617,3.62,0.2
644444,j.fluid.2013.06.041,"1,2-propanediol",water,CC(O)CO,O,"1,2-propanediol__water",0.07845,5.29,0.2
644445,j.fluid.2013.06.041,"1,2-propanediol",water,CC(O)CO,O,"1,2-propanediol__water",0.12242,6.43,0.2
644446,j.fluid.2013.06.041,"1,2-propanediol",water,CC(O)CO,O,"1,2-propanediol__water",0.1545,6.5,0.2
644447,j.fluid.2013.06.041,"1,2-propanediol",water,CC(O)CO,O,"1,2-propanediol__water",0.16673,6.37,0.2
644448,j.fluid.2013.06.041,"1,2-propanediol",water,CC(O)CO,O,"1,2-propanediol__water",0.18733,6.18,0.2
644449,j.fluid.2013.06.041,"1,2-propanediol",water,CC(O)CO,O,"1,2-propanediol__water",0.22724,5.86,0.2
644450,j.fluid.2013.06.041,"1,2-propanediol",water,CC(O)CO,O,"1,2-propanediol__water",0.28785,4.52,0.2
644451,j.fluid.2013.06.041,"1,2-propanediol",water,CC(O)CO,O,"1,2-propanediol__water",0.39653,3.65,0.2
644452,j.fluid.2013.06.041,"1,2-propanediol",water,CC(O)CO,O,"1,2-propanediol__water",0.48629,2.34,0.2
644453,j.fluid.2013.06.041,"1,2-propanediol",water,CC(O)CO,O,"1,2-propanediol__water",0.52742,2.17,0.2
644454,j.fluid.2013.06.041,"1,2-propanediol",water,CC(O)CO,O,"1,2-propanediol__water",0.63877,1.97,0.2
644455,j.fluid.2013.06.041,"1,2-propanediol",water,CC(O)CO,O,"1,2-propanediol__water",0.75296,1.55,0.2
644456,j.fluid.2013.06.041,"1,2-propanediol",water,CC(O)CO,O,"1,2-propanediol__water",0.77572,1.24,0.2
644457,j.fluid.2013.06.041,"1,2-propanediol",water,CC(O)CO,O,"1,2-propanediol__water",0.90446,0.11,0.2
644458,j.fluid.2013.06.041,"1,2-propanediol",water,CC(O)CO,O,"1,2-propanediol__water",0.96768,-0.13,0.2
644459,j.fluid.2013.06.041,"1,2-propanediol",water,CC(O)CO,O,"1,2-propanediol__water",0.02216,1.95,0.2
644460,j.fluid.2013.06.041,"1,2-propanediol",water,CC(O)CO,O,"1,2-propanediol__water",0.05617,3.63,0.2
644461,j.fluid.2013.06.041,"1,2-propanediol",water,CC(O)CO,O,"1,2-propanediol__water",0.07845,5.35,0.2
644462,j.fluid.2013.06.041,"1,2-propanediol",water,CC(O)CO,O,"1,2-propanediol__water",0.12242,6.6,0.2
644463,j.fluid.2013.06.041,"1,2-propanediol",water,CC(O)CO,O,"1,2-propanediol__water",0.1545,6.73,0.2
644464,j.fluid.2013.06.041,"1,2-propanediol",water,CC(O)CO,O,"1,2-propanediol__water",0.16673,6.62,0.2
644465,j.fluid.2013.06.041,"1,2-propanediol",water,CC(O)CO,O,"1,2-propanediol__water",0.18733,6.49,0.2
644466,j.fluid.2013.06.041,"1,2-propanediol",water,CC(O)CO,O,"1,2-propanediol__water",0.22724,6.21,0.2
644467,j.fluid.2013.06.041,"1,2-propanediol",water,CC(O)CO,O,"1,2-propanediol__water",0.28785,4.94,0.2
644468,j.fluid.2013.06.041,"1,2-propanediol",water,CC(O)CO,O,"1,2-propanediol__water",0.39653,4.08,0.2
644469,j.fluid.2013.06.041,"1,2-propanediol",water,CC(O)CO,O,"1,2-propanediol__water",0.48629,2.75,0.2
644470,j.fluid.2013.06.041,"1,2-propanediol",water,CC(O)CO,O,"1,2-propanediol__water",0.52742,2.58,0.2
644471,j.fluid.2013.06.041,"1,2-propanediol",water,CC(O)CO,O,"1,2-propanediol__water",0.63877,2.3,0.2
644472,j.fluid.2013.06.041,"1,2-propanediol",water,CC(O)CO,O,"1,2-propanediol__water",0.75296,1.76,0.2
644473,j.fluid.2013.06.041,"1,2-propanediol",water,CC(O)CO,O,"1,2-propanediol__water",0.77572,1.47,0.2
644474,j.fluid.2013.06.041,"1,2-propanediol",water,CC(O)CO,O,"1,2-propanediol__water",0.90446,0.14,0.2
644475,j.fluid.2013.06.041,"1,2-propanediol",water,CC(O)CO,O,"1,2-propanediol__water",0.96768,-0.15,0.2
644476,j.fluid.2013.06.041,"1,2-propanediol",water,CC(O)CO,O,"1,2-propanediol__water",0.02216,1.84,0.2
644477,j.fluid.2013.06.041,"1,2-propanediol",water,CC(O)CO,O,"1,2-propanediol__water",0.05617,3.59,0.2
644478,j.fluid.2013.06.041,"1,2-propanediol",water,CC(O)CO,O,"1,2-propanediol__water",0.07845,5.39,0.2
644479,j.fluid.2013.06.041,"1,2-propanediol",water,CC(O)CO,O,"1,2-propanediol__water",0.12242,6.81,0.2
644480,j.fluid.2013.06.041,"1,2-propanediol",water,CC(O)CO,O,"1,2-propanediol__water",0.1545,6.96,0.2
644481,j.fluid.2013.06.041,"1,2-propanediol",water,CC(O)CO,O,"1,2-propanediol__water",0.16673,6.95,0.2
644482,j.fluid.2013.06.041,"1,2-propanediol",water,CC(O)CO,O,"1,2-propanediol__water",0.18733,6.9,0.2
644483,j.fluid.2013.06.041,"1,2-propanediol",water,CC(O)CO,O,"1,2-propanediol__water",0.22724,6.72,0.2
644484,j.fluid.2013.06.041,"1,2-propanediol",water,CC(O)CO,O,"1,2-propanediol__water",0.28785,5.62,0.2
644485,j.fluid.2013.06.041,"1,2-propanediol",water,CC(O)CO,O,"1,2-propanediol__water",0.39653,4.77,0.2
644486,j.fluid.2013.06.041,"1,2-propanediol",water,CC(O)CO,O,"1,2-propanediol__water",0.48629,3.53,0.2
644487,j.fluid.2013.06.041,"1,2-propanediol",water,CC(O)CO,O,"1,2-propanediol__water",0.52742,3.35,0.2
644488,j.fluid.2013.06.041,"1,2-propanediol",water,CC(O)CO,O,"1,2-propanediol__water",0.63877,3.01,0.2
644489,j.fluid.2013.06.041,"1,2-propanediol",water,CC(O)CO,O,"1,2-propanediol__water",0.75296,2.18,0.2
644490,j.fluid.2013.06.041,"1,2-propanediol",water,CC(O)CO,O,"1,2-propanediol__water",0.77572,1.96,0.2
644491,j.fluid.2013.06.041,"1,2-propanediol",water,CC(O)CO,O,"1,2-propanediol__water",0.90446,0.32,0.2
644492,j.fluid.2013.06.041,"1,2-propanediol",water,CC(O)CO,O,"1,2-propanediol__water",0.96768,-0.06,0.2
644583,j.fluid.2013.06.041,"1,3-propanediol",water,OCCCO,O,"1,3-propanediol__water",0.02483,1.28,0.2
644584,j.fluid.2013.06.041,"1,3-propanediol",water,OCCCO,O,"1,3-propanediol__water",0.03693,1.89,0.2
644585,j.fluid.2013.06.041,"1,3-propanediol",water,OCCCO,O,"1,3-propanediol__water",0.05016,2.35,0.2
644586,j.fluid.2013.06.041,"1,3-propanediol",water,OCCCO,O,"1,3-propanediol__water",0.07515,2.54,0.2
644587,j.fluid.2013.06.041,"1,3-propanediol",water,OCCCO,O,"1,3-propanediol__water",0.14014,2.24,0.2
644588,j.fluid.2013.06.041,"1,3-propanediol",water,OCCCO,O,"1,3-propanediol__water",0.15035,2.2,0.2
644589,j.fluid.2013.06.041,"1,3-propanediol",water,OCCCO,O,"1,3-propanediol__water",0.299,1.59,0.2
644590,j.fluid.2013.06.041,"1,3-propanediol",water,OCCCO,O,"1,3-propanediol__water",0.39819,1.31,0.2
644591,j.fluid.2013.06.041,"1,3-propanediol",water,OCCCO,O,"1,3-propanediol__water",0.4976,1.26,0.2
644592,j.fluid.2013.06.041,"1,3-propanediol",water,OCCCO,O,"1,3-propanediol__water",0.59552,1.15,0.2
644593,j.fluid.2013.06.041,"1,3-propanediol",water,OCCCO,O,"1,3-propanediol__water",0.7902,0.98,0.2
644594,j.fluid.2013.06.041,"1,3-propanediol",water,OCCCO,O,"1,3-propanediol__water",0.94548,0.48,0.2
644595,j.fluid.2013.06.041,"1,3-propanediol",water,OCCCO,O,"1,3-propanediol__water",0.02483,1.4,0.2
644596,j.fluid.2013.06.041,"1,3-propanediol",water,OCCCO,O,"1,3-propanediol__water",0.03693,2.08,0.2
644597,j.fluid.2013.06.041,"1,3-propanediol",water,OCCCO,O,"1,3-propanediol__water",0.05016,2.72,0.2
644598,j.fluid.2013.06.041,"1,3-propanediol",water,OCCCO,O,"1,3-propanediol__water",0.07515,3.22,0.2
644599,j.fluid.2013.06.041,"1,3-propanediol",water,OCCCO,O,"1,3-propanediol__water",0.14014,3.61,0.2
644600,j.fluid.2013.06.041,"1,3-propanediol",water,OCCCO,O,"1,3-propanediol__water",0.15035,3.67,0.2
644601,j.fluid.2013.06.041,"1,3-propanediol",water,OCCCO,O,"1,3-propanediol__water",0.299,3.18,0.2
644602,j.fluid.2013.06.041,"1,3-propanediol",water,OCCCO,O,"1,3-propanediol__water",0.39819,2.66,0.2
644603,j.fluid.2013.06.041,"1,3-propanediol",water,OCCCO,O,"1,3-propanediol__water",0.4976,2.34,0.2
644604,j.fluid.2013.06.041,"1,3-propanediol",water,OCCCO,O,"1,3-propanediol__water",0.59552,1.92,0.2
644605,j.fluid.2013.06.041,"1,3-propanediol",water,OCCCO,O,"1,3-propanediol__water",0.70253,1.71,0.2
644606,j.fluid.2013.06.041,"1,3-propanediol",water,OCCCO,O,"1,3-propanediol__water",0.7902,1.19,0.2
644607,j.fluid.2013.06.041,"1,3-propanediol",water,OCCCO,O,"1,3-propanediol__water",0.94548,0.53,0.2
644608,j.fluid.2013.06.041,"1,3-propanediol",water,OCCCO,O,"1,3-propanediol__water",0.02483,1.43,0.2
644609,j.fluid.2013.06.041,"1,3-propanediol",water,OCCCO,O,"1,3-propanediol__water",0.03693,2.13,0.2
644610,j.fluid.2013.06.041,"1,3-propanediol",water,OCCCO,O,"1,3-propanediol__water",0.05016,2.83,0.2
644611,j.fluid.2013.06.041,"1,3-propanediol",water,OCCCO,O,"1,3-propanediol__water",0.07515,3.44,0.2
644612,j.fluid.2013.06.041,"1,3-propanediol",water,OCCCO,O,"1,3-propanediol__water",0.14014,4.11,0.2
644613,j.fluid.2013.06.041,"1,3-propanediol",water,OCCCO,O,"1,3-propanediol__water",0.15035,4.21,0.2
644614,j.fluid.2013.06.041,"1,3-propanediol",water,OCCCO,O,"1,3-propanediol__water",0.299,3.84,0.2
644615,j.fluid.2013.06.041,"1,3-propanediol",water,OCCCO,O,"1,3-propanediol__water",0.39819,3.28,0.2
644616,j.fluid.2013.06.041,"1,3-propanediol",water,OCCCO,O,"1,3-propanediol__water",0.4976,2.82,0.2
644617,j.fluid.2013.06.041,"1,3-propanediol",water,OCCCO,O,"1,3-propanediol__water",0.59552,2.33,0.2
644618,j.fluid.2013.06.041,"1,3-propanediol",water,OCCCO,O,"1,3-propanediol__water",0.70253,1.95,0.2
644619,j.fluid.2013.06.041,"1,3-propanediol",water,OCCCO,O,"1,3-propanediol__water",0.7902,1.3,0.2
644620,j.fluid.2013.06.041,"1,3-propanediol",water,OCCCO,O,"1,3-propanediol__water",0.94548,0.58,0.2
644621,j.fluid.2013.06.041,"1,3-propanediol",water,OCCCO,O,"1,3-propanediol__water",0.02483,1.44,0.2
644622,j.fluid.2013.06.041,"1,3-propanediol",water,OCCCO,O,"1,3-propanediol__water",0.03693,2.16,0.2
644623,j.fluid.2013.06.041,"1,3-propanediol",water,OCCCO,O,"1,3-propanediol__water",0.05016,2.9,0.2
644624,j.fluid.2013.06.041,"1,3-propanediol",water,OCCCO,O,"1,3-propanediol__water",0.07515,3.59,0.2
644625,j.fluid.2013.06.041,"1,3-propanediol",water,OCCCO,O,"1,3-propanediol__water",0.14014,4.52,0.2
644626,j.fluid.2013.06.041,"1,3-propanediol",water,OCCCO,O,"1,3-propanediol__water",0.15035,4.64,0.2
644627,j.fluid.2013.06.041,"1,3-propanediol",water,OCCCO,O,"1,3-propanediol__water",0.299,4.43,0.2
644628,j.fluid.2013.06.041,"1,3-propanediol",water,OCCCO,O,"1,3-propanediol__water",0.39819,3.85,0.2
644629,j.fluid.2013.06.041,"1,3-propanediol",water,OCCCO,O,"1,3-propanediol__water",0.4976,3.25,0.2
644630,j.fluid.2013.06.041,"1,3-propanediol",water,OCCCO,O,"1,3-propanediol__water",0.59552,2.74,0.2
644631,j.fluid.2013.06.041,"1,3-propanediol",water,OCCCO,O,"1,3-propanediol__water",0.70253,2.2,0.2
644632,j.fluid.2013.06.041,"1,3-propanediol",water,OCCCO,O,"1,3-propanediol__water",0.7902,1.4,0.2
644633,j.fluid.2013.06.041,"1,3-propanediol",water,OCCCO,O,"1,3-propanediol__water",0.94548,0.61,0.2
644634,j.fluid.2013.06.041,"1,3-propanediol",water,OCCCO,O,"1,3-propanediol__water",0.02483,1.46,0.2
644635,j.fluid.2013.06.041,"1,3-propanediol",water,OCCCO,O,"1,3-propanediol__water",0.03693,2.26,0.2
644636,j.fluid.2013.06.041,"1,3-propanediol",water,OCCCO,O,"1,3-propanediol__water",0.05016,2.99,0.2
644637,j.fluid.2013.06.041,"1,3-propanediol",water,OCCCO,O,"1,3-propanediol__water",0.07515,3.8,0.2
644638,j.fluid.2013.06.041,"1,3-propanediol",water,OCCCO,O,"1,3-propanediol__water",0.14014,5.08,0.2
644639,j.fluid.2013.06.041,"1,3-propanediol",water,OCCCO,O,"1,3-propanediol__water",0.15035,5.27,0.2
644640,j.fluid.2013.06.041,"1,3-propanediol",water,OCCCO,O,"1,3-propanediol__water",0.299,5.44,0.2
644641,j.fluid.2013.06.041,"1,3-propanediol",water,OCCCO,O,"1,3-propanediol__water",0.39819,4.81,0.2
644642,j.fluid.2013.06.041,"1,3-propanediol",water,OCCCO,O,"1,3-propanediol__water",0.4976,4.02,0.2
644643,j.fluid.2013.06.041,"1,3-propanediol",water,OCCCO,O,"1,3-propanediol__water",0.59552,3.48,0.2
644644,j.fluid.2013.06.041,"1,3-propanediol",water,OCCCO,O,"1,3-propanediol__water",0.70253,2.64,0.2
644645,j.fluid.2013.06.041,"1,3-propanediol",water,OCCCO,O,"1,3-propanediol__water",0.7902,1.49,0.2
644646,j.fluid.2013.06.041,"1,3-propanediol",water,OCCCO,O,"1,3-propanediol__water",0.94548,0.55,0.2
644756,j.fluid.2013.06.041,"1,4-butanediol",water,OCCCCO,O,"1,4-butanediol__water",0.00538,1.24,0.2
644757,j.fluid.2013.06.041,"1,4-butanediol",water,OCCCCO,O,"1,4-butanediol__water",0.01312,2.19,0.2
644758,j.fluid.2013.06.041,"1,4-butanediol",water,OCCCCO,O,"1,4-butanediol__water",0.02505,3.41,0.2
644759,j.fluid.2013.06.041,"1,4-butanediol",water,OCCCCO,O,"1,4-butanediol__water",0.02518,3.17,0.2
644760,j.fluid.2013.06.041,"1,4-butanediol",water,OCCCCO,O,"1,4-butanediol__water",0.03528,4.45,0.2
644761,j.fluid.2013.06.041,"1,4-butanediol",water,OCCCCO,O,"1,4-butanediol__water",0.04842,5.39,0.2
644762,j.fluid.2013.06.041,"1,4-butanediol",water,OCCCCO,O,"1,4-butanediol__water",0.0574,6.22,0.2
644763,j.fluid.2013.06.041,"1,4-butanediol",water,OCCCCO,O,"1,4-butanediol__water",0.07589,6.43,0.2
644764,j.fluid.2013.06.041,"1,4-butanediol",water,OCCCCO,O,"1,4-butanediol__water",0.08236,6.7,0.2
644765,j.fluid.2013.06.041,"1,4-butanediol",water,OCCCCO,O,"1,4-butanediol__water",0.09032,6.66,0.2
644766,j.fluid.2013.06.041,"1,4-butanediol",water,OCCCCO,O,"1,4-butanediol__water",0.10046,6.94,0.2
644767,j.fluid.2013.06.041,"1,4-butanediol",water,OCCCCO,O,"1,4-butanediol__water",0.13962,6.87,0.2
644768,j.fluid.2013.06.041,"1,4-butanediol",water,OCCCCO,O,"1,4-butanediol__water",0.14031,6.85,0.2
644769,j.fluid.2013.06.041,"1,4-butanediol",water,OCCCCO,O,"1,4-butanediol__water",0.18684,6.33,0.2
644770,j.fluid.2013.06.041,"1,4-butanediol",water,OCCCCO,O,"1,4-butanediol__water",0.29606,5.63,0.2
644771,j.fluid.2013.06.041,"1,4-butanediol",water,OCCCCO,O,"1,4-butanediol__water",0.39721,4.75,0.2
644772,j.fluid.2013.06.041,"1,4-butanediol",water,OCCCCO,O,"1,4-butanediol__water",0.49652,4.04,0.2
644773,j.fluid.2013.06.041,"1,4-butanediol",water,OCCCCO,O,"1,4-butanediol__water",0.56588,3.29,0.2
644774,j.fluid.2013.06.041,"1,4-butanediol",water,OCCCCO,O,"1,4-butanediol__water",0.70036,2.95,0.2
644775,j.fluid.2013.06.041,"1,4-butanediol",water,OCCCCO,O,"1,4-butanediol__water",0.79641,2.92,0.2
644776,j.fluid.2013.06.041,"1,4-butanediol",water,OCCCCO,O,"1,4-butanediol__water",0.88729,1.38,0.2
644777,j.fluid.2013.06.041,"1,4-butanediol",water,OCCCCO,O,"1,4-butanediol__water",0.93976,0.81,0.2
644778,j.fluid.2013.06.041,"1,4-butanediol",water,OCCCCO,O,"1,4-butanediol__water",0.00538,1.14,0.2
644779,j.fluid.2013.06.041,"1,4-butanediol",water,OCCCCO,O,"1,4-butanediol__water",0.01312,2.16,0.2
644780,j.fluid.2013.06.041,"1,4-butanediol",water,OCCCCO,O,"1,4-butanediol__water",0.02505,3.49,0.2
644781,j.fluid.2013.06.041,"1,4-butanediol",water,OCCCCO,O,"1,4-butanediol__water",0.02518,3.34,0.2
644782,j.fluid.2013.06.041,"1,4-butanediol",water,OCCCCO,O,"1,4-butanediol__water",0.03528,4.6,0.2
644783,j.fluid.2013.06.041,"1,4-butanediol",water,OCCCCO,O,"1,4-butanediol__water",0.04842,5.61,0.2
644784,j.fluid.2013.06.041,"1,4-butanediol",water,OCCCCO,O,"1,4-butanediol__water",0.0574,6.53,0.2
644785,j.fluid.2013.06.041,"1,4-butanediol",water,OCCCCO,O,"1,4-butanediol__water",0.07589,7.15,0.2
644786,j.fluid.2013.06.041,"1,4-butanediol",water,OCCCCO,O,"1,4-butanediol__water",0.08236,7.51,0.2
644787,j.fluid.2013.06.041,"1,4-butanediol",water,OCCCCO,O,"1,4-butanediol__water",0.09032,7.65,0.2
644788,j.fluid.2013.06.041,"1,4-butanediol",water,OCCCCO,O,"1,4-butanediol__water",0.10046,8.03,0.2
644789,j.fluid.2013.06.041,"1,4-butanediol",water,OCCCCO,O,"1,4-butanediol__water",0.13962,8.33,0.2
644790,j.fluid.2013.06.041,"1,4-butanediol",water,OCCCCO,O,"1,4-butanediol__water",0.14031,8.37,0.2
644791,j.fluid.2013.06.041,"1,4-butanediol",water,OCCCCO,O,"1,4-butanediol__water",0.18684,8.24,0.2
644792,j.fluid.2013.06.041,"1,4-butanediol",water,OCCCCO,O,"1,4-butanediol__water",0.29606,7.75,0.2
644793,j.fluid.2013.06.041,"1,4-butanediol",water,OCCCCO,O,"1,4-butanediol__water",0.39721,6.83,0.2
644794,j.fluid.2013.06.041,"1,4-butanediol",water,OCCCCO,O,"1,4-butanediol__water",0.49652,5.92,0.2
644795,j.fluid.2013.06.041,"1,4-butanediol",water,OCCCCO,O,"1,4-butanediol__water",0.56588,5.08,0.2
644796,j.fluid.2013.06.041,"1,4-butanediol",water,OCCCCO,O,"1,4-butanediol__water",0.70036,4.32,0.2
644797,j.fluid.2013.06.041,"1,4-butanediol",water,OCCCCO,O,"1,4-butanediol__water",0.79641,3.47,0.2
644798,j.fluid.2013.06.041,"1,4-butanediol",water,OCCCCO,O,"1,4-butanediol__water",0.88729,2.21,0.2
644799,j.fluid.2013.06.041,"1,4-butanediol",water,OCCCCO,O,"1,4-butanediol__water",0.93976,1.14,0.2
644800,j.fluid.2013.06.041,"1,4-butanediol",water,OCCCCO,O,"1,4-butanediol__water",0.00538,1.06,0.2
644801,j.fluid.2013.06.041,"1,4-butanediol",water,OCCCCO,O,"1,4-butanediol__water",0.01312,2.08,0.2
644802,j.fluid.2013.06.041,"1,4-butanediol",water,OCCCCO,O,"1,4-butanediol__water",0.02505,3.5,0.2
644803,j.fluid.2013.06.041,"1,4-butanediol",water,OCCCCO,O,"1,4-butanediol__water",0.02518,3.32,0.2
644804,j.fluid.2013.06.041,"1,4-butanediol",water,OCCCCO,O,"1,4-butanediol__water",0.03528,4.58,0.2
644805,j.fluid.2013.06.041,"1,4-butanediol",water,OCCCCO,O,"1,4-butanediol__water",0.04842,5.64,0.2
644806,j.fluid.2013.06.041,"1,4-butanediol",water,OCCCCO,O,"1,4-butanediol__water",0.0574,6.59,0.2
644807,j.fluid.2013.06.041,"1,4-butanediol",water,OCCCCO,O,"1,4-butanediol__water",0.07589,7.34,0.2
644808,j.fluid.2013.06.041,"1,4-butanediol",water,OCCCCO,O,"1,4-butanediol__water",0.08236,7.71,0.2
644809,j.fluid.2013.06.041,"1,4-butanediol",water,OCCCCO,O,"1,4-butanediol__water",0.09032,7.89,0.2
644810,j.fluid.2013.06.041,"1,4-butanediol",water,OCCCCO,O,"1,4-butanediol__water",0.10046,8.38,0.2
644811,j.fluid.2013.06.041,"1,4-butanediol",water,OCCCCO,O,"1,4-butanediol__water",0.13962,8.81,0.2
644812,j.fluid.2013.06.041,"1,4-butanediol",water,OCCCCO,O,"1,4-butanediol__water",0.14031,8.87,0.2
644813,j.fluid.2013.06.041,"1,4-butanediol",water,OCCCCO,O,"1,4-butanediol__water",0.18684,9.84,0.2
644814,j.fluid.2013.06.041,"1,4-butanediol",water,OCCCCO,O,"1,4-butanediol__water",0.29606,8.91,0.2
644815,j.fluid.2013.06.041,"1,4-butanediol",water,OCCCCO,O,"1,4-butanediol__water",0.39721,7.7,0.2
644816,j.fluid.2013.06.041,"1,4-butanediol",water,OCCCCO,O,"1,4-butanediol__water",0.49652,6.8,0.2
644817,j.fluid.2013.06.041,"1,4-butanediol",water,OCCCCO,O,"1,4-butanediol__water",0.56588,5.88,0.2
644818,j.fluid.2013.06.041,"1,4-butanediol",water,OCCCCO,O,"1,4-butanediol__water",0.70036,4.96,0.2
644819,j.fluid.2013.06.041,"1,4-butanediol",water,OCCCCO,O,"1,4-butanediol__water",0.79641,3.89,0.2
644820,j.fluid.2013.06.041,"1,4-butanediol",water,OCCCCO,O,"1,4-butanediol__water",0.88729,2.5,0.2
644821,j.fluid.2013.06.041,"1,4-butanediol",water,OCCCCO,O,"1,4-butanediol__water",0.93976,1.34,0.2
644822,j.fluid.2013.06.041,"1,4-butanediol",water,OCCCCO,O,"1,4-butanediol__water",0.00538,1.01,0.2
644823,j.fluid.2013.06.041,"1,4-butanediol",water,OCCCCO,O,"1,4-butanediol__water",0.01312,2.01,0.2
644824,j.fluid.2013.06.041,"1,4-butanediol",water,OCCCCO,O,"1,4-butanediol__water",0.02505,3.52,0.2
644825,j.fluid.2013.06.041,"1,4-butanediol",water,OCCCCO,O,"1,4-butanediol__water",0.02518,3.28,0.2
644826,j.fluid.2013.06.041,"1,4-butanediol",water,OCCCCO,O,"1,4-butanediol__water",0.03528,4.53,0.2
644827,j.fluid.2013.06.041,"1,4-butanediol",water,OCCCCO,O,"1,4-butanediol__water",0.04842,5.65,0.2
644828,j.fluid.2013.06.041,"1,4-butanediol",water,OCCCCO,O,"1,4-butanediol__water",0.0574,6.62,0.2
644829,j.fluid.2013.06.041,"1,4-butanediol",water,OCCCCO,O,"1,4-butanediol__water",0.07589,7.46,0.2
644830,j.fluid.2013.06.041,"1,4-butanediol",water,OCCCCO,O,"1,4-butanediol__water",0.08236,7.85,0.2
644831,j.fluid.2013.06.041,"1,4-butanediol",water,OCCCCO,O,"1,4-butanediol__water",0.09032,8.04,0.2
644832,j.fluid.2013.06.041,"1,4-butanediol",water,OCCCCO,O,"1,4-butanediol__water",0.10046,8.63,0.2
644833,j.fluid.2013.06.041,"1,4-butanediol",water,OCCCCO,O,"1,4-butanediol__water",0.13962,9.17,0.2
644834,j.fluid.2013.06.041,"1,4-butanediol",water,OCCCCO,O,"1,4-butanediol__water",0.14031,9.24,0.2
644835,j.fluid.2013.06.041,"1,4-butanediol",water,OCCCCO,O,"1,4-butanediol__water",0.18684,10.39,0.2
644836,j.fluid.2013.06.041,"1,4-butanediol",water,OCCCCO,O,"1,4-butanediol__water",0.29606,9.42,0.2
644837,j.fluid.2013.06.041,"1,4-butanediol",water,OCCCCO,O,"1,4-butanediol__water",0.49652,7.63,0.2
644838,j.fluid.2013.06.041,"1,4-butanediol",water,OCCCCO,O,"1,4-butanediol__water",0.56588,6.64,0.2
644839,j.fluid.2013.06.041,"1,4-butanediol",water,OCCCCO,O,"1,4-butanediol__water",0.70036,5.57,0.2
644840,j.fluid.2013.06.041,"1,4-butanediol",water,OCCCCO,O,"1,4-butanediol__water",0.79641,4.33,0.2
644841,j.fluid.2013.06.041,"1,4-butanediol",water,OCCCCO,O,"1,4-butanediol__water",0.88729,2.79,0.2
644842,j.fluid.2013.06.041,"1,4-butanediol",water,OCCCCO,O,"1,4-butanediol__water",0.93976,1.56,0.2
644843,j.fluid.2013.06.041,"1,4-butanediol",water,OCCCCO,O,"1,4-butanediol__water",0.00538,1.1,0.2
644844,j.fluid.2013.06.041,"1,4-butanediol",water,OCCCCO,O,"1,4-butanediol__water",0.01312,1.92,0.2
644845,j.fluid.2013.06.041,"1,4-butanediol",water,OCCCCO,O,"1,4-butanediol__water",0.02505,3.58,0.2
644846,j.fluid.2013.06.041,"1,4-butanediol",water,OCCCCO,O,"1,4-butanediol__water",0.02518,3.33,0.2
644847,j.fluid.2013.06.041,"1,4-butanediol",water,OCCCCO,O,"1,4-butanediol__water",0.03528,4.52,0.2
644848,j.fluid.2013.06.041,"1,4-butanediol",water,OCCCCO,O,"1,4-butanediol__water",0.04842,5.67,0.2
644849,j.fluid.2013.06.041,"1,4-butanediol",water,OCCCCO,O,"1,4-butanediol__water",0.0574,6.68,0.2
644850,j.fluid.2013.06.041,"1,4-butanediol",water,OCCCCO,O,"1,4-butanediol__water",0.07589,7.6,0.2
644851,j.fluid.2013.06.041,"1,4-butanediol",water,OCCCCO,O,"1,4-butanediol__water",0.08236,8.09,0.2
644852,j.fluid.2013.06.041,"1,4-butanediol",water,OCCCCO,O,"1,4-butanediol__water",0.09032,8.25,0.2
644853,j.fluid.2013.06.041,"1,4-butanediol",water,OCCCCO,O,"1,4-butanediol__water",0.10046,8.9,0.2
644854,j.fluid.2013.06.041,"1,4-butanediol",water,OCCCCO,O,"1,4-butanediol__water",0.13962,9.74,0.2
644855,j.fluid.2013.06.041,"1,4-butanediol",water,OCCCCO,O,"1,4-butanediol__water",0.14031,9.77,0.2
644856,j.fluid.2013.06.041,"1,4-butanediol",water,OCCCCO,O,"1,4-butanediol__water",0.18684,11.21,0.2
644857,j.fluid.2013.06.041,"1,4-butanediol",water,OCCCCO,O,"1,4-butanediol__water",0.29606,10.66,0.2
644858,j.fluid.2013.06.041,"1,4-butanediol",water,OCCCCO,O,"1,4-butanediol__water",0.39721,10.31,0.2
644859,j.fluid.2013.06.041,"1,4-butanediol",water,OCCCCO,O,"1,4-butanediol__water",0.49652,9.13,0.2
644860,j.fluid.2013.06.041,"1,4-butanediol",water,OCCCCO,O,"1,4-butanediol__water",0.56588,8.11,0.2
644861,j.fluid.2013.06.041,"1,4-butanediol",water,OCCCCO,O,"1,4-butanediol__water",0.70036,6.8,0.2
644862,j.fluid.2013.06.041,"1,4-butanediol",water,OCCCCO,O,"1,4-butanediol__water",0.79641,5.14,0.2
644863,j.fluid.2013.06.041,"1,4-butanediol",water,OCCCCO,O,"1,4-butanediol__water",0.88729,3.63,0.2
644864,j.fluid.2013.06.041,"1,4-butanediol",water,OCCCCO,O,"1,4-butanediol__water",0.93976,2.03,0.2
