;filename;x1;x2;SMILES1;SMILES2;cas1;cas2;InChI1;InChI2;components;Mole fraction;Temperature, K;Pressure, kPa;Speed of sound, m/s;Speed of sound, m/s_std
59055;j.jct.2006.01.007;2-methyl-2-propanol;water;CC(C)(C)O;O;75-65-0;14314-42-2;InChIKey=DKGAVHZHDRPRBM-UHFFFAOYSA-N;InChIKey=XLYOFNOQVPJJNP-UHFFFAOYSA-N;2-methyl-2-propanol__water;0.9615;288.15;101.0;1613.71;1e-05
59056;j.jct.2006.01.007;2-methyl-2-propanol;water;CC(C)(C)O;O;75-65-0;14314-42-2;InChIKey=DKGAVHZHDRPRBM-UHFFFAOYSA-N;InChIKey=XLYOFNOQVPJJNP-UHFFFAOYSA-N;2-methyl-2-propanol__water;0.9615;293.15;101.0;1612.41;1e-05
59057;j.jct.2006.01.007;2-methyl-2-propanol;water;CC(C)(C)O;O;75-65-0;14314-42-2;InChIKey=DKGAVHZHDRPRBM-UHFFFAOYSA-N;InChIKey=XLYOFNOQVPJJNP-UHFFFAOYSA-N;2-methyl-2-propanol__water;0.9615;298.15;101.0;1610.04;1e-05
59058;j.jct.2006.01.007;2-methyl-2-propanol;water;CC(C)(C)O;O;75-65-0;14314-42-2;InChIKey=DKGAVHZHDRPRBM-UHFFFAOYSA-N;InChIKey=XLYOFNOQVPJJNP-UHFFFAOYSA-N;2-methyl-2-propanol__water;0.9615;303.15;101.0;1606.45;1e-05
59059;j.jct.2006.01.007;2-methyl-2-propanol;water;CC(C)(C)O;O;75-65-0;14314-42-2;InChIKey=DKGAVHZHDRPRBM-UHFFFAOYSA-N;InChIKey=XLYOFNOQVPJJNP-UHFFFAOYSA-N;2-methyl-2-propanol__water;0.9615;308.15;101.0;1602.45;1e-05
59060;j.jct.2006.01.007;2-methyl-2-propanol;water;CC(C)(C)O;O;75-65-0;14314-42-2;InChIKey=DKGAVHZHDRPRBM-UHFFFAOYSA-N;InChIKey=XLYOFNOQVPJJNP-UHFFFAOYSA-N;2-methyl-2-propanol__water;0.9615;313.15;101.0;1597.04;1e-05
80579;j.jct.2006.08.007;tetrahydrofuran;water;C1CCOC1;O;77392-70-2;14314-42-2;InChIKey=WYURNTSHIVDZCO-UHFFFAOYSA-N;InChIKey=XLYOFNOQVPJJNP-UHFFFAOYSA-N;tetrahydrofuran__water;0.0;279.15;101.0;1433.0;0.5
80580;j.jct.2006.08.007;tetrahydrofuran;water;C1CCOC1;O;77392-70-2;14314-42-2;InChIKey=WYURNTSHIVDZCO-UHFFFAOYSA-N;InChIKey=XLYOFNOQVPJJNP-UHFFFAOYSA-N;tetrahydrofuran__water;0.046;279.15;101.0;1571.5;0.5
80581;j.jct.2006.08.007;tetrahydrofuran;water;C1CCOC1;O;77392-70-2;14314-42-2;InChIKey=WYURNTSHIVDZCO-UHFFFAOYSA-N;InChIKey=XLYOFNOQVPJJNP-UHFFFAOYSA-N;tetrahydrofuran__water;0.086;279.15;101.0;1610.7;0.5
80582;j.jct.2006.08.007;tetrahydrofuran;water;C1CCOC1;O;77392-70-2;14314-42-2;InChIKey=WYURNTSHIVDZCO-UHFFFAOYSA-N;InChIKey=XLYOFNOQVPJJNP-UHFFFAOYSA-N;tetrahydrofuran__water;0.19;279.15;101.0;1554.0;0.5
80583;j.jct.2006.08.007;tetrahydrofuran;water;C1CCOC1;O;77392-70-2;14314-42-2;InChIKey=WYURNTSHIVDZCO-UHFFFAOYSA-N;InChIKey=XLYOFNOQVPJJNP-UHFFFAOYSA-N;tetrahydrofuran__water;0.33;279.15;101.0;1474.2;0.5
80584;j.jct.2006.08.007;tetrahydrofuran;water;C1CCOC1;O;77392-70-2;14314-42-2;InChIKey=WYURNTSHIVDZCO-UHFFFAOYSA-N;InChIKey=XLYOFNOQVPJJNP-UHFFFAOYSA-N;tetrahydrofuran__water;0.54;279.15;101.0;1420.7;0.5
80585;j.jct.2006.08.007;tetrahydrofuran;water;C1CCOC1;O;77392-70-2;14314-42-2;InChIKey=WYURNTSHIVDZCO-UHFFFAOYSA-N;InChIKey=XLYOFNOQVPJJNP-UHFFFAOYSA-N;tetrahydrofuran__water;0.74;279.15;101.0;1396.7;0.5
101224;j.jct.2007.02.008;ethanol;heptane;CCO;CCCCCCC;121182-78-3;142-82-5;InChIKey=LFQSCWFLJHTTHZ-UHFFFAOYSA-N;InChIKey=IMNFDUFMRHMDMM-UHFFFAOYSA-N;ethanol__heptane;0.0;293.15;101.0;1153.0;0.0
101225;j.jct.2007.02.008;ethanol;heptane;CCO;CCCCCCC;121182-78-3;142-82-5;InChIKey=LFQSCWFLJHTTHZ-UHFFFAOYSA-N;InChIKey=IMNFDUFMRHMDMM-UHFFFAOYSA-N;ethanol__heptane;0.0327;293.15;101.0;1148.0;0.0
101226;j.jct.2007.02.008;ethanol;heptane;CCO;CCCCCCC;121182-78-3;142-82-5;InChIKey=LFQSCWFLJHTTHZ-UHFFFAOYSA-N;InChIKey=IMNFDUFMRHMDMM-UHFFFAOYSA-N;ethanol__heptane;0.0941;293.15;101.0;1145.0;0.0
101227;j.jct.2007.02.008;ethanol;heptane;CCO;CCCCCCC;121182-78-3;142-82-5;InChIKey=LFQSCWFLJHTTHZ-UHFFFAOYSA-N;InChIKey=IMNFDUFMRHMDMM-UHFFFAOYSA-N;ethanol__heptane;0.1993;293.15;101.0;1140.0;0.0
101228;j.jct.2007.02.008;ethanol;heptane;CCO;CCCCCCC;121182-78-3;142-82-5;InChIKey=LFQSCWFLJHTTHZ-UHFFFAOYSA-N;InChIKey=IMNFDUFMRHMDMM-UHFFFAOYSA-N;ethanol__heptane;0.3015;293.15;101.0;1137.0;0.0
101229;j.jct.2007.02.008;ethanol;heptane;CCO;CCCCCCC;121182-78-3;142-82-5;InChIKey=LFQSCWFLJHTTHZ-UHFFFAOYSA-N;InChIKey=IMNFDUFMRHMDMM-UHFFFAOYSA-N;ethanol__heptane;0.3967;293.15;101.0;1135.0;0.0
101230;j.jct.2007.02.008;ethanol;heptane;CCO;CCCCCCC;121182-78-3;142-82-5;InChIKey=LFQSCWFLJHTTHZ-UHFFFAOYSA-N;InChIKey=IMNFDUFMRHMDMM-UHFFFAOYSA-N;ethanol__heptane;0.498;293.15;101.0;1133.0;0.0
101231;j.jct.2007.02.008;ethanol;heptane;CCO;CCCCCCC;121182-78-3;142-82-5;InChIKey=LFQSCWFLJHTTHZ-UHFFFAOYSA-N;InChIKey=IMNFDUFMRHMDMM-UHFFFAOYSA-N;ethanol__heptane;0.5896;293.15;101.0;1133.0;0.0
101232;j.jct.2007.02.008;ethanol;heptane;CCO;CCCCCCC;121182-78-3;142-82-5;InChIKey=LFQSCWFLJHTTHZ-UHFFFAOYSA-N;InChIKey=IMNFDUFMRHMDMM-UHFFFAOYSA-N;ethanol__heptane;0.6993;293.15;101.0;1133.0;0.0
101233;j.jct.2007.02.008;ethanol;heptane;CCO;CCCCCCC;121182-78-3;142-82-5;InChIKey=LFQSCWFLJHTTHZ-UHFFFAOYSA-N;InChIKey=IMNFDUFMRHMDMM-UHFFFAOYSA-N;ethanol__heptane;0.8002;293.15;101.0;1136.0;0.0
101234;j.jct.2007.02.008;ethanol;heptane;CCO;CCCCCCC;121182-78-3;142-82-5;InChIKey=LFQSCWFLJHTTHZ-UHFFFAOYSA-N;InChIKey=IMNFDUFMRHMDMM-UHFFFAOYSA-N;ethanol__heptane;0.902;293.15;101.0;1143.0;0.0
101235;j.jct.2007.02.008;ethanol;heptane;CCO;CCCCCCC;121182-78-3;142-82-5;InChIKey=LFQSCWFLJHTTHZ-UHFFFAOYSA-N;InChIKey=IMNFDUFMRHMDMM-UHFFFAOYSA-N;ethanol__heptane;0.9502;293.15;101.0;1150.0;0.0
101236;j.jct.2007.02.008;ethanol;heptane;CCO;CCCCCCC;121182-78-3;142-82-5;InChIKey=LFQSCWFLJHTTHZ-UHFFFAOYSA-N;InChIKey=IMNFDUFMRHMDMM-UHFFFAOYSA-N;ethanol__heptane;1.0;293.15;101.0;1160.0;0.0
101237;j.jct.2007.02.008;ethanol;heptane;CCO;CCCCCCC;121182-78-3;142-82-5;InChIKey=LFQSCWFLJHTTHZ-UHFFFAOYSA-N;InChIKey=IMNFDUFMRHMDMM-UHFFFAOYSA-N;ethanol__heptane;0.0;298.15;101.0;1131.0;0.0
101238;j.jct.2007.02.008;ethanol;heptane;CCO;CCCCCCC;121182-78-3;142-82-5;InChIKey=LFQSCWFLJHTTHZ-UHFFFAOYSA-N;InChIKey=IMNFDUFMRHMDMM-UHFFFAOYSA-N;ethanol__heptane;0.0327;298.15;101.0;1127.0;0.0
101239;j.jct.2007.02.008;ethanol;heptane;CCO;CCCCCCC;121182-78-3;142-82-5;InChIKey=LFQSCWFLJHTTHZ-UHFFFAOYSA-N;InChIKey=IMNFDUFMRHMDMM-UHFFFAOYSA-N;ethanol__heptane;0.0941;298.15;101.0;1123.0;0.0
101240;j.jct.2007.02.008;ethanol;heptane;CCO;CCCCCCC;121182-78-3;142-82-5;InChIKey=LFQSCWFLJHTTHZ-UHFFFAOYSA-N;InChIKey=IMNFDUFMRHMDMM-UHFFFAOYSA-N;ethanol__heptane;0.1993;298.15;101.0;1119.0;0.0
101241;j.jct.2007.02.008;ethanol;heptane;CCO;CCCCCCC;121182-78-3;142-82-5;InChIKey=LFQSCWFLJHTTHZ-UHFFFAOYSA-N;InChIKey=IMNFDUFMRHMDMM-UHFFFAOYSA-N;ethanol__heptane;0.3015;298.15;101.0;1116.0;0.0
101242;j.jct.2007.02.008;ethanol;heptane;CCO;CCCCCCC;121182-78-3;142-82-5;InChIKey=LFQSCWFLJHTTHZ-UHFFFAOYSA-N;InChIKey=IMNFDUFMRHMDMM-UHFFFAOYSA-N;ethanol__heptane;0.3967;298.15;101.0;1114.0;0.0
101243;j.jct.2007.02.008;ethanol;heptane;CCO;CCCCCCC;121182-78-3;142-82-5;InChIKey=LFQSCWFLJHTTHZ-UHFFFAOYSA-N;InChIKey=IMNFDUFMRHMDMM-UHFFFAOYSA-N;ethanol__heptane;0.498;298.15;101.0;1113.0;0.0
101244;j.jct.2007.02.008;ethanol;heptane;CCO;CCCCCCC;121182-78-3;142-82-5;InChIKey=LFQSCWFLJHTTHZ-UHFFFAOYSA-N;InChIKey=IMNFDUFMRHMDMM-UHFFFAOYSA-N;ethanol__heptane;0.5896;298.15;101.0;1112.0;0.0
101245;j.jct.2007.02.008;ethanol;heptane;CCO;CCCCCCC;121182-78-3;142-82-5;InChIKey=LFQSCWFLJHTTHZ-UHFFFAOYSA-N;InChIKey=IMNFDUFMRHMDMM-UHFFFAOYSA-N;ethanol__heptane;0.6993;298.15;101.0;1113.0;0.0
101246;j.jct.2007.02.008;ethanol;heptane;CCO;CCCCCCC;121182-78-3;142-82-5;InChIKey=LFQSCWFLJHTTHZ-UHFFFAOYSA-N;InChIKey=IMNFDUFMRHMDMM-UHFFFAOYSA-N;ethanol__heptane;0.8002;298.15;101.0;1117.0;0.0
101247;j.jct.2007.02.008;ethanol;heptane;CCO;CCCCCCC;121182-78-3;142-82-5;InChIKey=LFQSCWFLJHTTHZ-UHFFFAOYSA-N;InChIKey=IMNFDUFMRHMDMM-UHFFFAOYSA-N;ethanol__heptane;0.902;298.15;101.0;1125.0;0.0
101248;j.jct.2007.02.008;ethanol;heptane;CCO;CCCCCCC;121182-78-3;142-82-5;InChIKey=LFQSCWFLJHTTHZ-UHFFFAOYSA-N;InChIKey=IMNFDUFMRHMDMM-UHFFFAOYSA-N;ethanol__heptane;0.9502;298.15;101.0;1133.0;0.0
101249;j.jct.2007.02.008;ethanol;heptane;CCO;CCCCCCC;121182-78-3;142-82-5;InChIKey=LFQSCWFLJHTTHZ-UHFFFAOYSA-N;InChIKey=IMNFDUFMRHMDMM-UHFFFAOYSA-N;ethanol__heptane;1.0;298.15;101.0;1143.0;0.0
101250;j.jct.2007.02.008;ethanol;heptane;CCO;CCCCCCC;121182-78-3;142-82-5;InChIKey=LFQSCWFLJHTTHZ-UHFFFAOYSA-N;InChIKey=IMNFDUFMRHMDMM-UHFFFAOYSA-N;ethanol__heptane;0.0;303.15;101.0;1110.0;0.0
101251;j.jct.2007.02.008;ethanol;heptane;CCO;CCCCCCC;121182-78-3;142-82-5;InChIKey=LFQSCWFLJHTTHZ-UHFFFAOYSA-N;InChIKey=IMNFDUFMRHMDMM-UHFFFAOYSA-N;ethanol__heptane;0.0327;303.15;101.0;1105.0;0.0
101252;j.jct.2007.02.008;ethanol;heptane;CCO;CCCCCCC;121182-78-3;142-82-5;InChIKey=LFQSCWFLJHTTHZ-UHFFFAOYSA-N;InChIKey=IMNFDUFMRHMDMM-UHFFFAOYSA-N;ethanol__heptane;0.0941;303.15;101.0;1101.0;0.0
101253;j.jct.2007.02.008;ethanol;heptane;CCO;CCCCCCC;121182-78-3;142-82-5;InChIKey=LFQSCWFLJHTTHZ-UHFFFAOYSA-N;InChIKey=IMNFDUFMRHMDMM-UHFFFAOYSA-N;ethanol__heptane;0.1993;303.15;101.0;1097.0;0.0
101254;j.jct.2007.02.008;ethanol;heptane;CCO;CCCCCCC;121182-78-3;142-82-5;InChIKey=LFQSCWFLJHTTHZ-UHFFFAOYSA-N;InChIKey=IMNFDUFMRHMDMM-UHFFFAOYSA-N;ethanol__heptane;0.3015;303.15;101.0;1094.0;0.0
101255;j.jct.2007.02.008;ethanol;heptane;CCO;CCCCCCC;121182-78-3;142-82-5;InChIKey=LFQSCWFLJHTTHZ-UHFFFAOYSA-N;InChIKey=IMNFDUFMRHMDMM-UHFFFAOYSA-N;ethanol__heptane;0.3967;303.15;101.0;1093.0;0.0
101256;j.jct.2007.02.008;ethanol;heptane;CCO;CCCCCCC;121182-78-3;142-82-5;InChIKey=LFQSCWFLJHTTHZ-UHFFFAOYSA-N;InChIKey=IMNFDUFMRHMDMM-UHFFFAOYSA-N;ethanol__heptane;0.498;303.15;101.0;1092.0;0.0
101257;j.jct.2007.02.008;ethanol;heptane;CCO;CCCCCCC;121182-78-3;142-82-5;InChIKey=LFQSCWFLJHTTHZ-UHFFFAOYSA-N;InChIKey=IMNFDUFMRHMDMM-UHFFFAOYSA-N;ethanol__heptane;0.5896;303.15;101.0;1092.0;0.0
101258;j.jct.2007.02.008;ethanol;heptane;CCO;CCCCCCC;121182-78-3;142-82-5;InChIKey=LFQSCWFLJHTTHZ-UHFFFAOYSA-N;InChIKey=IMNFDUFMRHMDMM-UHFFFAOYSA-N;ethanol__heptane;0.6993;303.15;101.0;1094.0;0.0
101259;j.jct.2007.02.008;ethanol;heptane;CCO;CCCCCCC;121182-78-3;142-82-5;InChIKey=LFQSCWFLJHTTHZ-UHFFFAOYSA-N;InChIKey=IMNFDUFMRHMDMM-UHFFFAOYSA-N;ethanol__heptane;0.8002;303.15;101.0;1098.0;0.0
101260;j.jct.2007.02.008;ethanol;heptane;CCO;CCCCCCC;121182-78-3;142-82-5;InChIKey=LFQSCWFLJHTTHZ-UHFFFAOYSA-N;InChIKey=IMNFDUFMRHMDMM-UHFFFAOYSA-N;ethanol__heptane;0.902;303.15;101.0;1108.0;0.0
101261;j.jct.2007.02.008;ethanol;heptane;CCO;CCCCCCC;121182-78-3;142-82-5;InChIKey=LFQSCWFLJHTTHZ-UHFFFAOYSA-N;InChIKey=IMNFDUFMRHMDMM-UHFFFAOYSA-N;ethanol__heptane;0.9502;303.15;101.0;1115.0;0.0
101262;j.jct.2007.02.008;ethanol;heptane;CCO;CCCCCCC;121182-78-3;142-82-5;InChIKey=LFQSCWFLJHTTHZ-UHFFFAOYSA-N;InChIKey=IMNFDUFMRHMDMM-UHFFFAOYSA-N;ethanol__heptane;1.0;303.15;101.0;1127.0;0.0
156913;j.jct.2009.01.008;2,2,4-trimethylpentane;methyl tert-butyl ether;CC(C)CC(C)(C)C;COC(C)(C)C;31921-36-5;1634-04-4;InChIKey=NHTMVDHEPJAVLT-UHFFFAOYSA-N;InChIKey=BZLVMXJERCGZMT-UHFFFAOYSA-N;2,2,4-trimethylpentane__methyl tert-butyl ether;0.0;298.15;101.0;1082.8;0.5
156914;j.jct.2009.01.008;2,2,4-trimethylpentane;methyl tert-butyl ether;CC(C)CC(C)(C)C;COC(C)(C)C;31921-36-5;1634-04-4;InChIKey=NHTMVDHEPJAVLT-UHFFFAOYSA-N;InChIKey=BZLVMXJERCGZMT-UHFFFAOYSA-N;2,2,4-trimethylpentane__methyl tert-butyl ether;0.05551;298.15;101.0;1079.2;0.5
156915;j.jct.2009.01.008;2,2,4-trimethylpentane;methyl tert-butyl ether;CC(C)CC(C)(C)C;COC(C)(C)C;31921-36-5;1634-04-4;InChIKey=NHTMVDHEPJAVLT-UHFFFAOYSA-N;InChIKey=BZLVMXJERCGZMT-UHFFFAOYSA-N;2,2,4-trimethylpentane__methyl tert-butyl ether;0.08857;298.15;101.0;1077.1;0.5
156916;j.jct.2009.01.008;2,2,4-trimethylpentane;methyl tert-butyl ether;CC(C)CC(C)(C)C;COC(C)(C)C;31921-36-5;1634-04-4;InChIKey=NHTMVDHEPJAVLT-UHFFFAOYSA-N;InChIKey=BZLVMXJERCGZMT-UHFFFAOYSA-N;2,2,4-trimethylpentane__methyl tert-butyl ether;0.13045;298.15;101.0;1074.8;0.5
156917;j.jct.2009.01.008;2,2,4-trimethylpentane;methyl tert-butyl ether;CC(C)CC(C)(C)C;COC(C)(C)C;31921-36-5;1634-04-4;InChIKey=NHTMVDHEPJAVLT-UHFFFAOYSA-N;InChIKey=BZLVMXJERCGZMT-UHFFFAOYSA-N;2,2,4-trimethylpentane__methyl tert-butyl ether;0.19708;298.15;101.0;1071.0;0.5
156918;j.jct.2009.01.008;2,2,4-trimethylpentane;methyl tert-butyl ether;CC(C)CC(C)(C)C;COC(C)(C)C;31921-36-5;1634-04-4;InChIKey=NHTMVDHEPJAVLT-UHFFFAOYSA-N;InChIKey=BZLVMXJERCGZMT-UHFFFAOYSA-N;2,2,4-trimethylpentane__methyl tert-butyl ether;0.25994;298.15;101.0;1067.4;0.5
156919;j.jct.2009.01.008;2,2,4-trimethylpentane;methyl tert-butyl ether;CC(C)CC(C)(C)C;COC(C)(C)C;31921-36-5;1634-04-4;InChIKey=NHTMVDHEPJAVLT-UHFFFAOYSA-N;InChIKey=BZLVMXJERCGZMT-UHFFFAOYSA-N;2,2,4-trimethylpentane__methyl tert-butyl ether;0.32839;298.15;101.0;1063.8;0.5
156920;j.jct.2009.01.008;2,2,4-trimethylpentane;methyl tert-butyl ether;CC(C)CC(C)(C)C;COC(C)(C)C;31921-36-5;1634-04-4;InChIKey=NHTMVDHEPJAVLT-UHFFFAOYSA-N;InChIKey=BZLVMXJERCGZMT-UHFFFAOYSA-N;2,2,4-trimethylpentane__methyl tert-butyl ether;0.40777;298.15;101.0;1059.5;0.5
156921;j.jct.2009.01.008;2,2,4-trimethylpentane;methyl tert-butyl ether;CC(C)CC(C)(C)C;COC(C)(C)C;31921-36-5;1634-04-4;InChIKey=NHTMVDHEPJAVLT-UHFFFAOYSA-N;InChIKey=BZLVMXJERCGZMT-UHFFFAOYSA-N;2,2,4-trimethylpentane__methyl tert-butyl ether;0.47558;298.15;101.0;1056.1;0.5
156922;j.jct.2009.01.008;2,2,4-trimethylpentane;methyl tert-butyl ether;CC(C)CC(C)(C)C;COC(C)(C)C;31921-36-5;1634-04-4;InChIKey=NHTMVDHEPJAVLT-UHFFFAOYSA-N;InChIKey=BZLVMXJERCGZMT-UHFFFAOYSA-N;2,2,4-trimethylpentane__methyl tert-butyl ether;0.56289;298.15;101.0;1052.0;0.5
156923;j.jct.2009.01.008;2,2,4-trimethylpentane;methyl tert-butyl ether;CC(C)CC(C)(C)C;COC(C)(C)C;31921-36-5;1634-04-4;InChIKey=NHTMVDHEPJAVLT-UHFFFAOYSA-N;InChIKey=BZLVMXJERCGZMT-UHFFFAOYSA-N;2,2,4-trimethylpentane__methyl tert-butyl ether;0.61844;298.15;101.0;1049.5;0.5
156924;j.jct.2009.01.008;2,2,4-trimethylpentane;methyl tert-butyl ether;CC(C)CC(C)(C)C;COC(C)(C)C;31921-36-5;1634-04-4;InChIKey=NHTMVDHEPJAVLT-UHFFFAOYSA-N;InChIKey=BZLVMXJERCGZMT-UHFFFAOYSA-N;2,2,4-trimethylpentane__methyl tert-butyl ether;0.68306;298.15;101.0;1046.7;0.5
156925;j.jct.2009.01.008;2,2,4-trimethylpentane;methyl tert-butyl ether;CC(C)CC(C)(C)C;COC(C)(C)C;31921-36-5;1634-04-4;InChIKey=NHTMVDHEPJAVLT-UHFFFAOYSA-N;InChIKey=BZLVMXJERCGZMT-UHFFFAOYSA-N;2,2,4-trimethylpentane__methyl tert-butyl ether;0.74559;298.15;101.0;1044.1;0.5
156926;j.jct.2009.01.008;2,2,4-trimethylpentane;methyl tert-butyl ether;CC(C)CC(C)(C)C;COC(C)(C)C;31921-36-5;1634-04-4;InChIKey=NHTMVDHEPJAVLT-UHFFFAOYSA-N;InChIKey=BZLVMXJERCGZMT-UHFFFAOYSA-N;2,2,4-trimethylpentane__methyl tert-butyl ether;0.76442;298.15;101.0;1043.4;0.5
156927;j.jct.2009.01.008;2,2,4-trimethylpentane;methyl tert-butyl ether;CC(C)CC(C)(C)C;COC(C)(C)C;31921-36-5;1634-04-4;InChIKey=NHTMVDHEPJAVLT-UHFFFAOYSA-N;InChIKey=BZLVMXJERCGZMT-UHFFFAOYSA-N;2,2,4-trimethylpentane__methyl tert-butyl ether;0.81426;298.15;101.0;1041.7;0.5
156928;j.jct.2009.01.008;2,2,4-trimethylpentane;methyl tert-butyl ether;CC(C)CC(C)(C)C;COC(C)(C)C;31921-36-5;1634-04-4;InChIKey=NHTMVDHEPJAVLT-UHFFFAOYSA-N;InChIKey=BZLVMXJERCGZMT-UHFFFAOYSA-N;2,2,4-trimethylpentane__methyl tert-butyl ether;0.81549;298.15;101.0;1041.5;0.5
156929;j.jct.2009.01.008;2,2,4-trimethylpentane;methyl tert-butyl ether;CC(C)CC(C)(C)C;COC(C)(C)C;31921-36-5;1634-04-4;InChIKey=NHTMVDHEPJAVLT-UHFFFAOYSA-N;InChIKey=BZLVMXJERCGZMT-UHFFFAOYSA-N;2,2,4-trimethylpentane__methyl tert-butyl ether;0.86748;298.15;101.0;1039.8;0.5
156930;j.jct.2009.01.008;2,2,4-trimethylpentane;methyl tert-butyl ether;CC(C)CC(C)(C)C;COC(C)(C)C;31921-36-5;1634-04-4;InChIKey=NHTMVDHEPJAVLT-UHFFFAOYSA-N;InChIKey=BZLVMXJERCGZMT-UHFFFAOYSA-N;2,2,4-trimethylpentane__methyl tert-butyl ether;0.93763;298.15;101.0;1037.8;0.5
156931;j.jct.2009.01.008;2,2,4-trimethylpentane;methyl tert-butyl ether;CC(C)CC(C)(C)C;COC(C)(C)C;31921-36-5;1634-04-4;InChIKey=NHTMVDHEPJAVLT-UHFFFAOYSA-N;InChIKey=BZLVMXJERCGZMT-UHFFFAOYSA-N;2,2,4-trimethylpentane__methyl tert-butyl ether;1.0;298.15;101.0;1036.4;0.5
156932;j.jct.2009.01.008;2,2,4-trimethylpentane;methyl tert-butyl ether;CC(C)CC(C)(C)C;COC(C)(C)C;31921-36-5;1634-04-4;InChIKey=NHTMVDHEPJAVLT-UHFFFAOYSA-N;InChIKey=BZLVMXJERCGZMT-UHFFFAOYSA-N;2,2,4-trimethylpentane__methyl tert-butyl ether;0.0;308.15;101.0;1041.1;0.5
156933;j.jct.2009.01.008;2,2,4-trimethylpentane;methyl tert-butyl ether;CC(C)CC(C)(C)C;COC(C)(C)C;31921-36-5;1634-04-4;InChIKey=NHTMVDHEPJAVLT-UHFFFAOYSA-N;InChIKey=BZLVMXJERCGZMT-UHFFFAOYSA-N;2,2,4-trimethylpentane__methyl tert-butyl ether;0.05551;308.15;101.0;1037.5;0.5
156934;j.jct.2009.01.008;2,2,4-trimethylpentane;methyl tert-butyl ether;CC(C)CC(C)(C)C;COC(C)(C)C;31921-36-5;1634-04-4;InChIKey=NHTMVDHEPJAVLT-UHFFFAOYSA-N;InChIKey=BZLVMXJERCGZMT-UHFFFAOYSA-N;2,2,4-trimethylpentane__methyl tert-butyl ether;0.13045;308.15;101.0;1032.8;0.5
156935;j.jct.2009.01.008;2,2,4-trimethylpentane;methyl tert-butyl ether;CC(C)CC(C)(C)C;COC(C)(C)C;31921-36-5;1634-04-4;InChIKey=NHTMVDHEPJAVLT-UHFFFAOYSA-N;InChIKey=BZLVMXJERCGZMT-UHFFFAOYSA-N;2,2,4-trimethylpentane__methyl tert-butyl ether;0.19708;308.15;101.0;1028.7;0.5
156936;j.jct.2009.01.008;2,2,4-trimethylpentane;methyl tert-butyl ether;CC(C)CC(C)(C)C;COC(C)(C)C;31921-36-5;1634-04-4;InChIKey=NHTMVDHEPJAVLT-UHFFFAOYSA-N;InChIKey=BZLVMXJERCGZMT-UHFFFAOYSA-N;2,2,4-trimethylpentane__methyl tert-butyl ether;0.25994;308.15;101.0;1024.9;0.5
156937;j.jct.2009.01.008;2,2,4-trimethylpentane;methyl tert-butyl ether;CC(C)CC(C)(C)C;COC(C)(C)C;31921-36-5;1634-04-4;InChIKey=NHTMVDHEPJAVLT-UHFFFAOYSA-N;InChIKey=BZLVMXJERCGZMT-UHFFFAOYSA-N;2,2,4-trimethylpentane__methyl tert-butyl ether;0.32839;308.15;101.0;1021.0;0.5
156938;j.jct.2009.01.008;2,2,4-trimethylpentane;methyl tert-butyl ether;CC(C)CC(C)(C)C;COC(C)(C)C;31921-36-5;1634-04-4;InChIKey=NHTMVDHEPJAVLT-UHFFFAOYSA-N;InChIKey=BZLVMXJERCGZMT-UHFFFAOYSA-N;2,2,4-trimethylpentane__methyl tert-butyl ether;0.40777;308.15;101.0;1016.4;0.5
156939;j.jct.2009.01.008;2,2,4-trimethylpentane;methyl tert-butyl ether;CC(C)CC(C)(C)C;COC(C)(C)C;31921-36-5;1634-04-4;InChIKey=NHTMVDHEPJAVLT-UHFFFAOYSA-N;InChIKey=BZLVMXJERCGZMT-UHFFFAOYSA-N;2,2,4-trimethylpentane__methyl tert-butyl ether;0.47558;308.15;101.0;1012.7;0.5
156940;j.jct.2009.01.008;2,2,4-trimethylpentane;methyl tert-butyl ether;CC(C)CC(C)(C)C;COC(C)(C)C;31921-36-5;1634-04-4;InChIKey=NHTMVDHEPJAVLT-UHFFFAOYSA-N;InChIKey=BZLVMXJERCGZMT-UHFFFAOYSA-N;2,2,4-trimethylpentane__methyl tert-butyl ether;0.56289;308.15;101.0;1008.2;0.5
156941;j.jct.2009.01.008;2,2,4-trimethylpentane;methyl tert-butyl ether;CC(C)CC(C)(C)C;COC(C)(C)C;31921-36-5;1634-04-4;InChIKey=NHTMVDHEPJAVLT-UHFFFAOYSA-N;InChIKey=BZLVMXJERCGZMT-UHFFFAOYSA-N;2,2,4-trimethylpentane__methyl tert-butyl ether;0.68306;308.15;101.0;1002.5;0.5
156942;j.jct.2009.01.008;2,2,4-trimethylpentane;methyl tert-butyl ether;CC(C)CC(C)(C)C;COC(C)(C)C;31921-36-5;1634-04-4;InChIKey=NHTMVDHEPJAVLT-UHFFFAOYSA-N;InChIKey=BZLVMXJERCGZMT-UHFFFAOYSA-N;2,2,4-trimethylpentane__methyl tert-butyl ether;0.74559;308.15;101.0;995.5;0.5
156943;j.jct.2009.01.008;2,2,4-trimethylpentane;methyl tert-butyl ether;CC(C)CC(C)(C)C;COC(C)(C)C;31921-36-5;1634-04-4;InChIKey=NHTMVDHEPJAVLT-UHFFFAOYSA-N;InChIKey=BZLVMXJERCGZMT-UHFFFAOYSA-N;2,2,4-trimethylpentane__methyl tert-butyl ether;0.81549;308.15;101.0;996.6;0.5
156944;j.jct.2009.01.008;2,2,4-trimethylpentane;methyl tert-butyl ether;CC(C)CC(C)(C)C;COC(C)(C)C;31921-36-5;1634-04-4;InChIKey=NHTMVDHEPJAVLT-UHFFFAOYSA-N;InChIKey=BZLVMXJERCGZMT-UHFFFAOYSA-N;2,2,4-trimethylpentane__methyl tert-butyl ether;0.86748;308.15;101.0;994.7;0.5
156945;j.jct.2009.01.008;2,2,4-trimethylpentane;methyl tert-butyl ether;CC(C)CC(C)(C)C;COC(C)(C)C;31921-36-5;1634-04-4;InChIKey=NHTMVDHEPJAVLT-UHFFFAOYSA-N;InChIKey=BZLVMXJERCGZMT-UHFFFAOYSA-N;2,2,4-trimethylpentane__methyl tert-butyl ether;0.93763;308.15;101.0;992.5;0.5
156946;j.jct.2009.01.008;2,2,4-trimethylpentane;methyl tert-butyl ether;CC(C)CC(C)(C)C;COC(C)(C)C;31921-36-5;1634-04-4;InChIKey=NHTMVDHEPJAVLT-UHFFFAOYSA-N;InChIKey=BZLVMXJERCGZMT-UHFFFAOYSA-N;2,2,4-trimethylpentane__methyl tert-butyl ether;1.0;308.15;101.0;990.8;0.5
156947;j.jct.2009.01.008;2,2,4-trimethylpentane;methyl tert-butyl ether;CC(C)CC(C)(C)C;COC(C)(C)C;31921-36-5;1634-04-4;InChIKey=NHTMVDHEPJAVLT-UHFFFAOYSA-N;InChIKey=BZLVMXJERCGZMT-UHFFFAOYSA-N;2,2,4-trimethylpentane__methyl tert-butyl ether;0.0;318.15;101.0;1000.0;0.5
156948;j.jct.2009.01.008;2,2,4-trimethylpentane;methyl tert-butyl ether;CC(C)CC(C)(C)C;COC(C)(C)C;31921-36-5;1634-04-4;InChIKey=NHTMVDHEPJAVLT-UHFFFAOYSA-N;InChIKey=BZLVMXJERCGZMT-UHFFFAOYSA-N;2,2,4-trimethylpentane__methyl tert-butyl ether;0.08857;318.15;101.0;993.7;0.5
156949;j.jct.2009.01.008;2,2,4-trimethylpentane;methyl tert-butyl ether;CC(C)CC(C)(C)C;COC(C)(C)C;31921-36-5;1634-04-4;InChIKey=NHTMVDHEPJAVLT-UHFFFAOYSA-N;InChIKey=BZLVMXJERCGZMT-UHFFFAOYSA-N;2,2,4-trimethylpentane__methyl tert-butyl ether;0.13045;318.15;101.0;991.2;0.5
156950;j.jct.2009.01.008;2,2,4-trimethylpentane;methyl tert-butyl ether;CC(C)CC(C)(C)C;COC(C)(C)C;31921-36-5;1634-04-4;InChIKey=NHTMVDHEPJAVLT-UHFFFAOYSA-N;InChIKey=BZLVMXJERCGZMT-UHFFFAOYSA-N;2,2,4-trimethylpentane__methyl tert-butyl ether;0.19708;318.15;101.0;986.9;0.5
156951;j.jct.2009.01.008;2,2,4-trimethylpentane;methyl tert-butyl ether;CC(C)CC(C)(C)C;COC(C)(C)C;31921-36-5;1634-04-4;InChIKey=NHTMVDHEPJAVLT-UHFFFAOYSA-N;InChIKey=BZLVMXJERCGZMT-UHFFFAOYSA-N;2,2,4-trimethylpentane__methyl tert-butyl ether;0.25994;318.15;101.0;983.0;0.5
156952;j.jct.2009.01.008;2,2,4-trimethylpentane;methyl tert-butyl ether;CC(C)CC(C)(C)C;COC(C)(C)C;31921-36-5;1634-04-4;InChIKey=NHTMVDHEPJAVLT-UHFFFAOYSA-N;InChIKey=BZLVMXJERCGZMT-UHFFFAOYSA-N;2,2,4-trimethylpentane__methyl tert-butyl ether;0.32839;318.15;101.0;978.9;0.5
156953;j.jct.2009.01.008;2,2,4-trimethylpentane;methyl tert-butyl ether;CC(C)CC(C)(C)C;COC(C)(C)C;31921-36-5;1634-04-4;InChIKey=NHTMVDHEPJAVLT-UHFFFAOYSA-N;InChIKey=BZLVMXJERCGZMT-UHFFFAOYSA-N;2,2,4-trimethylpentane__methyl tert-butyl ether;0.40777;318.15;101.0;973.8;0.5
156954;j.jct.2009.01.008;2,2,4-trimethylpentane;methyl tert-butyl ether;CC(C)CC(C)(C)C;COC(C)(C)C;31921-36-5;1634-04-4;InChIKey=NHTMVDHEPJAVLT-UHFFFAOYSA-N;InChIKey=BZLVMXJERCGZMT-UHFFFAOYSA-N;2,2,4-trimethylpentane__methyl tert-butyl ether;0.56289;318.15;101.0;964.9;0.5
156955;j.jct.2009.01.008;2,2,4-trimethylpentane;methyl tert-butyl ether;CC(C)CC(C)(C)C;COC(C)(C)C;31921-36-5;1634-04-4;InChIKey=NHTMVDHEPJAVLT-UHFFFAOYSA-N;InChIKey=BZLVMXJERCGZMT-UHFFFAOYSA-N;2,2,4-trimethylpentane__methyl tert-butyl ether;0.68306;318.15;101.0;958.7;0.5
156956;j.jct.2009.01.008;2,2,4-trimethylpentane;methyl tert-butyl ether;CC(C)CC(C)(C)C;COC(C)(C)C;31921-36-5;1634-04-4;InChIKey=NHTMVDHEPJAVLT-UHFFFAOYSA-N;InChIKey=BZLVMXJERCGZMT-UHFFFAOYSA-N;2,2,4-trimethylpentane__methyl tert-butyl ether;0.74559;318.15;101.0;955.6;0.5
156957;j.jct.2009.01.008;2,2,4-trimethylpentane;methyl tert-butyl ether;CC(C)CC(C)(C)C;COC(C)(C)C;31921-36-5;1634-04-4;InChIKey=NHTMVDHEPJAVLT-UHFFFAOYSA-N;InChIKey=BZLVMXJERCGZMT-UHFFFAOYSA-N;2,2,4-trimethylpentane__methyl tert-butyl ether;0.81549;318.15;101.0;952.4;0.5
156958;j.jct.2009.01.008;2,2,4-trimethylpentane;methyl tert-butyl ether;CC(C)CC(C)(C)C;COC(C)(C)C;31921-36-5;1634-04-4;InChIKey=NHTMVDHEPJAVLT-UHFFFAOYSA-N;InChIKey=BZLVMXJERCGZMT-UHFFFAOYSA-N;2,2,4-trimethylpentane__methyl tert-butyl ether;0.86748;318.15;101.0;950.0;0.5
156959;j.jct.2009.01.008;2,2,4-trimethylpentane;methyl tert-butyl ether;CC(C)CC(C)(C)C;COC(C)(C)C;31921-36-5;1634-04-4;InChIKey=NHTMVDHEPJAVLT-UHFFFAOYSA-N;InChIKey=BZLVMXJERCGZMT-UHFFFAOYSA-N;2,2,4-trimethylpentane__methyl tert-butyl ether;0.93763;318.15;101.0;947.4;0.5
156960;j.jct.2009.01.008;2,2,4-trimethylpentane;methyl tert-butyl ether;CC(C)CC(C)(C)C;COC(C)(C)C;31921-36-5;1634-04-4;InChIKey=NHTMVDHEPJAVLT-UHFFFAOYSA-N;InChIKey=BZLVMXJERCGZMT-UHFFFAOYSA-N;2,2,4-trimethylpentane__methyl tert-butyl ether;1.0;318.15;101.0;945.3;0.5
156961;j.jct.2009.01.008;2,2,4-trimethylpentane;methyl tert-butyl ether;CC(C)CC(C)(C)C;COC(C)(C)C;31921-36-5;1634-04-4;InChIKey=NHTMVDHEPJAVLT-UHFFFAOYSA-N;InChIKey=BZLVMXJERCGZMT-UHFFFAOYSA-N;2,2,4-trimethylpentane__methyl tert-butyl ether;0.0;328.15;101.0;958.4;0.5
156962;j.jct.2009.01.008;2,2,4-trimethylpentane;methyl tert-butyl ether;CC(C)CC(C)(C)C;COC(C)(C)C;31921-36-5;1634-04-4;InChIKey=NHTMVDHEPJAVLT-UHFFFAOYSA-N;InChIKey=BZLVMXJERCGZMT-UHFFFAOYSA-N;2,2,4-trimethylpentane__methyl tert-butyl ether;0.08857;328.15;101.0;952.7;0.5
156963;j.jct.2009.01.008;2,2,4-trimethylpentane;methyl tert-butyl ether;CC(C)CC(C)(C)C;COC(C)(C)C;31921-36-5;1634-04-4;InChIKey=NHTMVDHEPJAVLT-UHFFFAOYSA-N;InChIKey=BZLVMXJERCGZMT-UHFFFAOYSA-N;2,2,4-trimethylpentane__methyl tert-butyl ether;0.19708;328.15;101.0;945.5;0.5
156964;j.jct.2009.01.008;2,2,4-trimethylpentane;methyl tert-butyl ether;CC(C)CC(C)(C)C;COC(C)(C)C;31921-36-5;1634-04-4;InChIKey=NHTMVDHEPJAVLT-UHFFFAOYSA-N;InChIKey=BZLVMXJERCGZMT-UHFFFAOYSA-N;2,2,4-trimethylpentane__methyl tert-butyl ether;0.25994;328.15;101.0;941.5;0.5
156965;j.jct.2009.01.008;2,2,4-trimethylpentane;methyl tert-butyl ether;CC(C)CC(C)(C)C;COC(C)(C)C;31921-36-5;1634-04-4;InChIKey=NHTMVDHEPJAVLT-UHFFFAOYSA-N;InChIKey=BZLVMXJERCGZMT-UHFFFAOYSA-N;2,2,4-trimethylpentane__methyl tert-butyl ether;0.33154;328.15;101.0;936.4;0.5
156966;j.jct.2009.01.008;2,2,4-trimethylpentane;methyl tert-butyl ether;CC(C)CC(C)(C)C;COC(C)(C)C;31921-36-5;1634-04-4;InChIKey=NHTMVDHEPJAVLT-UHFFFAOYSA-N;InChIKey=BZLVMXJERCGZMT-UHFFFAOYSA-N;2,2,4-trimethylpentane__methyl tert-butyl ether;0.56289;328.15;101.0;922.2;0.5
156967;j.jct.2009.01.008;2,2,4-trimethylpentane;methyl tert-butyl ether;CC(C)CC(C)(C)C;COC(C)(C)C;31921-36-5;1634-04-4;InChIKey=NHTMVDHEPJAVLT-UHFFFAOYSA-N;InChIKey=BZLVMXJERCGZMT-UHFFFAOYSA-N;2,2,4-trimethylpentane__methyl tert-butyl ether;0.68306;328.15;101.0;915.2;0.5
330951;j.jct.2013.05.009;1-butanol;2,2,4-trimethylpentane;CCCCO;CC(C)CC(C)(C)C;107569-51-7;31921-36-5;InChIKey=LRHPLDYGYMQRHN-UHFFFAOYSA-N;InChIKey=NHTMVDHEPJAVLT-UHFFFAOYSA-N;1-butanol__2,2,4-trimethylpentane;1.0;298.15;101.0;1082.7;0.5
330952;j.jct.2013.05.009;1-butanol;2,2,4-trimethylpentane;CCCCO;CC(C)CC(C)(C)C;107569-51-7;31921-36-5;InChIKey=LRHPLDYGYMQRHN-UHFFFAOYSA-N;InChIKey=NHTMVDHEPJAVLT-UHFFFAOYSA-N;1-butanol__2,2,4-trimethylpentane;0.98101;298.15;101.0;1082.1;0.5
330953;j.jct.2013.05.009;1-butanol;2,2,4-trimethylpentane;CCCCO;CC(C)CC(C)(C)C;107569-51-7;31921-36-5;InChIKey=LRHPLDYGYMQRHN-UHFFFAOYSA-N;InChIKey=NHTMVDHEPJAVLT-UHFFFAOYSA-N;1-butanol__2,2,4-trimethylpentane;0.96192;298.15;101.0;1082.3;0.5
330954;j.jct.2013.05.009;1-butanol;2,2,4-trimethylpentane;CCCCO;CC(C)CC(C)(C)C;107569-51-7;31921-36-5;InChIKey=LRHPLDYGYMQRHN-UHFFFAOYSA-N;InChIKey=NHTMVDHEPJAVLT-UHFFFAOYSA-N;1-butanol__2,2,4-trimethylpentane;0.94221;298.15;101.0;1082.9;0.5
330955;j.jct.2013.05.009;1-butanol;2,2,4-trimethylpentane;CCCCO;CC(C)CC(C)(C)C;107569-51-7;31921-36-5;InChIKey=LRHPLDYGYMQRHN-UHFFFAOYSA-N;InChIKey=NHTMVDHEPJAVLT-UHFFFAOYSA-N;1-butanol__2,2,4-trimethylpentane;0.90776;298.15;101.0;1084.5;0.5
330956;j.jct.2013.05.009;1-butanol;2,2,4-trimethylpentane;CCCCO;CC(C)CC(C)(C)C;107569-51-7;31921-36-5;InChIKey=LRHPLDYGYMQRHN-UHFFFAOYSA-N;InChIKey=NHTMVDHEPJAVLT-UHFFFAOYSA-N;1-butanol__2,2,4-trimethylpentane;0.86827;298.15;101.0;1086.7;0.5
330957;j.jct.2013.05.009;1-butanol;2,2,4-trimethylpentane;CCCCO;CC(C)CC(C)(C)C;107569-51-7;31921-36-5;InChIKey=LRHPLDYGYMQRHN-UHFFFAOYSA-N;InChIKey=NHTMVDHEPJAVLT-UHFFFAOYSA-N;1-butanol__2,2,4-trimethylpentane;0.80947;298.15;101.0;1090.6;0.5
330958;j.jct.2013.05.009;1-butanol;2,2,4-trimethylpentane;CCCCO;CC(C)CC(C)(C)C;107569-51-7;31921-36-5;InChIKey=LRHPLDYGYMQRHN-UHFFFAOYSA-N;InChIKey=NHTMVDHEPJAVLT-UHFFFAOYSA-N;1-butanol__2,2,4-trimethylpentane;0.74202;298.15;101.0;1095.9;0.5
330959;j.jct.2013.05.009;1-butanol;2,2,4-trimethylpentane;CCCCO;CC(C)CC(C)(C)C;107569-51-7;31921-36-5;InChIKey=LRHPLDYGYMQRHN-UHFFFAOYSA-N;InChIKey=NHTMVDHEPJAVLT-UHFFFAOYSA-N;1-butanol__2,2,4-trimethylpentane;0.67875;298.15;101.0;1101.9;0.5
330960;j.jct.2013.05.009;1-butanol;2,2,4-trimethylpentane;CCCCO;CC(C)CC(C)(C)C;107569-51-7;31921-36-5;InChIKey=LRHPLDYGYMQRHN-UHFFFAOYSA-N;InChIKey=NHTMVDHEPJAVLT-UHFFFAOYSA-N;1-butanol__2,2,4-trimethylpentane;0.60674;298.15;101.0;1109.8;0.5
330961;j.jct.2013.05.009;1-butanol;2,2,4-trimethylpentane;CCCCO;CC(C)CC(C)(C)C;107569-51-7;31921-36-5;InChIKey=LRHPLDYGYMQRHN-UHFFFAOYSA-N;InChIKey=NHTMVDHEPJAVLT-UHFFFAOYSA-N;1-butanol__2,2,4-trimethylpentane;0.54579;298.15;101.0;1117.4;0.5
330962;j.jct.2013.05.009;1-butanol;2,2,4-trimethylpentane;CCCCO;CC(C)CC(C)(C)C;107569-51-7;31921-36-5;InChIKey=LRHPLDYGYMQRHN-UHFFFAOYSA-N;InChIKey=NHTMVDHEPJAVLT-UHFFFAOYSA-N;1-butanol__2,2,4-trimethylpentane;0.45532;298.15;101.0;1130.7;0.5
330963;j.jct.2013.05.009;1-butanol;2,2,4-trimethylpentane;CCCCO;CC(C)CC(C)(C)C;107569-51-7;31921-36-5;InChIKey=LRHPLDYGYMQRHN-UHFFFAOYSA-N;InChIKey=NHTMVDHEPJAVLT-UHFFFAOYSA-N;1-butanol__2,2,4-trimethylpentane;0.39323;298.15;101.0;1141.1;0.5
330964;j.jct.2013.05.009;1-butanol;2,2,4-trimethylpentane;CCCCO;CC(C)CC(C)(C)C;107569-51-7;31921-36-5;InChIKey=LRHPLDYGYMQRHN-UHFFFAOYSA-N;InChIKey=NHTMVDHEPJAVLT-UHFFFAOYSA-N;1-butanol__2,2,4-trimethylpentane;0.31756;298.15;101.0;1155.5;0.5
330965;j.jct.2013.05.009;1-butanol;2,2,4-trimethylpentane;CCCCO;CC(C)CC(C)(C)C;107569-51-7;31921-36-5;InChIKey=LRHPLDYGYMQRHN-UHFFFAOYSA-N;InChIKey=NHTMVDHEPJAVLT-UHFFFAOYSA-N;1-butanol__2,2,4-trimethylpentane;0.2621;298.15;101.0;1167.3;0.5
330966;j.jct.2013.05.009;1-butanol;2,2,4-trimethylpentane;CCCCO;CC(C)CC(C)(C)C;107569-51-7;31921-36-5;InChIKey=LRHPLDYGYMQRHN-UHFFFAOYSA-N;InChIKey=NHTMVDHEPJAVLT-UHFFFAOYSA-N;1-butanol__2,2,4-trimethylpentane;0.2049;298.15;101.0;1180.8;0.5
330967;j.jct.2013.05.009;1-butanol;2,2,4-trimethylpentane;CCCCO;CC(C)CC(C)(C)C;107569-51-7;31921-36-5;InChIKey=LRHPLDYGYMQRHN-UHFFFAOYSA-N;InChIKey=NHTMVDHEPJAVLT-UHFFFAOYSA-N;1-butanol__2,2,4-trimethylpentane;0.14265;298.15;101.0;1196.8;0.5
330968;j.jct.2013.05.009;1-butanol;2,2,4-trimethylpentane;CCCCO;CC(C)CC(C)(C)C;107569-51-7;31921-36-5;InChIKey=LRHPLDYGYMQRHN-UHFFFAOYSA-N;InChIKey=NHTMVDHEPJAVLT-UHFFFAOYSA-N;1-butanol__2,2,4-trimethylpentane;0.07555;298.15;101.0;1216.0;0.5
330969;j.jct.2013.05.009;1-butanol;2,2,4-trimethylpentane;CCCCO;CC(C)CC(C)(C)C;107569-51-7;31921-36-5;InChIKey=LRHPLDYGYMQRHN-UHFFFAOYSA-N;InChIKey=NHTMVDHEPJAVLT-UHFFFAOYSA-N;1-butanol__2,2,4-trimethylpentane;0.03101;298.15;101.0;1229.7;0.5
330970;j.jct.2013.05.009;1-butanol;2,2,4-trimethylpentane;CCCCO;CC(C)CC(C)(C)C;107569-51-7;31921-36-5;InChIKey=LRHPLDYGYMQRHN-UHFFFAOYSA-N;InChIKey=NHTMVDHEPJAVLT-UHFFFAOYSA-N;1-butanol__2,2,4-trimethylpentane;0.0;298.15;101.0;1239.9;0.5
330971;j.jct.2013.05.009;1-butanol;2,2,4-trimethylpentane;CCCCO;CC(C)CC(C)(C)C;107569-51-7;31921-36-5;InChIKey=LRHPLDYGYMQRHN-UHFFFAOYSA-N;InChIKey=NHTMVDHEPJAVLT-UHFFFAOYSA-N;1-butanol__2,2,4-trimethylpentane;1.0;308.15;101.0;1041.1;0.5
330972;j.jct.2013.05.009;1-butanol;2,2,4-trimethylpentane;CCCCO;CC(C)CC(C)(C)C;107569-51-7;31921-36-5;InChIKey=LRHPLDYGYMQRHN-UHFFFAOYSA-N;InChIKey=NHTMVDHEPJAVLT-UHFFFAOYSA-N;1-butanol__2,2,4-trimethylpentane;0.98101;308.15;101.0;1040.9;0.5
330973;j.jct.2013.05.009;1-butanol;2,2,4-trimethylpentane;CCCCO;CC(C)CC(C)(C)C;107569-51-7;31921-36-5;InChIKey=LRHPLDYGYMQRHN-UHFFFAOYSA-N;InChIKey=NHTMVDHEPJAVLT-UHFFFAOYSA-N;1-butanol__2,2,4-trimethylpentane;0.96192;308.15;101.0;1040.7;0.5
330974;j.jct.2013.05.009;1-butanol;2,2,4-trimethylpentane;CCCCO;CC(C)CC(C)(C)C;107569-51-7;31921-36-5;InChIKey=LRHPLDYGYMQRHN-UHFFFAOYSA-N;InChIKey=NHTMVDHEPJAVLT-UHFFFAOYSA-N;1-butanol__2,2,4-trimethylpentane;0.94221;308.15;101.0;1041.5;0.5
330975;j.jct.2013.05.009;1-butanol;2,2,4-trimethylpentane;CCCCO;CC(C)CC(C)(C)C;107569-51-7;31921-36-5;InChIKey=LRHPLDYGYMQRHN-UHFFFAOYSA-N;InChIKey=NHTMVDHEPJAVLT-UHFFFAOYSA-N;1-butanol__2,2,4-trimethylpentane;0.90776;308.15;101.0;1043.1;0.5
330976;j.jct.2013.05.009;1-butanol;2,2,4-trimethylpentane;CCCCO;CC(C)CC(C)(C)C;107569-51-7;31921-36-5;InChIKey=LRHPLDYGYMQRHN-UHFFFAOYSA-N;InChIKey=NHTMVDHEPJAVLT-UHFFFAOYSA-N;1-butanol__2,2,4-trimethylpentane;0.86827;308.15;101.0;1045.4;0.5
330977;j.jct.2013.05.009;1-butanol;2,2,4-trimethylpentane;CCCCO;CC(C)CC(C)(C)C;107569-51-7;31921-36-5;InChIKey=LRHPLDYGYMQRHN-UHFFFAOYSA-N;InChIKey=NHTMVDHEPJAVLT-UHFFFAOYSA-N;1-butanol__2,2,4-trimethylpentane;0.80947;308.15;101.0;1049.5;0.5
330978;j.jct.2013.05.009;1-butanol;2,2,4-trimethylpentane;CCCCO;CC(C)CC(C)(C)C;107569-51-7;31921-36-5;InChIKey=LRHPLDYGYMQRHN-UHFFFAOYSA-N;InChIKey=NHTMVDHEPJAVLT-UHFFFAOYSA-N;1-butanol__2,2,4-trimethylpentane;0.74202;308.15;101.0;1055.1;0.5
330979;j.jct.2013.05.009;1-butanol;2,2,4-trimethylpentane;CCCCO;CC(C)CC(C)(C)C;107569-51-7;31921-36-5;InChIKey=LRHPLDYGYMQRHN-UHFFFAOYSA-N;InChIKey=NHTMVDHEPJAVLT-UHFFFAOYSA-N;1-butanol__2,2,4-trimethylpentane;0.67875;308.15;101.0;1061.3;0.5
330980;j.jct.2013.05.009;1-butanol;2,2,4-trimethylpentane;CCCCO;CC(C)CC(C)(C)C;107569-51-7;31921-36-5;InChIKey=LRHPLDYGYMQRHN-UHFFFAOYSA-N;InChIKey=NHTMVDHEPJAVLT-UHFFFAOYSA-N;1-butanol__2,2,4-trimethylpentane;0.60674;308.15;101.0;1069.5;0.5
330981;j.jct.2013.05.009;1-butanol;2,2,4-trimethylpentane;CCCCO;CC(C)CC(C)(C)C;107569-51-7;31921-36-5;InChIKey=LRHPLDYGYMQRHN-UHFFFAOYSA-N;InChIKey=NHTMVDHEPJAVLT-UHFFFAOYSA-N;1-butanol__2,2,4-trimethylpentane;0.54579;308.15;101.0;1077.5;0.5
330982;j.jct.2013.05.009;1-butanol;2,2,4-trimethylpentane;CCCCO;CC(C)CC(C)(C)C;107569-51-7;31921-36-5;InChIKey=LRHPLDYGYMQRHN-UHFFFAOYSA-N;InChIKey=NHTMVDHEPJAVLT-UHFFFAOYSA-N;1-butanol__2,2,4-trimethylpentane;0.45532;308.15;101.0;1091.4;0.5
330983;j.jct.2013.05.009;1-butanol;2,2,4-trimethylpentane;CCCCO;CC(C)CC(C)(C)C;107569-51-7;31921-36-5;InChIKey=LRHPLDYGYMQRHN-UHFFFAOYSA-N;InChIKey=NHTMVDHEPJAVLT-UHFFFAOYSA-N;1-butanol__2,2,4-trimethylpentane;0.39323;308.15;101.0;1102.3;0.5
330984;j.jct.2013.05.009;1-butanol;2,2,4-trimethylpentane;CCCCO;CC(C)CC(C)(C)C;107569-51-7;31921-36-5;InChIKey=LRHPLDYGYMQRHN-UHFFFAOYSA-N;InChIKey=NHTMVDHEPJAVLT-UHFFFAOYSA-N;1-butanol__2,2,4-trimethylpentane;0.31756;308.15;101.0;1117.5;0.5
330985;j.jct.2013.05.009;1-butanol;2,2,4-trimethylpentane;CCCCO;CC(C)CC(C)(C)C;107569-51-7;31921-36-5;InChIKey=LRHPLDYGYMQRHN-UHFFFAOYSA-N;InChIKey=NHTMVDHEPJAVLT-UHFFFAOYSA-N;1-butanol__2,2,4-trimethylpentane;0.2621;308.15;101.0;1130.0;0.5
330986;j.jct.2013.05.009;1-butanol;2,2,4-trimethylpentane;CCCCO;CC(C)CC(C)(C)C;107569-51-7;31921-36-5;InChIKey=LRHPLDYGYMQRHN-UHFFFAOYSA-N;InChIKey=NHTMVDHEPJAVLT-UHFFFAOYSA-N;1-butanol__2,2,4-trimethylpentane;0.2049;308.15;101.0;1144.2;0.5
330987;j.jct.2013.05.009;1-butanol;2,2,4-trimethylpentane;CCCCO;CC(C)CC(C)(C)C;107569-51-7;31921-36-5;InChIKey=LRHPLDYGYMQRHN-UHFFFAOYSA-N;InChIKey=NHTMVDHEPJAVLT-UHFFFAOYSA-N;1-butanol__2,2,4-trimethylpentane;0.14265;308.15;101.0;1161.1;0.5
330988;j.jct.2013.05.009;1-butanol;2,2,4-trimethylpentane;CCCCO;CC(C)CC(C)(C)C;107569-51-7;31921-36-5;InChIKey=LRHPLDYGYMQRHN-UHFFFAOYSA-N;InChIKey=NHTMVDHEPJAVLT-UHFFFAOYSA-N;1-butanol__2,2,4-trimethylpentane;0.07555;308.15;101.0;1181.3;0.5
330989;j.jct.2013.05.009;1-butanol;2,2,4-trimethylpentane;CCCCO;CC(C)CC(C)(C)C;107569-51-7;31921-36-5;InChIKey=LRHPLDYGYMQRHN-UHFFFAOYSA-N;InChIKey=NHTMVDHEPJAVLT-UHFFFAOYSA-N;1-butanol__2,2,4-trimethylpentane;0.03101;308.15;101.0;1195.8;0.5
330990;j.jct.2013.05.009;1-butanol;2,2,4-trimethylpentane;CCCCO;CC(C)CC(C)(C)C;107569-51-7;31921-36-5;InChIKey=LRHPLDYGYMQRHN-UHFFFAOYSA-N;InChIKey=NHTMVDHEPJAVLT-UHFFFAOYSA-N;1-butanol__2,2,4-trimethylpentane;0.0;308.15;101.0;1206.6;0.5
330991;j.jct.2013.05.009;1-butanol;2,2,4-trimethylpentane;CCCCO;CC(C)CC(C)(C)C;107569-51-7;31921-36-5;InChIKey=LRHPLDYGYMQRHN-UHFFFAOYSA-N;InChIKey=NHTMVDHEPJAVLT-UHFFFAOYSA-N;1-butanol__2,2,4-trimethylpentane;1.0;318.15;101.0;1000.1;0.5
330992;j.jct.2013.05.009;1-butanol;2,2,4-trimethylpentane;CCCCO;CC(C)CC(C)(C)C;107569-51-7;31921-36-5;InChIKey=LRHPLDYGYMQRHN-UHFFFAOYSA-N;InChIKey=NHTMVDHEPJAVLT-UHFFFAOYSA-N;1-butanol__2,2,4-trimethylpentane;0.98101;318.15;101.0;1000.1;0.5
330993;j.jct.2013.05.009;1-butanol;2,2,4-trimethylpentane;CCCCO;CC(C)CC(C)(C)C;107569-51-7;31921-36-5;InChIKey=LRHPLDYGYMQRHN-UHFFFAOYSA-N;InChIKey=NHTMVDHEPJAVLT-UHFFFAOYSA-N;1-butanol__2,2,4-trimethylpentane;0.96192;318.15;101.0;1000.0;0.5
330994;j.jct.2013.05.009;1-butanol;2,2,4-trimethylpentane;CCCCO;CC(C)CC(C)(C)C;107569-51-7;31921-36-5;InChIKey=LRHPLDYGYMQRHN-UHFFFAOYSA-N;InChIKey=NHTMVDHEPJAVLT-UHFFFAOYSA-N;1-butanol__2,2,4-trimethylpentane;0.94221;318.15;101.0;1000.6;0.5
330995;j.jct.2013.05.009;1-butanol;2,2,4-trimethylpentane;CCCCO;CC(C)CC(C)(C)C;107569-51-7;31921-36-5;InChIKey=LRHPLDYGYMQRHN-UHFFFAOYSA-N;InChIKey=NHTMVDHEPJAVLT-UHFFFAOYSA-N;1-butanol__2,2,4-trimethylpentane;0.90776;318.15;101.0;1002.2;0.5
330996;j.jct.2013.05.009;1-butanol;2,2,4-trimethylpentane;CCCCO;CC(C)CC(C)(C)C;107569-51-7;31921-36-5;InChIKey=LRHPLDYGYMQRHN-UHFFFAOYSA-N;InChIKey=NHTMVDHEPJAVLT-UHFFFAOYSA-N;1-butanol__2,2,4-trimethylpentane;0.86827;318.15;101.0;1004.6;0.5
330997;j.jct.2013.05.009;1-butanol;2,2,4-trimethylpentane;CCCCO;CC(C)CC(C)(C)C;107569-51-7;31921-36-5;InChIKey=LRHPLDYGYMQRHN-UHFFFAOYSA-N;InChIKey=NHTMVDHEPJAVLT-UHFFFAOYSA-N;1-butanol__2,2,4-trimethylpentane;0.80947;318.15;101.0;1008.8;0.5
330998;j.jct.2013.05.009;1-butanol;2,2,4-trimethylpentane;CCCCO;CC(C)CC(C)(C)C;107569-51-7;31921-36-5;InChIKey=LRHPLDYGYMQRHN-UHFFFAOYSA-N;InChIKey=NHTMVDHEPJAVLT-UHFFFAOYSA-N;1-butanol__2,2,4-trimethylpentane;0.74202;318.15;101.0;1014.7;0.5
330999;j.jct.2013.05.009;1-butanol;2,2,4-trimethylpentane;CCCCO;CC(C)CC(C)(C)C;107569-51-7;31921-36-5;InChIKey=LRHPLDYGYMQRHN-UHFFFAOYSA-N;InChIKey=NHTMVDHEPJAVLT-UHFFFAOYSA-N;1-butanol__2,2,4-trimethylpentane;0.67875;318.15;101.0;1021.1;0.5
331000;j.jct.2013.05.009;1-butanol;2,2,4-trimethylpentane;CCCCO;CC(C)CC(C)(C)C;107569-51-7;31921-36-5;InChIKey=LRHPLDYGYMQRHN-UHFFFAOYSA-N;InChIKey=NHTMVDHEPJAVLT-UHFFFAOYSA-N;1-butanol__2,2,4-trimethylpentane;0.60674;318.15;101.0;1029.7;0.5
331001;j.jct.2013.05.009;1-butanol;2,2,4-trimethylpentane;CCCCO;CC(C)CC(C)(C)C;107569-51-7;31921-36-5;InChIKey=LRHPLDYGYMQRHN-UHFFFAOYSA-N;InChIKey=NHTMVDHEPJAVLT-UHFFFAOYSA-N;1-butanol__2,2,4-trimethylpentane;0.54579;318.15;101.0;1038.1;0.5
331002;j.jct.2013.05.009;1-butanol;2,2,4-trimethylpentane;CCCCO;CC(C)CC(C)(C)C;107569-51-7;31921-36-5;InChIKey=LRHPLDYGYMQRHN-UHFFFAOYSA-N;InChIKey=NHTMVDHEPJAVLT-UHFFFAOYSA-N;1-butanol__2,2,4-trimethylpentane;0.45532;318.15;101.0;1052.6;0.5
331003;j.jct.2013.05.009;1-butanol;2,2,4-trimethylpentane;CCCCO;CC(C)CC(C)(C)C;107569-51-7;31921-36-5;InChIKey=LRHPLDYGYMQRHN-UHFFFAOYSA-N;InChIKey=NHTMVDHEPJAVLT-UHFFFAOYSA-N;1-butanol__2,2,4-trimethylpentane;0.39323;318.15;101.0;1063.9;0.5
331004;j.jct.2013.05.009;1-butanol;2,2,4-trimethylpentane;CCCCO;CC(C)CC(C)(C)C;107569-51-7;31921-36-5;InChIKey=LRHPLDYGYMQRHN-UHFFFAOYSA-N;InChIKey=NHTMVDHEPJAVLT-UHFFFAOYSA-N;1-butanol__2,2,4-trimethylpentane;0.31756;318.15;101.0;1079.8;0.5
331005;j.jct.2013.05.009;1-butanol;2,2,4-trimethylpentane;CCCCO;CC(C)CC(C)(C)C;107569-51-7;31921-36-5;InChIKey=LRHPLDYGYMQRHN-UHFFFAOYSA-N;InChIKey=NHTMVDHEPJAVLT-UHFFFAOYSA-N;1-butanol__2,2,4-trimethylpentane;0.2621;318.15;101.0;1092.5;0.5
331006;j.jct.2013.05.009;1-butanol;2,2,4-trimethylpentane;CCCCO;CC(C)CC(C)(C)C;107569-51-7;31921-36-5;InChIKey=LRHPLDYGYMQRHN-UHFFFAOYSA-N;InChIKey=NHTMVDHEPJAVLT-UHFFFAOYSA-N;1-butanol__2,2,4-trimethylpentane;0.2049;318.15;101.0;1107.8;0.5
331007;j.jct.2013.05.009;1-butanol;2,2,4-trimethylpentane;CCCCO;CC(C)CC(C)(C)C;107569-51-7;31921-36-5;InChIKey=LRHPLDYGYMQRHN-UHFFFAOYSA-N;InChIKey=NHTMVDHEPJAVLT-UHFFFAOYSA-N;1-butanol__2,2,4-trimethylpentane;0.14265;318.15;101.0;1125.6;0.5
331008;j.jct.2013.05.009;1-butanol;2,2,4-trimethylpentane;CCCCO;CC(C)CC(C)(C)C;107569-51-7;31921-36-5;InChIKey=LRHPLDYGYMQRHN-UHFFFAOYSA-N;InChIKey=NHTMVDHEPJAVLT-UHFFFAOYSA-N;1-butanol__2,2,4-trimethylpentane;0.07555;318.15;101.0;1146.9;0.5
331009;j.jct.2013.05.009;1-butanol;2,2,4-trimethylpentane;CCCCO;CC(C)CC(C)(C)C;107569-51-7;31921-36-5;InChIKey=LRHPLDYGYMQRHN-UHFFFAOYSA-N;InChIKey=NHTMVDHEPJAVLT-UHFFFAOYSA-N;1-butanol__2,2,4-trimethylpentane;0.03101;318.15;101.0;1162.1;0.5
331010;j.jct.2013.05.009;1-butanol;2,2,4-trimethylpentane;CCCCO;CC(C)CC(C)(C)C;107569-51-7;31921-36-5;InChIKey=LRHPLDYGYMQRHN-UHFFFAOYSA-N;InChIKey=NHTMVDHEPJAVLT-UHFFFAOYSA-N;1-butanol__2,2,4-trimethylpentane;0.0;318.15;101.0;1173.4;0.5
331011;j.jct.2013.05.009;1-butanol;2,2,4-trimethylpentane;CCCCO;CC(C)CC(C)(C)C;107569-51-7;31921-36-5;InChIKey=LRHPLDYGYMQRHN-UHFFFAOYSA-N;InChIKey=NHTMVDHEPJAVLT-UHFFFAOYSA-N;1-butanol__2,2,4-trimethylpentane;1.0;328.15;101.0;959.4;0.5
331012;j.jct.2013.05.009;1-butanol;2,2,4-trimethylpentane;CCCCO;CC(C)CC(C)(C)C;107569-51-7;31921-36-5;InChIKey=LRHPLDYGYMQRHN-UHFFFAOYSA-N;InChIKey=NHTMVDHEPJAVLT-UHFFFAOYSA-N;1-butanol__2,2,4-trimethylpentane;0.98101;328.15;101.0;959.7;0.5
331013;j.jct.2013.05.009;1-butanol;2,2,4-trimethylpentane;CCCCO;CC(C)CC(C)(C)C;107569-51-7;31921-36-5;InChIKey=LRHPLDYGYMQRHN-UHFFFAOYSA-N;InChIKey=NHTMVDHEPJAVLT-UHFFFAOYSA-N;1-butanol__2,2,4-trimethylpentane;0.96192;328.15;101.0;959.7;0.5
331014;j.jct.2013.05.009;1-butanol;2,2,4-trimethylpentane;CCCCO;CC(C)CC(C)(C)C;107569-51-7;31921-36-5;InChIKey=LRHPLDYGYMQRHN-UHFFFAOYSA-N;InChIKey=NHTMVDHEPJAVLT-UHFFFAOYSA-N;1-butanol__2,2,4-trimethylpentane;0.94221;328.15;101.0;960.2;0.5
331015;j.jct.2013.05.009;1-butanol;2,2,4-trimethylpentane;CCCCO;CC(C)CC(C)(C)C;107569-51-7;31921-36-5;InChIKey=LRHPLDYGYMQRHN-UHFFFAOYSA-N;InChIKey=NHTMVDHEPJAVLT-UHFFFAOYSA-N;1-butanol__2,2,4-trimethylpentane;0.90776;328.15;101.0;961.8;0.5
331016;j.jct.2013.05.009;1-butanol;2,2,4-trimethylpentane;CCCCO;CC(C)CC(C)(C)C;107569-51-7;31921-36-5;InChIKey=LRHPLDYGYMQRHN-UHFFFAOYSA-N;InChIKey=NHTMVDHEPJAVLT-UHFFFAOYSA-N;1-butanol__2,2,4-trimethylpentane;0.86827;328.15;101.0;964.3;0.5
331017;j.jct.2013.05.009;1-butanol;2,2,4-trimethylpentane;CCCCO;CC(C)CC(C)(C)C;107569-51-7;31921-36-5;InChIKey=LRHPLDYGYMQRHN-UHFFFAOYSA-N;InChIKey=NHTMVDHEPJAVLT-UHFFFAOYSA-N;1-butanol__2,2,4-trimethylpentane;0.80947;328.15;101.0;968.8;0.5
331018;j.jct.2013.05.009;1-butanol;2,2,4-trimethylpentane;CCCCO;CC(C)CC(C)(C)C;107569-51-7;31921-36-5;InChIKey=LRHPLDYGYMQRHN-UHFFFAOYSA-N;InChIKey=NHTMVDHEPJAVLT-UHFFFAOYSA-N;1-butanol__2,2,4-trimethylpentane;0.74202;328.15;101.0;974.8;0.5
331019;j.jct.2013.05.009;1-butanol;2,2,4-trimethylpentane;CCCCO;CC(C)CC(C)(C)C;107569-51-7;31921-36-5;InChIKey=LRHPLDYGYMQRHN-UHFFFAOYSA-N;InChIKey=NHTMVDHEPJAVLT-UHFFFAOYSA-N;1-butanol__2,2,4-trimethylpentane;0.67875;328.15;101.0;981.6;0.5
331020;j.jct.2013.05.009;1-butanol;2,2,4-trimethylpentane;CCCCO;CC(C)CC(C)(C)C;107569-51-7;31921-36-5;InChIKey=LRHPLDYGYMQRHN-UHFFFAOYSA-N;InChIKey=NHTMVDHEPJAVLT-UHFFFAOYSA-N;1-butanol__2,2,4-trimethylpentane;0.60674;328.15;101.0;990.4;0.5
331021;j.jct.2013.05.009;1-butanol;2,2,4-trimethylpentane;CCCCO;CC(C)CC(C)(C)C;107569-51-7;31921-36-5;InChIKey=LRHPLDYGYMQRHN-UHFFFAOYSA-N;InChIKey=NHTMVDHEPJAVLT-UHFFFAOYSA-N;1-butanol__2,2,4-trimethylpentane;0.54579;328.15;101.0;999.2;0.5
331022;j.jct.2013.05.009;1-butanol;2,2,4-trimethylpentane;CCCCO;CC(C)CC(C)(C)C;107569-51-7;31921-36-5;InChIKey=LRHPLDYGYMQRHN-UHFFFAOYSA-N;InChIKey=NHTMVDHEPJAVLT-UHFFFAOYSA-N;1-butanol__2,2,4-trimethylpentane;0.45532;328.15;101.0;1014.1;0.5
331023;j.jct.2013.05.009;1-butanol;2,2,4-trimethylpentane;CCCCO;CC(C)CC(C)(C)C;107569-51-7;31921-36-5;InChIKey=LRHPLDYGYMQRHN-UHFFFAOYSA-N;InChIKey=NHTMVDHEPJAVLT-UHFFFAOYSA-N;1-butanol__2,2,4-trimethylpentane;0.39323;328.15;101.0;1025.9;0.5
331024;j.jct.2013.05.009;1-butanol;2,2,4-trimethylpentane;CCCCO;CC(C)CC(C)(C)C;107569-51-7;31921-36-5;InChIKey=LRHPLDYGYMQRHN-UHFFFAOYSA-N;InChIKey=NHTMVDHEPJAVLT-UHFFFAOYSA-N;1-butanol__2,2,4-trimethylpentane;0.31756;328.15;101.0;1042.5;0.5
331025;j.jct.2013.05.009;1-butanol;2,2,4-trimethylpentane;CCCCO;CC(C)CC(C)(C)C;107569-51-7;31921-36-5;InChIKey=LRHPLDYGYMQRHN-UHFFFAOYSA-N;InChIKey=NHTMVDHEPJAVLT-UHFFFAOYSA-N;1-butanol__2,2,4-trimethylpentane;0.2621;328.15;101.0;1056.1;0.5
331026;j.jct.2013.05.009;1-butanol;2,2,4-trimethylpentane;CCCCO;CC(C)CC(C)(C)C;107569-51-7;31921-36-5;InChIKey=LRHPLDYGYMQRHN-UHFFFAOYSA-N;InChIKey=NHTMVDHEPJAVLT-UHFFFAOYSA-N;1-butanol__2,2,4-trimethylpentane;0.2049;328.15;101.0;1071.7;0.5
331027;j.jct.2013.05.009;1-butanol;2,2,4-trimethylpentane;CCCCO;CC(C)CC(C)(C)C;107569-51-7;31921-36-5;InChIKey=LRHPLDYGYMQRHN-UHFFFAOYSA-N;InChIKey=NHTMVDHEPJAVLT-UHFFFAOYSA-N;1-butanol__2,2,4-trimethylpentane;0.14265;328.15;101.0;1090.3;0.5
331028;j.jct.2013.05.009;1-butanol;2,2,4-trimethylpentane;CCCCO;CC(C)CC(C)(C)C;107569-51-7;31921-36-5;InChIKey=LRHPLDYGYMQRHN-UHFFFAOYSA-N;InChIKey=NHTMVDHEPJAVLT-UHFFFAOYSA-N;1-butanol__2,2,4-trimethylpentane;0.07555;328.15;101.0;1112.6;0.5
331029;j.jct.2013.05.009;1-butanol;2,2,4-trimethylpentane;CCCCO;CC(C)CC(C)(C)C;107569-51-7;31921-36-5;InChIKey=LRHPLDYGYMQRHN-UHFFFAOYSA-N;InChIKey=NHTMVDHEPJAVLT-UHFFFAOYSA-N;1-butanol__2,2,4-trimethylpentane;0.03101;328.15;101.0;1128.6;0.5
331030;j.jct.2013.05.009;1-butanol;2,2,4-trimethylpentane;CCCCO;CC(C)CC(C)(C)C;107569-51-7;31921-36-5;InChIKey=LRHPLDYGYMQRHN-UHFFFAOYSA-N;InChIKey=NHTMVDHEPJAVLT-UHFFFAOYSA-N;1-butanol__2,2,4-trimethylpentane;0.0;328.15;101.0;1140.4;0.5
452685;j.jct.2015.06.009;1-butanol;methyl tert-butyl ether;CCCCO;COC(C)(C)C;107569-51-7;1634-04-4;InChIKey=LRHPLDYGYMQRHN-UHFFFAOYSA-N;InChIKey=BZLVMXJERCGZMT-UHFFFAOYSA-N;1-butanol__methyl tert-butyl ether;1.0;298.15;101.0;1036.36;0.5
452686;j.jct.2015.06.009;1-butanol;methyl tert-butyl ether;CCCCO;COC(C)(C)C;107569-51-7;1634-04-4;InChIKey=LRHPLDYGYMQRHN-UHFFFAOYSA-N;InChIKey=BZLVMXJERCGZMT-UHFFFAOYSA-N;1-butanol__methyl tert-butyl ether;0.9367;298.15;101.0;1050.64;0.5
452687;j.jct.2015.06.009;1-butanol;methyl tert-butyl ether;CCCCO;COC(C)(C)C;107569-51-7;1634-04-4;InChIKey=LRHPLDYGYMQRHN-UHFFFAOYSA-N;InChIKey=BZLVMXJERCGZMT-UHFFFAOYSA-N;1-butanol__methyl tert-butyl ether;0.87553;298.15;101.0;1063.64;0.5
452688;j.jct.2015.06.009;1-butanol;methyl tert-butyl ether;CCCCO;COC(C)(C)C;107569-51-7;1634-04-4;InChIKey=LRHPLDYGYMQRHN-UHFFFAOYSA-N;InChIKey=BZLVMXJERCGZMT-UHFFFAOYSA-N;1-butanol__methyl tert-butyl ether;0.79526;298.15;101.0;1079.53;0.5
452689;j.jct.2015.06.009;1-butanol;methyl tert-butyl ether;CCCCO;COC(C)(C)C;107569-51-7;1634-04-4;InChIKey=LRHPLDYGYMQRHN-UHFFFAOYSA-N;InChIKey=BZLVMXJERCGZMT-UHFFFAOYSA-N;1-butanol__methyl tert-butyl ether;0.73469;298.15;101.0;1091.27;0.5
452690;j.jct.2015.06.009;1-butanol;methyl tert-butyl ether;CCCCO;COC(C)(C)C;107569-51-7;1634-04-4;InChIKey=LRHPLDYGYMQRHN-UHFFFAOYSA-N;InChIKey=BZLVMXJERCGZMT-UHFFFAOYSA-N;1-butanol__methyl tert-butyl ether;0.6708;298.15;101.0;1103.53;0.5
452691;j.jct.2015.06.009;1-butanol;methyl tert-butyl ether;CCCCO;COC(C)(C)C;107569-51-7;1634-04-4;InChIKey=LRHPLDYGYMQRHN-UHFFFAOYSA-N;InChIKey=BZLVMXJERCGZMT-UHFFFAOYSA-N;1-butanol__methyl tert-butyl ether;0.60012;298.15;101.0;1117.3;0.5
452692;j.jct.2015.06.009;1-butanol;methyl tert-butyl ether;CCCCO;COC(C)(C)C;107569-51-7;1634-04-4;InChIKey=LRHPLDYGYMQRHN-UHFFFAOYSA-N;InChIKey=BZLVMXJERCGZMT-UHFFFAOYSA-N;1-butanol__methyl tert-butyl ether;0.54509;298.15;101.0;1128.27;0.5
452693;j.jct.2015.06.009;1-butanol;methyl tert-butyl ether;CCCCO;COC(C)(C)C;107569-51-7;1634-04-4;InChIKey=LRHPLDYGYMQRHN-UHFFFAOYSA-N;InChIKey=BZLVMXJERCGZMT-UHFFFAOYSA-N;1-butanol__methyl tert-butyl ether;0.46519;298.15;101.0;1144.35;0.5
452694;j.jct.2015.06.009;1-butanol;methyl tert-butyl ether;CCCCO;COC(C)(C)C;107569-51-7;1634-04-4;InChIKey=LRHPLDYGYMQRHN-UHFFFAOYSA-N;InChIKey=BZLVMXJERCGZMT-UHFFFAOYSA-N;1-butanol__methyl tert-butyl ether;0.39158;298.15;101.0;1159.35;0.5
452695;j.jct.2015.06.009;1-butanol;methyl tert-butyl ether;CCCCO;COC(C)(C)C;107569-51-7;1634-04-4;InChIKey=LRHPLDYGYMQRHN-UHFFFAOYSA-N;InChIKey=BZLVMXJERCGZMT-UHFFFAOYSA-N;1-butanol__methyl tert-butyl ether;0.34009;298.15;101.0;1170.28;0.5
452696;j.jct.2015.06.009;1-butanol;methyl tert-butyl ether;CCCCO;COC(C)(C)C;107569-51-7;1634-04-4;InChIKey=LRHPLDYGYMQRHN-UHFFFAOYSA-N;InChIKey=BZLVMXJERCGZMT-UHFFFAOYSA-N;1-butanol__methyl tert-butyl ether;0.26466;298.15;101.0;1185.73;0.5
452697;j.jct.2015.06.009;1-butanol;methyl tert-butyl ether;CCCCO;COC(C)(C)C;107569-51-7;1634-04-4;InChIKey=LRHPLDYGYMQRHN-UHFFFAOYSA-N;InChIKey=BZLVMXJERCGZMT-UHFFFAOYSA-N;1-butanol__methyl tert-butyl ether;0.19301;298.15;101.0;1200.68;0.5
452698;j.jct.2015.06.009;1-butanol;methyl tert-butyl ether;CCCCO;COC(C)(C)C;107569-51-7;1634-04-4;InChIKey=LRHPLDYGYMQRHN-UHFFFAOYSA-N;InChIKey=BZLVMXJERCGZMT-UHFFFAOYSA-N;1-butanol__methyl tert-butyl ether;0.13153;298.15;101.0;1213.63;0.5
452699;j.jct.2015.06.009;1-butanol;methyl tert-butyl ether;CCCCO;COC(C)(C)C;107569-51-7;1634-04-4;InChIKey=LRHPLDYGYMQRHN-UHFFFAOYSA-N;InChIKey=BZLVMXJERCGZMT-UHFFFAOYSA-N;1-butanol__methyl tert-butyl ether;0.06569;298.15;101.0;1227.03;0.5
452700;j.jct.2015.06.009;1-butanol;methyl tert-butyl ether;CCCCO;COC(C)(C)C;107569-51-7;1634-04-4;InChIKey=LRHPLDYGYMQRHN-UHFFFAOYSA-N;InChIKey=BZLVMXJERCGZMT-UHFFFAOYSA-N;1-butanol__methyl tert-butyl ether;0.03132;298.15;101.0;1233.87;0.5
452701;j.jct.2015.06.009;1-butanol;methyl tert-butyl ether;CCCCO;COC(C)(C)C;107569-51-7;1634-04-4;InChIKey=LRHPLDYGYMQRHN-UHFFFAOYSA-N;InChIKey=BZLVMXJERCGZMT-UHFFFAOYSA-N;1-butanol__methyl tert-butyl ether;0.0;298.15;101.0;1240.02;0.5
452702;j.jct.2015.06.009;1-butanol;methyl tert-butyl ether;CCCCO;COC(C)(C)C;107569-51-7;1634-04-4;InChIKey=LRHPLDYGYMQRHN-UHFFFAOYSA-N;InChIKey=BZLVMXJERCGZMT-UHFFFAOYSA-N;1-butanol__methyl tert-butyl ether;1.0;308.15;101.0;990.57;0.5
452703;j.jct.2015.06.009;1-butanol;methyl tert-butyl ether;CCCCO;COC(C)(C)C;107569-51-7;1634-04-4;InChIKey=LRHPLDYGYMQRHN-UHFFFAOYSA-N;InChIKey=BZLVMXJERCGZMT-UHFFFAOYSA-N;1-butanol__methyl tert-butyl ether;0.9367;308.15;101.0;1005.42;0.5
452704;j.jct.2015.06.009;1-butanol;methyl tert-butyl ether;CCCCO;COC(C)(C)C;107569-51-7;1634-04-4;InChIKey=LRHPLDYGYMQRHN-UHFFFAOYSA-N;InChIKey=BZLVMXJERCGZMT-UHFFFAOYSA-N;1-butanol__methyl tert-butyl ether;0.87553;308.15;101.0;1019.05;0.5
452705;j.jct.2015.06.009;1-butanol;methyl tert-butyl ether;CCCCO;COC(C)(C)C;107569-51-7;1634-04-4;InChIKey=LRHPLDYGYMQRHN-UHFFFAOYSA-N;InChIKey=BZLVMXJERCGZMT-UHFFFAOYSA-N;1-butanol__methyl tert-butyl ether;0.79526;308.15;101.0;1036.04;0.5
452706;j.jct.2015.06.009;1-butanol;methyl tert-butyl ether;CCCCO;COC(C)(C)C;107569-51-7;1634-04-4;InChIKey=LRHPLDYGYMQRHN-UHFFFAOYSA-N;InChIKey=BZLVMXJERCGZMT-UHFFFAOYSA-N;1-butanol__methyl tert-butyl ether;0.73469;308.15;101.0;1048.42;0.5
452707;j.jct.2015.06.009;1-butanol;methyl tert-butyl ether;CCCCO;COC(C)(C)C;107569-51-7;1634-04-4;InChIKey=LRHPLDYGYMQRHN-UHFFFAOYSA-N;InChIKey=BZLVMXJERCGZMT-UHFFFAOYSA-N;1-butanol__methyl tert-butyl ether;0.6708;308.15;101.0;1061.45;0.5
452708;j.jct.2015.06.009;1-butanol;methyl tert-butyl ether;CCCCO;COC(C)(C)C;107569-51-7;1634-04-4;InChIKey=LRHPLDYGYMQRHN-UHFFFAOYSA-N;InChIKey=BZLVMXJERCGZMT-UHFFFAOYSA-N;1-butanol__methyl tert-butyl ether;0.60012;308.15;101.0;1076.09;0.5
452709;j.jct.2015.06.009;1-butanol;methyl tert-butyl ether;CCCCO;COC(C)(C)C;107569-51-7;1634-04-4;InChIKey=LRHPLDYGYMQRHN-UHFFFAOYSA-N;InChIKey=BZLVMXJERCGZMT-UHFFFAOYSA-N;1-butanol__methyl tert-butyl ether;0.54509;308.15;101.0;1087.4;0.5
452710;j.jct.2015.06.009;1-butanol;methyl tert-butyl ether;CCCCO;COC(C)(C)C;107569-51-7;1634-04-4;InChIKey=LRHPLDYGYMQRHN-UHFFFAOYSA-N;InChIKey=BZLVMXJERCGZMT-UHFFFAOYSA-N;1-butanol__methyl tert-butyl ether;0.46519;308.15;101.0;1104.62;0.5
452711;j.jct.2015.06.009;1-butanol;methyl tert-butyl ether;CCCCO;COC(C)(C)C;107569-51-7;1634-04-4;InChIKey=LRHPLDYGYMQRHN-UHFFFAOYSA-N;InChIKey=BZLVMXJERCGZMT-UHFFFAOYSA-N;1-butanol__methyl tert-butyl ether;0.39158;308.15;101.0;1120.54;0.5
452712;j.jct.2015.06.009;1-butanol;methyl tert-butyl ether;CCCCO;COC(C)(C)C;107569-51-7;1634-04-4;InChIKey=LRHPLDYGYMQRHN-UHFFFAOYSA-N;InChIKey=BZLVMXJERCGZMT-UHFFFAOYSA-N;1-butanol__methyl tert-butyl ether;0.34009;308.15;101.0;1131.88;0.5
452713;j.jct.2015.06.009;1-butanol;methyl tert-butyl ether;CCCCO;COC(C)(C)C;107569-51-7;1634-04-4;InChIKey=LRHPLDYGYMQRHN-UHFFFAOYSA-N;InChIKey=BZLVMXJERCGZMT-UHFFFAOYSA-N;1-butanol__methyl tert-butyl ether;0.26466;308.15;101.0;1148.58;0.5
452714;j.jct.2015.06.009;1-butanol;methyl tert-butyl ether;CCCCO;COC(C)(C)C;107569-51-7;1634-04-4;InChIKey=LRHPLDYGYMQRHN-UHFFFAOYSA-N;InChIKey=BZLVMXJERCGZMT-UHFFFAOYSA-N;1-butanol__methyl tert-butyl ether;0.19301;308.15;101.0;1164.51;0.5
452715;j.jct.2015.06.009;1-butanol;methyl tert-butyl ether;CCCCO;COC(C)(C)C;107569-51-7;1634-04-4;InChIKey=LRHPLDYGYMQRHN-UHFFFAOYSA-N;InChIKey=BZLVMXJERCGZMT-UHFFFAOYSA-N;1-butanol__methyl tert-butyl ether;0.13153;308.15;101.0;1178.39;0.5
452716;j.jct.2015.06.009;1-butanol;methyl tert-butyl ether;CCCCO;COC(C)(C)C;107569-51-7;1634-04-4;InChIKey=LRHPLDYGYMQRHN-UHFFFAOYSA-N;InChIKey=BZLVMXJERCGZMT-UHFFFAOYSA-N;1-butanol__methyl tert-butyl ether;0.06569;308.15;101.0;1192.65;0.5
452717;j.jct.2015.06.009;1-butanol;methyl tert-butyl ether;CCCCO;COC(C)(C)C;107569-51-7;1634-04-4;InChIKey=LRHPLDYGYMQRHN-UHFFFAOYSA-N;InChIKey=BZLVMXJERCGZMT-UHFFFAOYSA-N;1-butanol__methyl tert-butyl ether;0.03132;308.15;101.0;1199.98;0.5
452718;j.jct.2015.06.009;1-butanol;methyl tert-butyl ether;CCCCO;COC(C)(C)C;107569-51-7;1634-04-4;InChIKey=LRHPLDYGYMQRHN-UHFFFAOYSA-N;InChIKey=BZLVMXJERCGZMT-UHFFFAOYSA-N;1-butanol__methyl tert-butyl ether;0.0;308.15;101.0;1206.63;0.5
452719;j.jct.2015.06.009;1-butanol;methyl tert-butyl ether;CCCCO;COC(C)(C)C;107569-51-7;1634-04-4;InChIKey=LRHPLDYGYMQRHN-UHFFFAOYSA-N;InChIKey=BZLVMXJERCGZMT-UHFFFAOYSA-N;1-butanol__methyl tert-butyl ether;1.0;318.15;101.0;944.94;0.5
452720;j.jct.2015.06.009;1-butanol;methyl tert-butyl ether;CCCCO;COC(C)(C)C;107569-51-7;1634-04-4;InChIKey=LRHPLDYGYMQRHN-UHFFFAOYSA-N;InChIKey=BZLVMXJERCGZMT-UHFFFAOYSA-N;1-butanol__methyl tert-butyl ether;0.9367;318.15;101.0;960.39;0.5
452721;j.jct.2015.06.009;1-butanol;methyl tert-butyl ether;CCCCO;COC(C)(C)C;107569-51-7;1634-04-4;InChIKey=LRHPLDYGYMQRHN-UHFFFAOYSA-N;InChIKey=BZLVMXJERCGZMT-UHFFFAOYSA-N;1-butanol__methyl tert-butyl ether;0.87553;318.15;101.0;974.75;0.5
452722;j.jct.2015.06.009;1-butanol;methyl tert-butyl ether;CCCCO;COC(C)(C)C;107569-51-7;1634-04-4;InChIKey=LRHPLDYGYMQRHN-UHFFFAOYSA-N;InChIKey=BZLVMXJERCGZMT-UHFFFAOYSA-N;1-butanol__methyl tert-butyl ether;0.79526;318.15;101.0;992.74;0.5
452723;j.jct.2015.06.009;1-butanol;methyl tert-butyl ether;CCCCO;COC(C)(C)C;107569-51-7;1634-04-4;InChIKey=LRHPLDYGYMQRHN-UHFFFAOYSA-N;InChIKey=BZLVMXJERCGZMT-UHFFFAOYSA-N;1-butanol__methyl tert-butyl ether;0.73469;318.15;101.0;1005.68;0.5
452724;j.jct.2015.06.009;1-butanol;methyl tert-butyl ether;CCCCO;COC(C)(C)C;107569-51-7;1634-04-4;InChIKey=LRHPLDYGYMQRHN-UHFFFAOYSA-N;InChIKey=BZLVMXJERCGZMT-UHFFFAOYSA-N;1-butanol__methyl tert-butyl ether;0.6708;318.15;101.0;1019.51;0.5
452725;j.jct.2015.06.009;1-butanol;methyl tert-butyl ether;CCCCO;COC(C)(C)C;107569-51-7;1634-04-4;InChIKey=LRHPLDYGYMQRHN-UHFFFAOYSA-N;InChIKey=BZLVMXJERCGZMT-UHFFFAOYSA-N;1-butanol__methyl tert-butyl ether;0.60012;318.15;101.0;1034.93;0.5
452726;j.jct.2015.06.009;1-butanol;methyl tert-butyl ether;CCCCO;COC(C)(C)C;107569-51-7;1634-04-4;InChIKey=LRHPLDYGYMQRHN-UHFFFAOYSA-N;InChIKey=BZLVMXJERCGZMT-UHFFFAOYSA-N;1-butanol__methyl tert-butyl ether;0.54509;318.15;101.0;1047.16;0.5
452727;j.jct.2015.06.009;1-butanol;methyl tert-butyl ether;CCCCO;COC(C)(C)C;107569-51-7;1634-04-4;InChIKey=LRHPLDYGYMQRHN-UHFFFAOYSA-N;InChIKey=BZLVMXJERCGZMT-UHFFFAOYSA-N;1-butanol__methyl tert-butyl ether;0.46519;318.15;101.0;1065.25;0.5
452728;j.jct.2015.06.009;1-butanol;methyl tert-butyl ether;CCCCO;COC(C)(C)C;107569-51-7;1634-04-4;InChIKey=LRHPLDYGYMQRHN-UHFFFAOYSA-N;InChIKey=BZLVMXJERCGZMT-UHFFFAOYSA-N;1-butanol__methyl tert-butyl ether;0.39158;318.15;101.0;1081.97;0.5
452729;j.jct.2015.06.009;1-butanol;methyl tert-butyl ether;CCCCO;COC(C)(C)C;107569-51-7;1634-04-4;InChIKey=LRHPLDYGYMQRHN-UHFFFAOYSA-N;InChIKey=BZLVMXJERCGZMT-UHFFFAOYSA-N;1-butanol__methyl tert-butyl ether;0.34009;318.15;101.0;1094.05;0.5
452730;j.jct.2015.06.009;1-butanol;methyl tert-butyl ether;CCCCO;COC(C)(C)C;107569-51-7;1634-04-4;InChIKey=LRHPLDYGYMQRHN-UHFFFAOYSA-N;InChIKey=BZLVMXJERCGZMT-UHFFFAOYSA-N;1-butanol__methyl tert-butyl ether;0.26466;318.15;101.0;1111.66;0.5
452731;j.jct.2015.06.009;1-butanol;methyl tert-butyl ether;CCCCO;COC(C)(C)C;107569-51-7;1634-04-4;InChIKey=LRHPLDYGYMQRHN-UHFFFAOYSA-N;InChIKey=BZLVMXJERCGZMT-UHFFFAOYSA-N;1-butanol__methyl tert-butyl ether;0.19301;318.15;101.0;1128.46;0.5
452732;j.jct.2015.06.009;1-butanol;methyl tert-butyl ether;CCCCO;COC(C)(C)C;107569-51-7;1634-04-4;InChIKey=LRHPLDYGYMQRHN-UHFFFAOYSA-N;InChIKey=BZLVMXJERCGZMT-UHFFFAOYSA-N;1-butanol__methyl tert-butyl ether;0.13153;318.15;101.0;1143.03;0.5
452733;j.jct.2015.06.009;1-butanol;methyl tert-butyl ether;CCCCO;COC(C)(C)C;107569-51-7;1634-04-4;InChIKey=LRHPLDYGYMQRHN-UHFFFAOYSA-N;InChIKey=BZLVMXJERCGZMT-UHFFFAOYSA-N;1-butanol__methyl tert-butyl ether;0.06569;318.15;101.0;1158.43;0.5
452734;j.jct.2015.06.009;1-butanol;methyl tert-butyl ether;CCCCO;COC(C)(C)C;107569-51-7;1634-04-4;InChIKey=LRHPLDYGYMQRHN-UHFFFAOYSA-N;InChIKey=BZLVMXJERCGZMT-UHFFFAOYSA-N;1-butanol__methyl tert-butyl ether;0.03132;318.15;101.0;1166.28;0.5
452735;j.jct.2015.06.009;1-butanol;methyl tert-butyl ether;CCCCO;COC(C)(C)C;107569-51-7;1634-04-4;InChIKey=LRHPLDYGYMQRHN-UHFFFAOYSA-N;InChIKey=BZLVMXJERCGZMT-UHFFFAOYSA-N;1-butanol__methyl tert-butyl ether;0.0;318.15;101.0;1173.37;0.5
452736;j.jct.2015.06.009;1-butanol;methyl tert-butyl ether;CCCCO;COC(C)(C)C;107569-51-7;1634-04-4;InChIKey=LRHPLDYGYMQRHN-UHFFFAOYSA-N;InChIKey=BZLVMXJERCGZMT-UHFFFAOYSA-N;1-butanol__methyl tert-butyl ether;0.9367;328.15;101.0;917.28;0.5
452737;j.jct.2015.06.009;1-butanol;methyl tert-butyl ether;CCCCO;COC(C)(C)C;107569-51-7;1634-04-4;InChIKey=LRHPLDYGYMQRHN-UHFFFAOYSA-N;InChIKey=BZLVMXJERCGZMT-UHFFFAOYSA-N;1-butanol__methyl tert-butyl ether;0.87553;328.15;101.0;932.29;0.5
452738;j.jct.2015.06.009;1-butanol;methyl tert-butyl ether;CCCCO;COC(C)(C)C;107569-51-7;1634-04-4;InChIKey=LRHPLDYGYMQRHN-UHFFFAOYSA-N;InChIKey=BZLVMXJERCGZMT-UHFFFAOYSA-N;1-butanol__methyl tert-butyl ether;0.73469;328.15;101.0;963.43;0.5
452739;j.jct.2015.06.009;1-butanol;methyl tert-butyl ether;CCCCO;COC(C)(C)C;107569-51-7;1634-04-4;InChIKey=LRHPLDYGYMQRHN-UHFFFAOYSA-N;InChIKey=BZLVMXJERCGZMT-UHFFFAOYSA-N;1-butanol__methyl tert-butyl ether;0.6708;328.15;101.0;978.48;0.5
452740;j.jct.2015.06.009;1-butanol;methyl tert-butyl ether;CCCCO;COC(C)(C)C;107569-51-7;1634-04-4;InChIKey=LRHPLDYGYMQRHN-UHFFFAOYSA-N;InChIKey=BZLVMXJERCGZMT-UHFFFAOYSA-N;1-butanol__methyl tert-butyl ether;0.60012;328.15;101.0;995.48;0.5
452741;j.jct.2015.06.009;1-butanol;methyl tert-butyl ether;CCCCO;COC(C)(C)C;107569-51-7;1634-04-4;InChIKey=LRHPLDYGYMQRHN-UHFFFAOYSA-N;InChIKey=BZLVMXJERCGZMT-UHFFFAOYSA-N;1-butanol__methyl tert-butyl ether;0.54509;328.15;101.0;1007.01;0.5
452742;j.jct.2015.06.009;1-butanol;methyl tert-butyl ether;CCCCO;COC(C)(C)C;107569-51-7;1634-04-4;InChIKey=LRHPLDYGYMQRHN-UHFFFAOYSA-N;InChIKey=BZLVMXJERCGZMT-UHFFFAOYSA-N;1-butanol__methyl tert-butyl ether;0.46519;328.15;101.0;1026.32;0.5
452743;j.jct.2015.06.009;1-butanol;methyl tert-butyl ether;CCCCO;COC(C)(C)C;107569-51-7;1634-04-4;InChIKey=LRHPLDYGYMQRHN-UHFFFAOYSA-N;InChIKey=BZLVMXJERCGZMT-UHFFFAOYSA-N;1-butanol__methyl tert-butyl ether;0.39158;328.15;101.0;1043.76;0.5
452744;j.jct.2015.06.009;1-butanol;methyl tert-butyl ether;CCCCO;COC(C)(C)C;107569-51-7;1634-04-4;InChIKey=LRHPLDYGYMQRHN-UHFFFAOYSA-N;InChIKey=BZLVMXJERCGZMT-UHFFFAOYSA-N;1-butanol__methyl tert-butyl ether;0.34009;328.15;101.0;1056.37;0.5
452745;j.jct.2015.06.009;1-butanol;methyl tert-butyl ether;CCCCO;COC(C)(C)C;107569-51-7;1634-04-4;InChIKey=LRHPLDYGYMQRHN-UHFFFAOYSA-N;InChIKey=BZLVMXJERCGZMT-UHFFFAOYSA-N;1-butanol__methyl tert-butyl ether;0.26466;328.15;101.0;1075.02;0.5
452746;j.jct.2015.06.009;1-butanol;methyl tert-butyl ether;CCCCO;COC(C)(C)C;107569-51-7;1634-04-4;InChIKey=LRHPLDYGYMQRHN-UHFFFAOYSA-N;InChIKey=BZLVMXJERCGZMT-UHFFFAOYSA-N;1-butanol__methyl tert-butyl ether;0.19301;328.15;101.0;1092.71;0.5
452747;j.jct.2015.06.009;1-butanol;methyl tert-butyl ether;CCCCO;COC(C)(C)C;107569-51-7;1634-04-4;InChIKey=LRHPLDYGYMQRHN-UHFFFAOYSA-N;InChIKey=BZLVMXJERCGZMT-UHFFFAOYSA-N;1-butanol__methyl tert-butyl ether;0.13153;328.15;101.0;1108.19;0.5
452748;j.jct.2015.06.009;1-butanol;methyl tert-butyl ether;CCCCO;COC(C)(C)C;107569-51-7;1634-04-4;InChIKey=LRHPLDYGYMQRHN-UHFFFAOYSA-N;InChIKey=BZLVMXJERCGZMT-UHFFFAOYSA-N;1-butanol__methyl tert-butyl ether;0.06569;328.15;101.0;1124.39;0.5
452749;j.jct.2015.06.009;1-butanol;methyl tert-butyl ether;CCCCO;COC(C)(C)C;107569-51-7;1634-04-4;InChIKey=LRHPLDYGYMQRHN-UHFFFAOYSA-N;InChIKey=BZLVMXJERCGZMT-UHFFFAOYSA-N;1-butanol__methyl tert-butyl ether;0.03132;328.15;101.0;1132.81;0.5
452750;j.jct.2015.06.009;1-butanol;methyl tert-butyl ether;CCCCO;COC(C)(C)C;107569-51-7;1634-04-4;InChIKey=LRHPLDYGYMQRHN-UHFFFAOYSA-N;InChIKey=BZLVMXJERCGZMT-UHFFFAOYSA-N;1-butanol__methyl tert-butyl ether;0.0;328.15;101.0;1140.42;0.5
933181;je0601098;ethanol;water;CCO;O;121182-78-3;14314-42-2;InChIKey=LFQSCWFLJHTTHZ-UHFFFAOYSA-N;InChIKey=XLYOFNOQVPJJNP-UHFFFAOYSA-N;ethanol__water;;298.15;101.0;1142.1;0.5
933182;je0601098;ethanol;water;CCO;O;121182-78-3;14314-42-2;InChIKey=LFQSCWFLJHTTHZ-UHFFFAOYSA-N;InChIKey=XLYOFNOQVPJJNP-UHFFFAOYSA-N;ethanol__water;;298.15;101.0;1144.6;0.5
933183;je0601098;ethanol;water;CCO;O;121182-78-3;14314-42-2;InChIKey=LFQSCWFLJHTTHZ-UHFFFAOYSA-N;InChIKey=XLYOFNOQVPJJNP-UHFFFAOYSA-N;ethanol__water;;298.15;101.0;1145.9;0.5
933184;je0601098;ethanol;water;CCO;O;121182-78-3;14314-42-2;InChIKey=LFQSCWFLJHTTHZ-UHFFFAOYSA-N;InChIKey=XLYOFNOQVPJJNP-UHFFFAOYSA-N;ethanol__water;;298.15;101.0;1146.8;0.5
933185;je0601098;ethanol;water;CCO;O;121182-78-3;14314-42-2;InChIKey=LFQSCWFLJHTTHZ-UHFFFAOYSA-N;InChIKey=XLYOFNOQVPJJNP-UHFFFAOYSA-N;ethanol__water;;298.15;101.0;1148.6;0.5
933186;je0601098;ethanol;water;CCO;O;121182-78-3;14314-42-2;InChIKey=LFQSCWFLJHTTHZ-UHFFFAOYSA-N;InChIKey=XLYOFNOQVPJJNP-UHFFFAOYSA-N;ethanol__water;;298.15;101.0;1151.0;0.5
933187;je0601098;ethanol;water;CCO;O;121182-78-3;14314-42-2;InChIKey=LFQSCWFLJHTTHZ-UHFFFAOYSA-N;InChIKey=XLYOFNOQVPJJNP-UHFFFAOYSA-N;ethanol__water;;298.15;101.0;1153.2;0.5
933188;je0601098;ethanol;water;CCO;O;121182-78-3;14314-42-2;InChIKey=LFQSCWFLJHTTHZ-UHFFFAOYSA-N;InChIKey=XLYOFNOQVPJJNP-UHFFFAOYSA-N;ethanol__water;;298.15;101.0;1154.8;0.5
933189;je0601098;ethanol;water;CCO;O;121182-78-3;14314-42-2;InChIKey=LFQSCWFLJHTTHZ-UHFFFAOYSA-N;InChIKey=XLYOFNOQVPJJNP-UHFFFAOYSA-N;ethanol__water;;298.15;101.0;1156.4;0.5
933190;je0601098;ethanol;water;CCO;O;121182-78-3;14314-42-2;InChIKey=LFQSCWFLJHTTHZ-UHFFFAOYSA-N;InChIKey=XLYOFNOQVPJJNP-UHFFFAOYSA-N;ethanol__water;;298.15;101.0;1157.7;0.5
933191;je0601098;ethanol;water;CCO;O;121182-78-3;14314-42-2;InChIKey=LFQSCWFLJHTTHZ-UHFFFAOYSA-N;InChIKey=XLYOFNOQVPJJNP-UHFFFAOYSA-N;ethanol__water;;298.15;101.0;1159.5;0.5
933192;je0601098;ethanol;water;CCO;O;121182-78-3;14314-42-2;InChIKey=LFQSCWFLJHTTHZ-UHFFFAOYSA-N;InChIKey=XLYOFNOQVPJJNP-UHFFFAOYSA-N;ethanol__water;;298.15;101.0;1160.1;0.5
933228;je0601098;1-butanol;water;CCCCO;O;107569-51-7;14314-42-2;InChIKey=LRHPLDYGYMQRHN-UHFFFAOYSA-N;InChIKey=XLYOFNOQVPJJNP-UHFFFAOYSA-N;1-butanol__water;;298.15;101.0;1241.6;0.5
933229;je0601098;1-butanol;water;CCCCO;O;107569-51-7;14314-42-2;InChIKey=LRHPLDYGYMQRHN-UHFFFAOYSA-N;InChIKey=XLYOFNOQVPJJNP-UHFFFAOYSA-N;1-butanol__water;;298.15;101.0;1242.9;0.5
933230;je0601098;1-butanol;water;CCCCO;O;107569-51-7;14314-42-2;InChIKey=LRHPLDYGYMQRHN-UHFFFAOYSA-N;InChIKey=XLYOFNOQVPJJNP-UHFFFAOYSA-N;1-butanol__water;;298.15;101.0;1243.3;0.5
933231;je0601098;1-butanol;water;CCCCO;O;107569-51-7;14314-42-2;InChIKey=LRHPLDYGYMQRHN-UHFFFAOYSA-N;InChIKey=XLYOFNOQVPJJNP-UHFFFAOYSA-N;1-butanol__water;;298.15;101.0;1243.2;0.5
933232;je0601098;1-butanol;water;CCCCO;O;107569-51-7;14314-42-2;InChIKey=LRHPLDYGYMQRHN-UHFFFAOYSA-N;InChIKey=XLYOFNOQVPJJNP-UHFFFAOYSA-N;1-butanol__water;;298.15;101.0;1243.6;0.5
933233;je0601098;1-butanol;water;CCCCO;O;107569-51-7;14314-42-2;InChIKey=LRHPLDYGYMQRHN-UHFFFAOYSA-N;InChIKey=XLYOFNOQVPJJNP-UHFFFAOYSA-N;1-butanol__water;;298.15;101.0;1244.5;0.5
933234;je0601098;1-butanol;water;CCCCO;O;107569-51-7;14314-42-2;InChIKey=LRHPLDYGYMQRHN-UHFFFAOYSA-N;InChIKey=XLYOFNOQVPJJNP-UHFFFAOYSA-N;1-butanol__water;;298.15;101.0;1246.2;0.5
933235;je0601098;1-butanol;water;CCCCO;O;107569-51-7;14314-42-2;InChIKey=LRHPLDYGYMQRHN-UHFFFAOYSA-N;InChIKey=XLYOFNOQVPJJNP-UHFFFAOYSA-N;1-butanol__water;;298.15;101.0;1247.0;0.5
933236;je0601098;1-butanol;water;CCCCO;O;107569-51-7;14314-42-2;InChIKey=LRHPLDYGYMQRHN-UHFFFAOYSA-N;InChIKey=XLYOFNOQVPJJNP-UHFFFAOYSA-N;1-butanol__water;;298.15;101.0;1248.0;0.5
933237;je0601098;1-butanol;water;CCCCO;O;107569-51-7;14314-42-2;InChIKey=LRHPLDYGYMQRHN-UHFFFAOYSA-N;InChIKey=XLYOFNOQVPJJNP-UHFFFAOYSA-N;1-butanol__water;;298.15;101.0;1248.8;0.5
933238;je0601098;1-butanol;water;CCCCO;O;107569-51-7;14314-42-2;InChIKey=LRHPLDYGYMQRHN-UHFFFAOYSA-N;InChIKey=XLYOFNOQVPJJNP-UHFFFAOYSA-N;1-butanol__water;;298.15;101.0;1249.7;0.5
933278;je0601098;tetrahydrofuran;water;C1CCOC1;O;77392-70-2;14314-42-2;InChIKey=WYURNTSHIVDZCO-UHFFFAOYSA-N;InChIKey=XLYOFNOQVPJJNP-UHFFFAOYSA-N;tetrahydrofuran__water;;298.15;101.0;1280.2;0.5
933279;je0601098;tetrahydrofuran;water;C1CCOC1;O;77392-70-2;14314-42-2;InChIKey=WYURNTSHIVDZCO-UHFFFAOYSA-N;InChIKey=XLYOFNOQVPJJNP-UHFFFAOYSA-N;tetrahydrofuran__water;;298.15;101.0;1281.2;0.5
933280;je0601098;tetrahydrofuran;water;C1CCOC1;O;77392-70-2;14314-42-2;InChIKey=WYURNTSHIVDZCO-UHFFFAOYSA-N;InChIKey=XLYOFNOQVPJJNP-UHFFFAOYSA-N;tetrahydrofuran__water;;298.15;101.0;1281.7;0.5
933281;je0601098;tetrahydrofuran;water;C1CCOC1;O;77392-70-2;14314-42-2;InChIKey=WYURNTSHIVDZCO-UHFFFAOYSA-N;InChIKey=XLYOFNOQVPJJNP-UHFFFAOYSA-N;tetrahydrofuran__water;;298.15;101.0;1282.0;0.5
933282;je0601098;tetrahydrofuran;water;C1CCOC1;O;77392-70-2;14314-42-2;InChIKey=WYURNTSHIVDZCO-UHFFFAOYSA-N;InChIKey=XLYOFNOQVPJJNP-UHFFFAOYSA-N;tetrahydrofuran__water;;298.15;101.0;1282.4;0.5
933283;je0601098;tetrahydrofuran;water;C1CCOC1;O;77392-70-2;14314-42-2;InChIKey=WYURNTSHIVDZCO-UHFFFAOYSA-N;InChIKey=XLYOFNOQVPJJNP-UHFFFAOYSA-N;tetrahydrofuran__water;;298.15;101.0;1282.9;0.5
933284;je0601098;tetrahydrofuran;water;C1CCOC1;O;77392-70-2;14314-42-2;InChIKey=WYURNTSHIVDZCO-UHFFFAOYSA-N;InChIKey=XLYOFNOQVPJJNP-UHFFFAOYSA-N;tetrahydrofuran__water;;298.15;101.0;1283.2;0.5
933285;je0601098;tetrahydrofuran;water;C1CCOC1;O;77392-70-2;14314-42-2;InChIKey=WYURNTSHIVDZCO-UHFFFAOYSA-N;InChIKey=XLYOFNOQVPJJNP-UHFFFAOYSA-N;tetrahydrofuran__water;;298.15;101.0;1283.9;0.5
933286;je0601098;tetrahydrofuran;water;C1CCOC1;O;77392-70-2;14314-42-2;InChIKey=WYURNTSHIVDZCO-UHFFFAOYSA-N;InChIKey=XLYOFNOQVPJJNP-UHFFFAOYSA-N;tetrahydrofuran__water;;298.15;101.0;1284.6;0.5
933287;je0601098;tetrahydrofuran;water;C1CCOC1;O;77392-70-2;14314-42-2;InChIKey=WYURNTSHIVDZCO-UHFFFAOYSA-N;InChIKey=XLYOFNOQVPJJNP-UHFFFAOYSA-N;tetrahydrofuran__water;;298.15;101.0;1285.1;0.5
933288;je0601098;tetrahydrofuran;water;C1CCOC1;O;77392-70-2;14314-42-2;InChIKey=WYURNTSHIVDZCO-UHFFFAOYSA-N;InChIKey=XLYOFNOQVPJJNP-UHFFFAOYSA-N;tetrahydrofuran__water;;298.15;101.0;1286.0;0.5
933289;je0601098;tetrahydrofuran;water;C1CCOC1;O;77392-70-2;14314-42-2;InChIKey=WYURNTSHIVDZCO-UHFFFAOYSA-N;InChIKey=XLYOFNOQVPJJNP-UHFFFAOYSA-N;tetrahydrofuran__water;;298.15;101.0;1287.0;0.5
933290;je0601098;tetrahydrofuran;water;C1CCOC1;O;77392-70-2;14314-42-2;InChIKey=WYURNTSHIVDZCO-UHFFFAOYSA-N;InChIKey=XLYOFNOQVPJJNP-UHFFFAOYSA-N;tetrahydrofuran__water;;298.15;101.0;1288.0;0.5
1539352;je900064e;ethanol;water;CCO;O;121182-78-3;14314-42-2;InChIKey=LFQSCWFLJHTTHZ-UHFFFAOYSA-N;InChIKey=XLYOFNOQVPJJNP-UHFFFAOYSA-N;ethanol__water;;288.15;101.0;1546.7;0.14
1539353;je900064e;ethanol;water;CCO;O;121182-78-3;14314-42-2;InChIKey=LFQSCWFLJHTTHZ-UHFFFAOYSA-N;InChIKey=XLYOFNOQVPJJNP-UHFFFAOYSA-N;ethanol__water;;293.15;101.0;1534.1;0.14
1539354;je900064e;ethanol;water;CCO;O;121182-78-3;14314-42-2;InChIKey=LFQSCWFLJHTTHZ-UHFFFAOYSA-N;InChIKey=XLYOFNOQVPJJNP-UHFFFAOYSA-N;ethanol__water;;298.15;101.0;1521.1;0.14
1539355;je900064e;ethanol;water;CCO;O;121182-78-3;14314-42-2;InChIKey=LFQSCWFLJHTTHZ-UHFFFAOYSA-N;InChIKey=XLYOFNOQVPJJNP-UHFFFAOYSA-N;ethanol__water;;303.15;101.0;1507.9;0.14
1539356;je900064e;ethanol;water;CCO;O;121182-78-3;14314-42-2;InChIKey=LFQSCWFLJHTTHZ-UHFFFAOYSA-N;InChIKey=XLYOFNOQVPJJNP-UHFFFAOYSA-N;ethanol__water;;308.15;101.0;1494.5;0.14
1539357;je900064e;ethanol;water;CCO;O;121182-78-3;14314-42-2;InChIKey=LFQSCWFLJHTTHZ-UHFFFAOYSA-N;InChIKey=XLYOFNOQVPJJNP-UHFFFAOYSA-N;ethanol__water;;313.15;101.0;1480.9;0.14
1539358;je900064e;ethanol;water;CCO;O;121182-78-3;14314-42-2;InChIKey=LFQSCWFLJHTTHZ-UHFFFAOYSA-N;InChIKey=XLYOFNOQVPJJNP-UHFFFAOYSA-N;ethanol__water;;318.15;101.0;1467.0;0.14
1539359;je900064e;ethanol;water;CCO;O;121182-78-3;14314-42-2;InChIKey=LFQSCWFLJHTTHZ-UHFFFAOYSA-N;InChIKey=XLYOFNOQVPJJNP-UHFFFAOYSA-N;ethanol__water;;323.15;101.0;1452.9;0.14
1662351;j.tca.2005.10.008;isopropyl ether;heptane;CC(C)OC(C)C;CCCCCCC;108-20-3;142-82-5;InChIKey=ZAFNJMIOTHYJRJ-UHFFFAOYSA-N;InChIKey=IMNFDUFMRHMDMM-UHFFFAOYSA-N;isopropyl ether__heptane;0.0;303.15;101.0;1110.5;1.66575
1662352;j.tca.2005.10.008;isopropyl ether;heptane;CC(C)OC(C)C;CCCCCCC;108-20-3;142-82-5;InChIKey=ZAFNJMIOTHYJRJ-UHFFFAOYSA-N;InChIKey=IMNFDUFMRHMDMM-UHFFFAOYSA-N;isopropyl ether__heptane;0.1462;303.15;101.0;1090.7;1.63605
1662353;j.tca.2005.10.008;isopropyl ether;heptane;CC(C)OC(C)C;CCCCCCC;108-20-3;142-82-5;InChIKey=ZAFNJMIOTHYJRJ-UHFFFAOYSA-N;InChIKey=IMNFDUFMRHMDMM-UHFFFAOYSA-N;isopropyl ether__heptane;0.2667;303.15;101.0;1072.8;1.6092
1662354;j.tca.2005.10.008;isopropyl ether;heptane;CC(C)OC(C)C;CCCCCCC;108-20-3;142-82-5;InChIKey=ZAFNJMIOTHYJRJ-UHFFFAOYSA-N;InChIKey=IMNFDUFMRHMDMM-UHFFFAOYSA-N;isopropyl ether__heptane;0.4165;303.15;101.0;1050.6;1.5759
1662355;j.tca.2005.10.008;isopropyl ether;heptane;CC(C)OC(C)C;CCCCCCC;108-20-3;142-82-5;InChIKey=ZAFNJMIOTHYJRJ-UHFFFAOYSA-N;InChIKey=IMNFDUFMRHMDMM-UHFFFAOYSA-N;isopropyl ether__heptane;0.4774;303.15;101.0;1041.8;1.5627
1662356;j.tca.2005.10.008;isopropyl ether;heptane;CC(C)OC(C)C;CCCCCCC;108-20-3;142-82-5;InChIKey=ZAFNJMIOTHYJRJ-UHFFFAOYSA-N;InChIKey=IMNFDUFMRHMDMM-UHFFFAOYSA-N;isopropyl ether__heptane;0.5331;303.15;101.0;1033.9;1.55085
1662357;j.tca.2005.10.008;isopropyl ether;heptane;CC(C)OC(C)C;CCCCCCC;108-20-3;142-82-5;InChIKey=ZAFNJMIOTHYJRJ-UHFFFAOYSA-N;InChIKey=IMNFDUFMRHMDMM-UHFFFAOYSA-N;isopropyl ether__heptane;0.6068;303.15;101.0;1023.9;1.53585
1662358;j.tca.2005.10.008;isopropyl ether;heptane;CC(C)OC(C)C;CCCCCCC;108-20-3;142-82-5;InChIKey=ZAFNJMIOTHYJRJ-UHFFFAOYSA-N;InChIKey=IMNFDUFMRHMDMM-UHFFFAOYSA-N;isopropyl ether__heptane;0.7371;303.15;101.0;1006.9;1.51035
1662359;j.tca.2005.10.008;isopropyl ether;heptane;CC(C)OC(C)C;CCCCCCC;108-20-3;142-82-5;InChIKey=ZAFNJMIOTHYJRJ-UHFFFAOYSA-N;InChIKey=IMNFDUFMRHMDMM-UHFFFAOYSA-N;isopropyl ether__heptane;0.8642;303.15;101.0;991.3;1.48695
1662360;j.tca.2005.10.008;isopropyl ether;heptane;CC(C)OC(C)C;CCCCCCC;108-20-3;142-82-5;InChIKey=ZAFNJMIOTHYJRJ-UHFFFAOYSA-N;InChIKey=IMNFDUFMRHMDMM-UHFFFAOYSA-N;isopropyl ether__heptane;1.0;303.15;101.0;974.9;1.46235
1662407;j.tca.2005.10.008;isopropyl ether;2,2,4-trimethylpentane;CC(C)OC(C)C;CC(C)CC(C)(C)C;108-20-3;31921-36-5;InChIKey=ZAFNJMIOTHYJRJ-UHFFFAOYSA-N;InChIKey=NHTMVDHEPJAVLT-UHFFFAOYSA-N;isopropyl ether__2,2,4-trimethylpentane;0.0;303.15;101.0;1060.8;1.5912
1662408;j.tca.2005.10.008;isopropyl ether;2,2,4-trimethylpentane;CC(C)OC(C)C;CC(C)CC(C)(C)C;108-20-3;31921-36-5;InChIKey=ZAFNJMIOTHYJRJ-UHFFFAOYSA-N;InChIKey=NHTMVDHEPJAVLT-UHFFFAOYSA-N;isopropyl ether__2,2,4-trimethylpentane;0.1561;303.15;101.0;1047.6;1.5714
1662409;j.tca.2005.10.008;isopropyl ether;2,2,4-trimethylpentane;CC(C)OC(C)C;CC(C)CC(C)(C)C;108-20-3;31921-36-5;InChIKey=ZAFNJMIOTHYJRJ-UHFFFAOYSA-N;InChIKey=NHTMVDHEPJAVLT-UHFFFAOYSA-N;isopropyl ether__2,2,4-trimethylpentane;0.2397;303.15;101.0;1040.4;1.5606
1662410;j.tca.2005.10.008;isopropyl ether;2,2,4-trimethylpentane;CC(C)OC(C)C;CC(C)CC(C)(C)C;108-20-3;31921-36-5;InChIKey=ZAFNJMIOTHYJRJ-UHFFFAOYSA-N;InChIKey=NHTMVDHEPJAVLT-UHFFFAOYSA-N;isopropyl ether__2,2,4-trimethylpentane;0.3083;303.15;101.0;1034.5;1.55175
1662411;j.tca.2005.10.008;isopropyl ether;2,2,4-trimethylpentane;CC(C)OC(C)C;CC(C)CC(C)(C)C;108-20-3;31921-36-5;InChIKey=ZAFNJMIOTHYJRJ-UHFFFAOYSA-N;InChIKey=NHTMVDHEPJAVLT-UHFFFAOYSA-N;isopropyl ether__2,2,4-trimethylpentane;0.4565;303.15;101.0;1022.6;1.5339
1662412;j.tca.2005.10.008;isopropyl ether;2,2,4-trimethylpentane;CC(C)OC(C)C;CC(C)CC(C)(C)C;108-20-3;31921-36-5;InChIKey=ZAFNJMIOTHYJRJ-UHFFFAOYSA-N;InChIKey=NHTMVDHEPJAVLT-UHFFFAOYSA-N;isopropyl ether__2,2,4-trimethylpentane;0.4804;303.15;101.0;1019.7;1.52955
1662413;j.tca.2005.10.008;isopropyl ether;2,2,4-trimethylpentane;CC(C)OC(C)C;CC(C)CC(C)(C)C;108-20-3;31921-36-5;InChIKey=ZAFNJMIOTHYJRJ-UHFFFAOYSA-N;InChIKey=NHTMVDHEPJAVLT-UHFFFAOYSA-N;isopropyl ether__2,2,4-trimethylpentane;0.6222;303.15;101.0;1007.5;1.51125
1662414;j.tca.2005.10.008;isopropyl ether;2,2,4-trimethylpentane;CC(C)OC(C)C;CC(C)CC(C)(C)C;108-20-3;31921-36-5;InChIKey=ZAFNJMIOTHYJRJ-UHFFFAOYSA-N;InChIKey=NHTMVDHEPJAVLT-UHFFFAOYSA-N;isopropyl ether__2,2,4-trimethylpentane;0.8133;303.15;101.0;991.1;1.48665
1662415;j.tca.2005.10.008;isopropyl ether;2,2,4-trimethylpentane;CC(C)OC(C)C;CC(C)CC(C)(C)C;108-20-3;31921-36-5;InChIKey=ZAFNJMIOTHYJRJ-UHFFFAOYSA-N;InChIKey=NHTMVDHEPJAVLT-UHFFFAOYSA-N;isopropyl ether__2,2,4-trimethylpentane;0.8775;303.15;101.0;985.6;1.4784
1662416;j.tca.2005.10.008;isopropyl ether;2,2,4-trimethylpentane;CC(C)OC(C)C;CC(C)CC(C)(C)C;108-20-3;31921-36-5;InChIKey=ZAFNJMIOTHYJRJ-UHFFFAOYSA-N;InChIKey=NHTMVDHEPJAVLT-UHFFFAOYSA-N;isopropyl ether__2,2,4-trimethylpentane;1.0;303.15;101.0;974.9;1.46235
